date,arrondissement,daily_countings,avg_temperature,precipitation,arrondissement_label,coverage_status
2024-12-01,1,2749,6.666666666666667,0.0,1e,Over-covered
2024-12-01,3,12614,6.666666666666667,0.0,3e,Under-covered
2024-12-01,4,7597,6.666666666666667,0.0,4e,Under-covered
2024-12-01,5,3407,6.666666666666667,0.0,5e,Under-covered
2024-12-01,7,9254,6.666666666666667,0.0,7e,Under-covered
2024-12-01,8,3360,6.666666666666667,0.0,8e,Under-covered
2024-12-01,10,6827,6.666666666666667,0.0,10e,Under-covered
2024-12-01,11,10626,6.666666666666667,0.0,11e,Under-covered
2024-12-01,12,9711,6.666666666666667,0.0,12e,Over-covered
2024-12-01,13,9852,6.666666666666667,0.0,13e,Over-covered
2024-12-01,14,4460,6.666666666666667,0.0,14e,Over-covered
2024-12-01,15,7047,6.666666666666667,0.0,15e,Over-covered
2024-12-01,17,1188,6.666666666666667,0.0,17e,Over-covered
2024-12-01,19,10050,6.666666666666667,0.0,19e,Under-covered
2024-12-01,20,2450,6.666666666666667,0.0,20e,Over-covered
2024-12-02,1,8231,10.066666666666666,2.0,1e,Over-covered
2024-12-02,3,22015,10.066666666666666,2.0,3e,Under-covered
2024-12-02,4,12279,10.066666666666666,2.0,4e,Under-covered
2024-12-02,5,6605,10.066666666666666,1.0,5e,Under-covered
2024-12-02,7,19313,10.066666666666666,3.5,7e,Under-covered
2024-12-02,8,8961,10.066666666666666,2.0,8e,Under-covered
2024-12-02,10,10715,10.066666666666666,1.0,10e,Under-covered
2024-12-02,11,19992,10.066666666666666,2.5,11e,Under-covered
2024-12-02,12,20475,10.066666666666666,8.0,12e,Over-covered
2024-12-02,13,22622,10.066666666666666,6.5,13e,Over-covered
2024-12-02,14,11495,10.066666666666666,4.5,14e,Over-covered
2024-12-02,15,16297,10.066666666666666,5.0,15e,Over-covered
2024-12-02,17,2972,10.066666666666666,1.5,17e,Over-covered
2024-12-02,19,17043,10.066666666666666,4.0,19e,Under-covered
2024-12-02,20,4843,10.066666666666666,2.5,20e,Over-covered
2024-12-03,1,8789,5.6000000000000005,4.0,1e,Over-covered
2024-12-03,3,23413,5.6000000000000005,4.0,3e,Under-covered
2024-12-03,4,12846,5.6000000000000005,4.0,4e,Under-covered
2024-12-03,5,7206,5.6000000000000005,2.0,5e,Under-covered
2024-12-03,7,21366,5.6,7.0,7e,Under-covered
2024-12-03,8,9656,5.6000000000000005,4.0,8e,Under-covered
2024-12-03,10,11620,5.6000000000000005,2.0,10e,Under-covered
2024-12-03,11,21856,5.6,5.0,11e,Under-covered
2024-12-03,12,21257,5.6000000000000005,16.0,12e,Over-covered
2024-12-03,13,23965,5.6000000000000005,13.0,13e,Over-covered
2024-12-03,14,11780,5.6,9.0,14e,Over-covered
2024-12-03,15,16148,5.6,10.0,15e,Over-covered
2024-12-03,17,3228,5.6,3.0,17e,Over-covered
2024-12-03,19,18424,5.6000000000000005,8.0,19e,Under-covered
2024-12-03,20,4859,5.6,5.0,20e,Over-covered
2024-12-04,1,8435,4.583333333333333,0.0,1e,Over-covered
2024-12-04,3,24580,4.583333333333333,0.0,3e,Under-covered
2024-12-04,4,13994,4.583333333333333,0.0,4e,Under-covered
2024-12-04,5,7131,4.583333333333333,0.0,5e,Under-covered
2024-12-04,7,21187,4.583333333333333,0.0,7e,Under-covered
2024-12-04,8,9719,4.583333333333333,0.0,8e,Under-covered
2024-12-04,10,12120,4.583333333333333,0.0,10e,Under-covered
2024-12-04,11,22204,4.583333333333333,0.0,11e,Under-covered
2024-12-04,12,20797,4.583333333333333,0.0,12e,Over-covered
2024-12-04,13,23825,4.583333333333333,0.0,13e,Over-covered
2024-12-04,14,11190,4.583333333333333,0.0,14e,Over-covered
2024-12-04,15,16306,4.583333333333333,0.0,15e,Over-covered
2024-12-04,17,3214,4.583333333333333,0.0,17e,Over-covered
2024-12-04,19,18451,4.583333333333333,0.0,19e,Under-covered
2024-12-04,20,4779,4.583333333333333,0.0,20e,Over-covered
2024-12-05,1,5702,7.804166666666667,20.0,1e,Over-covered
2024-12-05,3,18103,7.804166666666667,20.0,3e,Under-covered
2024-12-05,4,9858,7.804166666666667,20.0,4e,Under-covered
2024-12-05,5,4272,7.804166666666667,10.0,5e,Under-covered
2024-12-05,7,14558,7.804166666666666,35.0,7e,Under-covered
2024-12-05,8,6749,7.804166666666667,20.0,8e,Under-covered
2024-12-05,10,9259,7.804166666666667,10.0,10e,Under-covered
2024-12-05,11,16503,7.804166666666666,25.0,11e,Under-covered
2024-12-05,12,15937,7.804166666666667,80.0,12e,Over-covered
2024-12-05,13,17359,7.804166666666667,65.0,13e,Over-covered
2024-12-05,14,8651,7.804166666666667,45.0,14e,Over-covered
2024-12-05,15,12531,7.804166666666666,50.0,15e,Over-covered
2024-12-05,17,2393,7.804166666666666,15.0,17e,Over-covered
2024-12-05,19,14393,7.804166666666667,40.0,19e,Under-covered
2024-12-05,20,3736,7.804166666666666,25.0,20e,Over-covered
2024-12-06,1,6983,9.049999999999999,2.8,1e,Over-covered
2024-12-06,3,23096,9.049999999999999,2.8,3e,Under-covered
2024-12-06,4,14915,9.049999999999999,2.8,4e,Under-covered
2024-12-06,5,1947,9.049999999999999,1.4000000000000001,5e,Under-covered
2024-12-06,7,17920,9.05,4.9,7e,Under-covered
2024-12-06,8,8697,9.049999999999999,2.8,8e,Under-covered
2024-12-06,10,11936,9.049999999999999,1.4,10e,Under-covered
2024-12-06,11,21020,9.05,3.5,11e,Under-covered
2024-12-06,12,19230,9.049999999999999,11.2,12e,Over-covered
2024-12-06,13,20846,9.049999999999999,9.1,13e,Over-covered
2024-12-06,14,10182,9.049999999999999,6.3,14e,Over-covered
2024-12-06,15,14568,9.05,7.0,15e,Over-covered
2024-12-06,17,2719,9.05,2.1,17e,Over-covered
2024-12-06,19,17096,9.049999999999999,5.6,19e,Under-covered
2024-12-06,20,4660,9.05,3.5,20e,Over-covered
2024-12-07,1,2461,8.804166666666667,31.6,1e,Over-covered
2024-12-07,3,11249,8.804166666666667,31.6,3e,Under-covered
2024-12-07,4,10180,8.804166666666667,31.6,4e,Under-covered
2024-12-07,5,25,8.804166666666667,15.8,5e,Under-covered
2024-12-07,7,8120,8.804166666666665,55.3,7e,Under-covered
2024-12-07,8,3939,8.804166666666667,31.599999999999998,8e,Under-covered
2024-12-07,10,8173,8.804166666666667,15.8,10e,Under-covered
2024-12-07,11,13827,8.804166666666667,39.5,11e,Under-covered
2024-12-07,12,10947,8.804166666666667,126.4,12e,Over-covered
2024-12-07,13,11417,8.804166666666667,102.7,13e,Over-covered
2024-12-07,14,4809,8.804166666666667,71.1,14e,Over-covered
2024-12-07,15,7112,8.804166666666667,79.0,15e,Over-covered
2024-12-07,17,1284,8.804166666666667,23.7,17e,Over-covered
2024-12-07,19,11490,8.804166666666667,63.2,19e,Under-covered
2024-12-07,20,2580,8.804166666666667,39.5,20e,Over-covered
2024-12-08,1,971,7.108333333333333,22.0,1e,Over-covered
2024-12-08,3,7022,7.108333333333333,22.0,3e,Under-covered
2024-12-08,4,5568,7.108333333333333,22.0,4e,Under-covered
2024-12-08,5,106,7.108333333333333,11.0,5e,Under-covered
2024-12-08,7,5456,7.108333333333333,38.5,7e,Under-covered
2024-12-08,8,2100,7.108333333333333,22.0,8e,Under-covered
2024-12-08,10,4916,7.108333333333333,11.0,10e,Under-covered
2024-12-08,11,8044,7.108333333333333,27.5,11e,Under-covered
2024-12-08,12,6958,7.108333333333333,88.0,12e,Over-covered
2024-12-08,13,6209,7.108333333333334,71.5,13e,Over-covered
2024-12-08,14,2941,7.108333333333333,49.5,14e,Over-covered
2024-12-08,15,4189,7.108333333333333,55.0,15e,Over-covered
2024-12-08,17,749,7.108333333333333,16.5,17e,Over-covered
2024-12-08,19,7447,7.108333333333333,44.0,19e,Under-covered
2024-12-08,20,1557,7.108333333333333,27.5,20e,Over-covered
2024-12-09,1,6748,5.470833333333334,5.2,1e,Over-covered
2024-12-09,3,18556,5.470833333333334,5.2,3e,Under-covered
2024-12-09,4,10564,5.470833333333334,5.2,4e,Under-covered
2024-12-09,5,5385,5.470833333333334,2.6,5e,Under-covered
2024-12-09,7,16120,5.470833333333333,9.100000000000001,7e,Under-covered
2024-12-09,8,7919,5.470833333333334,5.2,8e,Under-covered
2024-12-09,10,8964,5.470833333333334,2.6,10e,Under-covered
2024-12-09,11,17547,5.470833333333333,6.5,11e,Under-covered
2024-12-09,12,17923,5.470833333333334,20.8,12e,Over-covered
2024-12-09,13,19844,5.470833333333333,16.900000000000002,13e,Over-covered
2024-12-09,14,9729,5.470833333333333,11.700000000000001,14e,Over-covered
2024-12-09,15,14161,5.470833333333333,13.0,15e,Over-covered
2024-12-09,17,2697,5.470833333333333,3.9000000000000004,17e,Over-covered
2024-12-09,19,14910,5.470833333333334,10.4,19e,Under-covered
2024-12-09,20,4145,5.470833333333333,6.5,20e,Over-covered
2024-12-10,1,7819,5.258333333333334,0.8,1e,Over-covered
2024-12-10,3,21555,5.258333333333334,0.8,3e,Under-covered
2024-12-10,4,11996,5.258333333333334,0.8,4e,Under-covered
2024-12-10,5,6722,5.258333333333334,0.4,5e,Under-covered
2024-12-10,7,18931,5.258333333333333,1.4000000000000001,7e,Under-covered
2024-12-10,8,8761,5.258333333333334,0.8,8e,Under-covered
2024-12-10,10,10668,5.258333333333334,0.4,10e,Under-covered
2024-12-10,11,19960,5.258333333333334,1.0,11e,Under-covered
2024-12-10,12,19860,5.258333333333334,3.2,12e,Over-covered
2024-12-10,13,21732,5.258333333333334,2.6,13e,Over-covered
2024-12-10,14,10784,5.258333333333333,1.8,14e,Over-covered
2024-12-10,15,15762,5.258333333333334,2.0,15e,Over-covered
2024-12-10,17,3220,5.258333333333334,0.6000000000000001,17e,Over-covered
2024-12-10,19,16499,5.258333333333334,1.6,19e,Under-covered
2024-12-10,20,4471,5.258333333333334,1.0,20e,Over-covered
2024-12-11,1,7221,4.8999999999999995,0.0,1e,Over-covered
2024-12-11,3,21604,4.8999999999999995,0.0,3e,Under-covered
2024-12-11,4,12037,4.8999999999999995,0.0,4e,Under-covered
2024-12-11,5,6645,4.8999999999999995,0.0,5e,Under-covered
2024-12-11,7,18268,4.9,0.0,7e,Under-covered
2024-12-11,8,8679,4.8999999999999995,0.0,8e,Under-covered
2024-12-11,10,10918,4.8999999999999995,0.0,10e,Under-covered
2024-12-11,11,19820,4.9,0.0,11e,Under-covered
2024-12-11,12,18726,4.8999999999999995,0.0,12e,Over-covered
2024-12-11,13,21062,4.8999999999999995,0.0,13e,Over-covered
2024-12-11,14,9989,4.9,0.0,14e,Over-covered
2024-12-11,15,15311,4.9,0.0,15e,Over-covered
2024-12-11,17,2852,4.9,0.0,17e,Over-covered
2024-12-11,19,16316,4.8999999999999995,0.0,19e,Under-covered
2024-12-11,20,4427,4.9,0.0,20e,Over-covered
2024-12-12,1,7877,3.8208333333333333,0.0,1e,Over-covered
2024-12-12,3,23054,3.8208333333333333,0.0,3e,Under-covered
2024-12-12,4,13087,3.8208333333333333,0.0,4e,Under-covered
2024-12-12,5,6922,3.8208333333333333,0.0,5e,Under-covered
2024-12-12,7,19330,3.8208333333333333,0.0,7e,Under-covered
2024-12-12,8,9264,3.8208333333333333,0.0,8e,Under-covered
2024-12-12,10,11772,3.8208333333333333,0.0,10e,Under-covered
2024-12-12,11,20783,3.8208333333333333,0.0,11e,Under-covered
2024-12-12,12,19720,3.8208333333333333,0.0,12e,Over-covered
2024-12-12,13,22389,3.820833333333333,0.0,13e,Over-covered
2024-12-12,14,10742,3.8208333333333333,0.0,14e,Over-covered
2024-12-12,15,15758,3.8208333333333333,0.0,15e,Over-covered
2024-12-12,17,3063,3.8208333333333337,0.0,17e,Over-covered
2024-12-12,19,17294,3.8208333333333333,0.0,19e,Under-covered
2024-12-12,20,4365,3.8208333333333333,0.0,20e,Over-covered
2024-12-13,1,6128,1.8458333333333332,0.0,1e,Over-covered
2024-12-13,3,21079,1.8458333333333332,0.0,3e,Under-covered
2024-12-13,4,11981,1.8458333333333332,0.0,4e,Under-covered
2024-12-13,5,6012,1.8458333333333332,0.0,5e,Under-covered
2024-12-13,7,17181,1.8458333333333334,0.0,7e,Under-covered
2024-12-13,8,7642,1.8458333333333332,0.0,8e,Under-covered
2024-12-13,10,11154,1.8458333333333332,0.0,10e,Under-covered
2024-12-13,11,19735,1.8458333333333334,0.0,11e,Under-covered
2024-12-13,12,17416,1.8458333333333332,0.0,12e,Over-covered
2024-12-13,13,19228,1.8458333333333332,0.0,13e,Over-covered
2024-12-13,14,9243,1.8458333333333332,0.0,14e,Over-covered
2024-12-13,15,14520,1.8458333333333334,0.0,15e,Over-covered
2024-12-13,17,2399,1.8458333333333334,0.0,17e,Over-covered
2024-12-13,19,15308,1.8458333333333332,0.0,19e,Under-covered
2024-12-13,20,4208,1.8458333333333334,0.0,20e,Over-covered
2024-12-14,1,3129,2.0416666666666665,0.4,1e,Over-covered
2024-12-14,3,17478,2.0416666666666665,0.4,3e,Under-covered
2024-12-14,4,9979,2.0416666666666665,0.4,4e,Under-covered
2024-12-14,5,4485,2.0416666666666665,0.2,5e,Under-covered
2024-12-14,7,11448,2.0416666666666665,0.7000000000000001,7e,Under-covered
2024-12-14,8,4686,2.0416666666666665,0.4,8e,Under-covered
2024-12-14,10,9388,2.0416666666666665,0.2,10e,Under-covered
2024-12-14,11,14701,2.0416666666666665,0.5,11e,Under-covered
2024-12-14,12,11585,2.0416666666666665,1.6,12e,Over-covered
2024-12-14,13,12452,2.0416666666666665,1.3,13e,Over-covered
2024-12-14,14,5504,2.0416666666666665,0.9,14e,Over-covered
2024-12-14,15,8047,2.0416666666666665,1.0,15e,Over-covered
2024-12-14,17,1344,2.0416666666666665,0.30000000000000004,17e,Over-covered
2024-12-14,19,11933,2.0416666666666665,0.8,19e,Under-covered
2024-12-14,20,2764,2.0416666666666665,0.5,20e,Over-covered
2024-12-15,1,3120,6.229166666666667,0.0,1e,Over-covered
2024-12-15,3,14180,6.229166666666667,0.0,3e,Under-covered
2024-12-15,4,8683,6.229166666666667,0.0,4e,Under-covered
2024-12-15,5,3987,6.229166666666667,0.0,5e,Under-covered
2024-12-15,7,10373,6.229166666666667,0.0,7e,Under-covered
2024-12-15,8,4435,6.229166666666667,0.0,8e,Under-covered
2024-12-15,10,8080,6.229166666666667,0.0,10e,Under-covered
2024-12-15,11,11983,6.229166666666667,0.0,11e,Under-covered
2024-12-15,12,9719,6.229166666666667,0.0,12e,Over-covered
2024-12-15,13,9744,6.229166666666667,0.0,13e,Over-covered
2024-12-15,14,4643,6.229166666666667,0.0,14e,Over-covered
2024-12-15,15,8579,6.229166666666667,0.0,15e,Over-covered
2024-12-15,17,1200,6.229166666666667,0.0,17e,Over-covered
2024-12-15,19,10845,6.229166666666667,0.0,19e,Under-covered
2024-12-15,20,2338,6.229166666666667,0.0,20e,Over-covered
2024-12-16,1,7539,9.179166666666667,0.0,1e,Over-covered
2024-12-16,3,21001,9.179166666666667,0.0,3e,Under-covered
2024-12-16,4,11794,9.179166666666667,0.0,4e,Under-covered
2024-12-16,5,6132,9.179166666666667,0.0,5e,Under-covered
2024-12-16,7,17907,9.179166666666665,0.0,7e,Under-covered
2024-12-16,8,8660,9.179166666666667,0.0,8e,Under-covered
2024-12-16,10,10284,9.179166666666667,0.0,10e,Under-covered
2024-12-16,11,19275,9.179166666666667,0.0,11e,Under-covered
2024-12-16,12,18747,9.179166666666667,0.0,12e,Over-covered
2024-12-16,13,21040,9.179166666666667,0.0,13e,Over-covered
2024-12-16,14,10529,9.179166666666667,0.0,14e,Over-covered
2024-12-16,15,14945,9.179166666666667,0.0,15e,Over-covered
2024-12-16,17,2869,9.179166666666667,0.0,17e,Over-covered
2024-12-16,19,16075,9.179166666666667,0.0,19e,Under-covered
2024-12-16,20,4259,9.179166666666667,0.0,20e,Over-covered
2024-12-17,1,8333,6.9624999999999995,2.0,1e,Over-covered
2024-12-17,3,23782,6.9624999999999995,2.0,3e,Under-covered
2024-12-17,4,13614,6.9624999999999995,2.0,4e,Under-covered
2024-12-17,5,7041,6.9624999999999995,1.0,5e,Under-covered
2024-12-17,7,20707,6.9625,3.5,7e,Under-covered
2024-12-17,8,9676,6.9624999999999995,2.0,8e,Under-covered
2024-12-17,10,11517,6.9624999999999995,1.0,10e,Under-covered
2024-12-17,11,21639,6.9625,2.5,11e,Under-covered
2024-12-17,12,20158,6.9624999999999995,8.0,12e,Over-covered
2024-12-17,13,22820,6.9625,6.5,13e,Over-covered
2024-12-17,14,12399,6.9625,4.5,14e,Over-covered
2024-12-17,15,16595,6.9625,5.0,15e,Over-covered
2024-12-17,17,3289,6.9625,1.5,17e,Over-covered
2024-12-17,19,17739,6.9624999999999995,4.0,19e,Under-covered
2024-12-17,20,4712,6.9625,2.5,20e,Over-covered
2024-12-18,1,7765,10.458333333333334,3.6,1e,Over-covered
2024-12-18,3,24426,10.458333333333334,3.6,3e,Under-covered
2024-12-18,4,14296,10.458333333333334,3.6,4e,Under-covered
2024-12-18,5,6855,10.458333333333334,1.8,5e,Under-covered
2024-12-18,7,20406,10.458333333333334,6.300000000000001,7e,Under-covered
2024-12-18,8,9610,10.458333333333334,3.6,8e,Under-covered
2024-12-18,10,12055,10.458333333333334,1.8,10e,Under-covered
2024-12-18,11,21665,10.458333333333334,4.5,11e,Under-covered
2024-12-18,12,19560,10.458333333333334,14.4,12e,Over-covered
2024-12-18,13,21894,10.458333333333334,11.700000000000001,13e,Over-covered
2024-12-18,14,11511,10.458333333333334,8.1,14e,Over-covered
2024-12-18,15,15270,10.458333333333334,9.0,15e,Over-covered
2024-12-18,17,2940,10.458333333333334,2.7,17e,Over-covered
2024-12-18,19,17053,10.458333333333334,7.2,19e,Under-covered
2024-12-18,20,4481,10.458333333333334,4.5,20e,Over-covered
2024-12-19,1,5506,8.5625,18.0,1e,Over-covered
2024-12-19,3,20269,8.5625,18.0,3e,Under-covered
2024-12-19,4,11160,8.5625,18.0,4e,Under-covered
2024-12-19,5,5646,8.5625,9.0,5e,Under-covered
2024-12-19,7,15915,8.5625,31.5,7e,Under-covered
2024-12-19,8,7393,8.5625,18.0,8e,Under-covered
2024-12-19,10,10288,8.5625,9.0,10e,Under-covered
2024-12-19,11,18102,8.5625,22.5,11e,Under-covered
2024-12-19,12,16750,8.5625,72.0,12e,Over-covered
2024-12-19,13,18314,8.5625,58.5,13e,Over-covered
2024-12-19,14,10130,8.5625,40.5,14e,Over-covered
2024-12-19,15,12583,8.5625,45.0,15e,Over-covered
2024-12-19,17,2467,8.5625,13.5,17e,Over-covered
2024-12-19,19,14906,8.5625,36.0,19e,Under-covered
2024-12-19,20,4213,8.5625,22.5,20e,Over-covered
2024-12-20,1,5719,5.091666666666667,0.8,1e,Over-covered
2024-12-20,3,21066,5.091666666666667,0.8,3e,Under-covered
2024-12-20,4,12405,5.091666666666667,0.8,4e,Under-covered
2024-12-20,5,5876,5.091666666666667,0.4,5e,Under-covered
2024-12-20,7,16051,5.091666666666667,1.4000000000000001,7e,Under-covered
2024-12-20,8,7303,5.091666666666667,0.8,8e,Under-covered
2024-12-20,10,10751,5.091666666666667,0.4,10e,Under-covered
2024-12-20,11,18949,5.091666666666667,1.0,11e,Under-covered
2024-12-20,12,16622,5.091666666666667,3.2,12e,Over-covered
2024-12-20,13,18188,5.091666666666667,2.6,13e,Over-covered
2024-12-20,14,9894,5.091666666666667,1.8,14e,Over-covered
2024-12-20,15,12226,5.091666666666667,2.0,15e,Over-covered
2024-12-20,17,2510,5.091666666666667,0.6000000000000001,17e,Over-covered
2024-12-20,19,14844,5.091666666666667,1.6,19e,Under-covered
2024-12-20,20,4104,5.091666666666667,1.0,20e,Over-covered
2024-12-21,1,1869,8.549999999999999,23.6,1e,Over-covered
2024-12-21,3,13120,8.549999999999999,23.6,3e,Under-covered
2024-12-21,4,7232,8.549999999999999,23.6,4e,Under-covered
2024-12-21,5,3061,8.549999999999999,11.8,5e,Under-covered
2024-12-21,7,7483,8.55,41.3,7e,Under-covered
2024-12-21,8,3306,8.549999999999999,23.6,8e,Under-covered
2024-12-21,10,6921,8.549999999999999,11.8,10e,Under-covered
2024-12-21,11,10899,8.55,29.5,11e,Under-covered
2024-12-21,12,9038,8.549999999999999,94.4,12e,Over-covered
2024-12-21,13,9266,8.549999999999999,76.7,13e,Over-covered
2024-12-21,14,4526,8.549999999999999,53.1,14e,Over-covered
2024-12-21,15,6093,8.55,59.0,15e,Over-covered
2024-12-21,17,1099,8.55,17.7,17e,Over-covered
2024-12-21,19,9319,8.549999999999999,47.2,19e,Under-covered
2024-12-21,20,2199,8.55,29.5,20e,Over-covered
2024-12-22,1,1020,6.491666666666667,70.0,1e,Over-covered
2024-12-22,3,7536,6.491666666666667,70.0,3e,Under-covered
2024-12-22,4,4498,6.491666666666667,70.0,4e,Under-covered
2024-12-22,5,1872,6.491666666666667,35.0,5e,Under-covered
2024-12-22,7,4493,6.491666666666666,122.5,7e,Under-covered
2024-12-22,8,2028,6.491666666666667,70.0,8e,Under-covered
2024-12-22,10,4022,6.491666666666667,35.0,10e,Under-covered
2024-12-22,11,6164,6.491666666666666,87.5,11e,Under-covered
2024-12-22,12,6117,6.491666666666667,280.0,12e,Over-covered
2024-12-22,13,5465,6.491666666666667,227.5,13e,Over-covered
2024-12-22,14,2642,6.491666666666667,157.5,14e,Over-covered
2024-12-22,15,3590,6.491666666666666,175.0,15e,Over-covered
2024-12-22,17,709,6.491666666666666,52.5,17e,Over-covered
2024-12-22,19,5964,6.491666666666667,140.0,19e,Under-covered
2024-12-22,20,1369,6.491666666666666,87.5,20e,Over-covered
2024-12-23,1,3528,5.908333333333334,0.4,1e,Over-covered
2024-12-23,3,12226,5.908333333333334,0.4,3e,Under-covered
2024-12-23,4,7939,5.908333333333334,0.4,4e,Under-covered
2024-12-23,5,3351,5.908333333333334,0.2,5e,Under-covered
2024-12-23,7,9369,5.908333333333333,0.7000000000000001,7e,Under-covered
2024-12-23,8,4726,5.908333333333334,0.4,8e,Under-covered
2024-12-23,10,5857,5.908333333333334,0.2,10e,Under-covered
2024-12-23,11,9769,5.908333333333333,0.5,11e,Under-covered
2024-12-23,12,10450,5.908333333333334,1.6,12e,Over-covered
2024-12-23,13,11229,5.908333333333333,1.3,13e,Over-covered
2024-12-23,14,5614,5.908333333333333,0.9,14e,Over-covered
2024-12-23,15,7262,5.908333333333333,1.0,15e,Over-covered
2024-12-23,17,1567,5.908333333333333,0.30000000000000004,17e,Over-covered
2024-12-23,19,9358,5.908333333333334,0.8,19e,Under-covered
2024-12-23,20,2326,5.908333333333333,0.5,20e,Over-covered
2024-12-24,1,1569,6.970833333333334,4.4,1e,Over-covered
2024-12-24,3,7599,6.970833333333334,4.4,3e,Under-covered
2024-12-24,4,4828,6.970833333333334,4.4,4e,Under-covered
2024-12-24,5,1967,6.970833333333334,2.2,5e,Under-covered
2024-12-24,7,5857,6.970833333333333,7.7,7e,Under-covered
2024-12-24,8,2742,6.970833333333334,4.4,8e,Under-covered
2024-12-24,10,3590,6.970833333333334,2.2,10e,Under-covered
2024-12-24,11,6169,6.970833333333333,5.5,11e,Under-covered
2024-12-24,12,7058,6.970833333333334,17.6,12e,Over-covered
2024-12-24,13,7240,6.970833333333333,14.3,13e,Over-covered
2024-12-24,14,3541,6.970833333333333,9.9,14e,Over-covered
2024-12-24,15,4895,6.970833333333333,11.0,15e,Over-covered
2024-12-24,17,919,6.970833333333333,3.3,17e,Over-covered
2024-12-24,19,6292,6.970833333333334,8.8,19e,Under-covered
2024-12-24,20,1553,6.970833333333333,5.5,20e,Over-covered
2024-12-25,1,986,9.366666666666667,0.0,1e,Over-covered
2024-12-25,3,4425,9.366666666666667,0.0,3e,Under-covered
2024-12-25,4,2456,9.366666666666667,0.0,4e,Under-covered
2024-12-25,5,1189,9.366666666666667,0.0,5e,Under-covered
2024-12-25,7,3600,9.366666666666665,0.0,7e,Under-covered
2024-12-25,8,2096,9.366666666666667,0.0,8e,Under-covered
2024-12-25,10,2273,9.366666666666667,0.0,10e,Under-covered
2024-12-25,11,3488,9.366666666666667,0.0,11e,Under-covered
2024-12-25,12,4246,9.366666666666667,0.0,12e,Over-covered
2024-12-25,13,4203,9.366666666666667,0.0,13e,Over-covered
2024-12-25,14,1850,9.366666666666667,0.0,14e,Over-covered
2024-12-25,15,2552,9.366666666666667,0.0,15e,Over-covered
2024-12-25,17,497,9.366666666666667,0.0,17e,Over-covered
2024-12-25,19,3897,9.366666666666667,0.0,19e,Under-covered
2024-12-25,20,910,9.366666666666667,0.0,20e,Over-covered
2024-12-26,1,2625,6.745833333333334,0.0,1e,Over-covered
2024-12-26,3,9653,6.745833333333334,0.0,3e,Under-covered
2024-12-26,4,6072,6.745833333333334,0.0,4e,Under-covered
2024-12-26,5,2627,6.745833333333334,0.0,5e,Under-covered
2024-12-26,7,7563,6.745833333333333,0.0,7e,Under-covered
2024-12-26,8,3799,6.745833333333334,0.0,8e,Under-covered
2024-12-26,10,4597,6.745833333333334,0.0,10e,Under-covered
2024-12-26,11,7554,6.745833333333334,0.0,11e,Under-covered
2024-12-26,12,9009,6.745833333333334,0.0,12e,Over-covered
2024-12-26,13,8934,6.745833333333333,0.0,13e,Over-covered
2024-12-26,14,4150,6.745833333333333,0.0,14e,Over-covered
2024-12-26,15,5553,6.745833333333334,0.0,15e,Over-covered
2024-12-26,17,1023,6.745833333333334,0.0,17e,Over-covered
2024-12-26,19,7954,6.745833333333334,0.0,19e,Under-covered
2024-12-26,20,1810,6.745833333333334,0.0,20e,Over-covered
2024-12-27,1,2753,1.825,0.0,1e,Over-covered
2024-12-27,3,10335,1.825,0.0,3e,Under-covered
2024-12-27,4,6352,1.825,0.0,4e,Under-covered
2024-12-27,5,2756,1.825,0.0,5e,Under-covered
2024-12-27,7,7867,1.8249999999999997,0.0,7e,Under-covered
2024-12-27,8,4013,1.825,0.0,8e,Under-covered
2024-12-27,10,5077,1.825,0.0,10e,Under-covered
2024-12-27,11,8401,1.825,0.0,11e,Under-covered
2024-12-27,12,8715,1.825,0.0,12e,Over-covered
2024-12-27,13,9297,1.825,0.0,13e,Over-covered
2024-12-27,14,4236,1.825,0.0,14e,Over-covered
2024-12-27,15,5544,1.825,0.0,15e,Over-covered
2024-12-27,17,1057,1.8250000000000002,0.0,17e,Over-covered
2024-12-27,19,8019,1.825,0.0,19e,Under-covered
2024-12-27,20,1922,1.825,0.0,20e,Over-covered
2024-12-28,1,1489,0.5166666666666667,0.0,1e,Over-covered
2024-12-28,3,8490,0.5166666666666667,0.0,3e,Under-covered
2024-12-28,4,4691,0.5166666666666667,0.0,4e,Under-covered
2024-12-28,5,1969,0.5166666666666667,0.0,5e,Under-covered
2024-12-28,7,5125,0.5166666666666666,0.0,7e,Under-covered
2024-12-28,8,2389,0.5166666666666667,0.0,8e,Under-covered
2024-12-28,10,4421,0.5166666666666667,0.0,10e,Under-covered
2024-12-28,11,6515,0.5166666666666667,0.0,11e,Under-covered
2024-12-28,12,6426,0.5166666666666667,0.0,12e,Over-covered
2024-12-28,13,6453,0.5166666666666667,0.0,13e,Over-covered
2024-12-28,14,2839,0.5166666666666667,0.0,14e,Over-covered
2024-12-28,15,3751,0.5166666666666667,0.0,15e,Over-covered
2024-12-28,17,669,0.5166666666666667,0.0,17e,Over-covered
2024-12-28,19,6234,0.5166666666666667,0.0,19e,Under-covered
2024-12-28,20,1440,0.5166666666666667,0.0,20e,Over-covered
2024-12-29,1,1605,2.5749999999999997,0.0,1e,Over-covered
2024-12-29,3,7535,2.5749999999999997,0.0,3e,Under-covered
2024-12-29,4,4633,2.575,0.0,4e,Under-covered
2024-12-29,5,1926,2.5749999999999997,0.0,5e,Under-covered
2024-12-29,7,5002,2.575,0.0,7e,Under-covered
2024-12-29,8,2496,2.5749999999999997,0.0,8e,Under-covered
2024-12-29,10,4043,2.5749999999999997,0.0,10e,Under-covered
2024-12-29,11,6094,2.575,0.0,11e,Under-covered
2024-12-29,12,6145,2.575,0.0,12e,Over-covered
2024-12-29,13,5850,2.5749999999999997,0.0,13e,Over-covered
2024-12-29,14,2645,2.575,0.0,14e,Over-covered
2024-12-29,15,3633,2.575,0.0,15e,Over-covered
2024-12-29,17,575,2.575,0.0,17e,Over-covered
2024-12-29,19,6195,2.575,0.0,19e,Under-covered
2024-12-29,20,1378,2.575,0.0,20e,Over-covered
2024-12-30,1,2688,3.0666666666666664,0.4,1e,Over-covered
2024-12-30,3,6889,3.0666666666666664,0.4,3e,Under-covered
2024-12-30,4,6088,3.0666666666666664,0.4,4e,Under-covered
2024-12-30,5,2563,3.0666666666666664,0.2,5e,Under-covered
2024-12-30,7,7482,3.066666666666667,0.7000000000000001,7e,Under-covered
2024-12-30,8,3498,3.0666666666666664,0.4,8e,Under-covered
2024-12-30,10,5400,3.0666666666666664,0.2,10e,Under-covered
2024-12-30,11,8774,3.066666666666667,0.5,11e,Under-covered
2024-12-30,12,9168,3.0666666666666664,1.6,12e,Over-covered
2024-12-30,13,9625,3.0666666666666664,1.3,13e,Over-covered
2024-12-30,14,4677,3.0666666666666664,0.9,14e,Over-covered
2024-12-30,15,6070,3.066666666666667,1.0,15e,Over-covered
2024-12-30,17,1048,3.0666666666666664,0.30000000000000004,17e,Over-covered
2024-12-30,19,8307,3.0666666666666664,0.8,19e,Under-covered
2024-12-30,20,2055,3.066666666666667,0.5,20e,Over-covered
2024-12-31,1,2447,3.658333333333333,0.0,1e,Over-covered
2024-12-31,3,6261,3.658333333333333,0.0,3e,Under-covered
2024-12-31,4,5708,3.658333333333333,0.0,4e,Under-covered
2024-12-31,5,2545,3.658333333333333,0.0,5e,Under-covered
2024-12-31,7,7606,3.6583333333333337,0.0,7e,Under-covered
2024-12-31,8,2946,3.658333333333333,0.0,8e,Under-covered
2024-12-31,10,5082,3.658333333333333,0.0,10e,Under-covered
2024-12-31,11,8453,3.658333333333333,0.0,11e,Under-covered
2024-12-31,12,8312,3.658333333333333,0.0,12e,Over-covered
2024-12-31,13,8530,3.6583333333333337,0.0,13e,Over-covered
2024-12-31,14,4263,3.6583333333333337,0.0,14e,Over-covered
2024-12-31,15,5766,3.658333333333333,0.0,15e,Over-covered
2024-12-31,17,1089,3.658333333333333,0.0,17e,Over-covered
2024-12-31,19,7738,3.658333333333333,0.0,19e,Under-covered
2024-12-31,20,1983,3.658333333333333,0.0,20e,Over-covered
2025-01-01,1,1673,6.2124999999999995,0.4,1e,Over-covered
2025-01-01,3,4828,6.2124999999999995,0.4,3e,Under-covered
2025-01-01,4,4054,6.2124999999999995,0.4,4e,Under-covered
2025-01-01,5,1907,6.2124999999999995,0.2,5e,Under-covered
2025-01-01,7,5474,6.2125,0.7000000000000001,7e,Under-covered
2025-01-01,8,2672,6.2124999999999995,0.4,8e,Under-covered
2025-01-01,10,4055,6.2124999999999995,0.2,10e,Under-covered
2025-01-01,11,6362,6.2125,0.5,11e,Under-covered
2025-01-01,12,5990,6.2124999999999995,1.6,12e,Over-covered
2025-01-01,13,6222,6.2124999999999995,1.3,13e,Over-covered
2025-01-01,14,2663,6.2125,0.9,14e,Over-covered
2025-01-01,15,3988,6.2125,1.0,15e,Over-covered
2025-01-01,17,683,6.2125,0.30000000000000004,17e,Over-covered
2025-01-01,19,6072,6.2124999999999995,0.8,19e,Under-covered
2025-01-01,20,1412,6.2125,0.5,20e,Over-covered
2025-01-02,1,1989,4.054166666666666,90.4,1e,Over-covered
2025-01-02,3,5921,4.054166666666666,90.4,3e,Under-covered
2025-01-02,4,4889,4.054166666666666,90.4,4e,Under-covered
2025-01-02,5,2220,4.054166666666666,45.2,5e,Under-covered
2025-01-02,7,5904,4.054166666666667,158.20000000000002,7e,Under-covered
2025-01-02,8,2671,4.054166666666666,90.4,8e,Under-covered
2025-01-02,10,4541,4.054166666666666,45.2,10e,Under-covered
2025-01-02,11,7689,4.054166666666666,113.0,11e,Under-covered
2025-01-02,12,7838,4.054166666666666,361.6,12e,Over-covered
2025-01-02,13,6438,4.1013422818791945,291.9,13e,Over-covered
2025-01-02,14,4168,4.054166666666667,203.4,14e,Over-covered
2025-01-02,15,5240,4.054166666666666,226.0,15e,Over-covered
2025-01-02,17,945,4.054166666666666,67.8,17e,Over-covered
2025-01-02,19,7713,4.054166666666666,180.8,19e,Under-covered
2025-01-02,20,1823,4.054166666666666,113.0,20e,Over-covered
2025-01-03,1,3905,0.32083333333333336,0.0,1e,Over-covered
2025-01-03,3,9004,0.32083333333333336,0.0,3e,Under-covered
2025-01-03,4,8374,0.32083333333333336,0.0,4e,Under-covered
2025-01-03,5,3680,0.32083333333333336,0.0,5e,Under-covered
2025-01-03,7,10183,0.3208333333333333,0.0,7e,Under-covered
2025-01-03,8,5119,0.3208333333333333,0.0,8e,Under-covered
2025-01-03,10,7044,0.3208333333333333,0.0,10e,Under-covered
2025-01-03,11,12369,0.32083333333333336,0.0,11e,Under-covered
2025-01-03,12,11097,0.32083333333333336,0.0,12e,Over-covered
2025-01-03,13,8874,0.27956989247311825,0.0,13e,Over-covered
2025-01-03,14,5918,0.3208333333333333,0.0,14e,Over-covered
2025-01-03,15,7969,0.32083333333333336,0.0,15e,Over-covered
2025-01-03,17,960,0.30158730158730157,0.0,17e,Over-covered
2025-01-03,19,10820,0.32083333333333336,0.0,19e,Under-covered
2025-01-03,20,2656,0.32083333333333336,0.0,20e,Over-covered
2025-01-04,1,1906,-0.6375,27.2,1e,Over-covered
2025-01-04,3,6762,-0.6375,27.2,3e,Under-covered
2025-01-04,4,5912,-0.6375,27.2,4e,Under-covered
2025-01-04,5,2532,-0.6375,13.6,5e,Under-covered
2025-01-04,7,6185,-0.6375,47.6,7e,Under-covered
2025-01-04,8,2737,-0.6375,27.2,8e,Under-covered
2025-01-04,10,5705,-0.6375,13.6,10e,Under-covered
2025-01-04,11,9013,-0.6375,34.0,11e,Under-covered
2025-01-04,12,7548,-0.6375,108.8,12e,Over-covered
2025-01-04,13,5826,-0.6243816254416961,81.6,13e,Over-covered
2025-01-04,14,3576,-0.6375,61.2,14e,Over-covered
2025-01-04,15,5321,-0.6375,68.0,15e,Over-covered
2025-01-04,17,856,-0.6375,20.400000000000002,17e,Over-covered
2025-01-04,19,8252,-0.6375,54.4,19e,Under-covered
2025-01-04,20,1517,-0.6375,34.0,20e,Over-covered
2025-01-05,1,1484,9.879166666666666,50.0,1e,Over-covered
2025-01-05,3,6393,9.879166666666666,50.0,3e,Under-covered
2025-01-05,4,5628,9.879166666666666,50.0,4e,Under-covered
2025-01-05,5,2513,9.879166666666666,25.0,5e,Under-covered
2025-01-05,7,6650,9.839877300613496,86.8,7e,Under-covered
2025-01-05,8,2729,9.879166666666666,50.0,8e,Under-covered
2025-01-05,10,5487,9.879166666666666,25.0,10e,Under-covered
2025-01-05,11,8538,9.879166666666666,62.5,11e,Under-covered
2025-01-05,12,7525,9.879166666666666,200.0,12e,Over-covered
2025-01-05,13,5470,9.80446096654275,144.5,13e,Over-covered
2025-01-05,14,3340,9.879166666666666,112.5,14e,Over-covered
2025-01-05,15,4874,9.879166666666666,125.0,15e,Over-covered
2025-01-05,17,834,9.879166666666666,37.5,17e,Over-covered
2025-01-05,19,7983,9.879166666666666,100.0,19e,Under-covered
2025-01-05,20,1578,9.879166666666666,62.5,20e,Over-covered
2025-01-06,1,4918,9.395833333333334,6.4,1e,Over-covered
2025-01-06,3,10593,8.91081081081081,5.4,3e,Under-covered
2025-01-06,4,8687,9.395833333333334,6.3999999999999995,4e,Under-covered
2025-01-06,5,4921,9.395833333333334,3.2,5e,Under-covered
2025-01-06,7,13418,9.395833333333334,11.2,7e,Under-covered
2025-01-06,8,6221,9.395833333333334,6.4,8e,Under-covered
2025-01-06,10,8072,9.395833333333334,3.2,10e,Under-covered
2025-01-06,11,15591,9.395833333333334,8.0,11e,Under-covered
2025-01-06,12,15545,9.395833333333334,25.6,12e,Over-covered
2025-01-06,13,16230,9.246917808219179,19.8,13e,Over-covered
2025-01-06,14,9370,9.395833333333334,14.4,14e,Over-covered
2025-01-06,15,11752,9.395833333333334,16.0,15e,Over-covered
2025-01-06,17,2246,9.395833333333334,4.8,17e,Over-covered
2025-01-06,19,13670,9.395833333333334,12.799999999999999,19e,Under-covered
2025-01-06,20,3765,9.395833333333334,8.0,20e,Over-covered
2025-01-07,1,7881,4.9624999999999995,16.0,1e,Over-covered
2025-01-07,3,19609,5.0175,16.0,3e,Under-covered
2025-01-07,4,11666,4.9624999999999995,16.0,4e,Under-covered
2025-01-07,5,6745,4.9624999999999995,8.0,5e,Under-covered
2025-01-07,7,18184,4.9625,28.0,7e,Under-covered
2025-01-07,8,8846,4.9624999999999995,16.0,8e,Under-covered
2025-01-07,10,10514,4.9624999999999995,8.0,10e,Under-covered
2025-01-07,11,19331,4.9625,20.0,11e,Under-covered
2025-01-07,12,19843,4.9624999999999995,64.0,12e,Over-covered
2025-01-07,13,21959,4.9624999999999995,52.0,13e,Over-covered
2025-01-07,14,12236,4.9625,36.0,14e,Over-covered
2025-01-07,15,15591,4.9625,40.0,15e,Over-covered
2025-01-07,17,3549,5.024418604651163,15.9,17e,Over-covered
2025-01-07,19,17109,4.9624999999999995,32.0,19e,Under-covered
2025-01-07,20,4530,4.9625,20.0,20e,Over-covered
2025-01-08,1,4501,6.279166666666666,63.6,1e,Over-covered
2025-01-08,3,13421,6.279166666666666,63.6,3e,Under-covered
2025-01-08,4,6986,6.279166666666666,63.6,4e,Under-covered
2025-01-08,5,4031,6.279166666666666,31.8,5e,Under-covered
2025-01-08,7,10976,6.279166666666667,111.3,7e,Under-covered
2025-01-08,8,4884,6.279166666666666,63.6,8e,Under-covered
2025-01-08,10,6992,6.279166666666666,31.8,10e,Under-covered
2025-01-08,11,13288,6.279166666666667,79.5,11e,Under-covered
2025-01-08,12,12964,6.279166666666666,254.4,12e,Over-covered
2025-01-08,13,14024,6.279166666666667,206.70000000000002,13e,Over-covered
2025-01-08,14,7925,6.279166666666667,143.1,14e,Over-covered
2025-01-08,15,10149,6.279166666666667,159.0,15e,Over-covered
2025-01-08,17,2468,6.279166666666666,63.6,17e,Over-covered
2025-01-08,19,11874,6.279166666666666,127.2,19e,Under-covered
2025-01-08,20,3221,6.279166666666667,79.5,20e,Over-covered
2025-01-09,1,6049,6.0125,21.6,1e,Over-covered
2025-01-09,3,19011,6.0125,21.6,3e,Under-covered
2025-01-09,4,10389,6.0125,21.6,4e,Under-covered
2025-01-09,5,5787,6.0125,10.8,5e,Under-covered
2025-01-09,7,12695,6.0125,37.800000000000004,7e,Under-covered
2025-01-09,8,7156,6.0125,21.6,8e,Under-covered
2025-01-09,10,9712,6.0125,10.8,10e,Under-covered
2025-01-09,11,17422,6.0125,27.0,11e,Under-covered
2025-01-09,12,16894,6.0125,86.4,12e,Over-covered
2025-01-09,13,18492,6.0125,70.2,13e,Over-covered
2025-01-09,14,10735,6.0125,48.6,14e,Over-covered
2025-01-09,15,13531,6.0125,54.0,15e,Over-covered
2025-01-09,17,3183,6.0125,21.6,17e,Over-covered
2025-01-09,19,15126,6.0125,43.2,19e,Under-covered
2025-01-09,20,3904,6.0125,27.0,20e,Over-covered
2025-01-10,1,4201,3.283333333333333,1.6,1e,Over-covered
2025-01-10,3,19868,3.283333333333333,1.6,3e,Under-covered
2025-01-10,4,11451,3.283333333333333,1.6,4e,Under-covered
2025-01-10,5,6147,3.283333333333333,0.7999999999999999,5e,Under-covered
2025-01-10,7,15813,3.2833333333333337,2.8000000000000003,7e,Under-covered
2025-01-10,8,6927,3.283333333333333,1.6,8e,Under-covered
2025-01-10,10,10576,3.283333333333333,0.8,10e,Under-covered
2025-01-10,11,19335,3.283333333333333,2.0,11e,Under-covered
2025-01-10,12,16350,3.283333333333333,6.4,12e,Over-covered
2025-01-10,13,18054,3.2833333333333337,5.2,13e,Over-covered
2025-01-10,14,9950,3.2833333333333337,3.6,14e,Over-covered
2025-01-10,15,12658,3.283333333333333,4.0,15e,Over-covered
2025-01-10,17,3116,3.283333333333333,1.5999999999999999,17e,Over-covered
2025-01-10,19,15361,3.283333333333333,3.2,19e,Under-covered
2025-01-10,20,4066,3.283333333333333,2.0,20e,Over-covered
2025-01-11,1,2144,0.9249999999999999,0.0,1e,Over-covered
2025-01-11,3,16136,0.9249999999999999,0.0,3e,Under-covered
2025-01-11,4,9519,0.9249999999999999,0.0,4e,Under-covered
2025-01-11,5,4239,0.9249999999999999,0.0,5e,Under-covered
2025-01-11,7,10140,0.925,0.0,7e,Under-covered
2025-01-11,8,4064,0.9249999999999999,0.0,8e,Under-covered
2025-01-11,10,8811,0.9249999999999999,0.0,10e,Under-covered
2025-01-11,11,14488,0.925,0.0,11e,Under-covered
2025-01-11,12,10742,0.9249999999999999,0.0,12e,Over-covered
2025-01-11,13,11953,0.925,0.0,13e,Over-covered
2025-01-11,14,6017,0.925,0.0,14e,Over-covered
2025-01-11,15,7889,0.925,0.0,15e,Over-covered
2025-01-11,17,1934,0.9249999999999999,0.0,17e,Over-covered
2025-01-11,19,11640,0.9249999999999999,0.0,19e,Under-covered
2025-01-11,20,2741,0.925,0.0,20e,Over-covered
2025-01-12,1,1935,1.4124999999999999,0.0,1e,Over-covered
2025-01-12,3,12289,1.4124999999999999,0.0,3e,Under-covered
2025-01-12,4,7198,1.4124999999999999,0.0,4e,Under-covered
2025-01-12,5,3412,1.4124999999999999,0.0,5e,Under-covered
2025-01-12,7,7880,1.4125,0.0,7e,Under-covered
2025-01-12,8,2999,1.4124999999999999,0.0,8e,Under-covered
2025-01-12,10,7030,1.4124999999999999,0.0,10e,Under-covered
2025-01-12,11,11052,1.4125,0.0,11e,Under-covered
2025-01-12,12,9139,1.4124999999999999,0.0,12e,Over-covered
2025-01-12,13,9499,1.4124999999999999,0.0,13e,Over-covered
2025-01-12,14,5037,1.4125,0.0,14e,Over-covered
2025-01-12,15,7263,1.4125,0.0,15e,Over-covered
2025-01-12,17,1547,1.4124999999999999,0.0,17e,Over-covered
2025-01-12,19,10201,1.4124999999999999,0.0,19e,Under-covered
2025-01-12,20,2174,1.4125,0.0,20e,Over-covered
2025-01-13,1,5260,0.39999999999999997,0.0,1e,Over-covered
2025-01-13,3,19086,0.39999999999999997,0.0,3e,Under-covered
2025-01-13,4,11526,0.39999999999999997,0.0,4e,Under-covered
2025-01-13,5,6391,0.39999999999999997,0.0,5e,Under-covered
2025-01-13,7,16565,0.4,0.0,7e,Under-covered
2025-01-13,8,7777,0.39999999999999997,0.0,8e,Under-covered
2025-01-13,10,9567,0.39999999999999997,0.0,10e,Under-covered
2025-01-13,11,18080,0.4,0.0,11e,Under-covered
2025-01-13,12,18116,0.39999999999999997,0.0,12e,Over-covered
2025-01-13,13,20918,0.39999999999999997,0.0,13e,Over-covered
2025-01-13,14,11440,0.4,0.0,14e,Over-covered
2025-01-13,15,14447,0.4,0.0,15e,Over-covered
2025-01-13,17,3679,0.39999999999999997,0.0,17e,Over-covered
2025-01-13,19,16107,0.39999999999999997,0.0,19e,Under-covered
2025-01-13,20,4112,0.4,0.0,20e,Over-covered
2025-01-14,1,5497,-1.3541666666666667,0.0,1e,Over-covered
2025-01-14,3,20787,-1.3541666666666667,0.0,3e,Under-covered
2025-01-14,4,12058,-1.3541666666666667,0.0,4e,Under-covered
2025-01-14,5,6954,-1.3541666666666667,0.0,5e,Under-covered
2025-01-14,7,17990,-1.3541666666666667,0.0,7e,Under-covered
2025-01-14,8,8068,-1.3541666666666667,0.0,8e,Under-covered
2025-01-14,10,10054,-1.3541666666666667,0.0,10e,Under-covered
2025-01-14,11,19644,-1.3541666666666667,0.0,11e,Under-covered
2025-01-14,12,18865,-1.3541666666666667,0.0,12e,Over-covered
2025-01-14,13,21230,-1.3541666666666667,0.0,13e,Over-covered
2025-01-14,14,11640,-1.3541666666666667,0.0,14e,Over-covered
2025-01-14,15,15054,-1.3541666666666667,0.0,15e,Over-covered
2025-01-14,17,3580,-1.3541666666666667,0.0,17e,Over-covered
2025-01-14,19,16329,-1.3541666666666667,0.0,19e,Under-covered
2025-01-14,20,4252,-1.3541666666666667,0.0,20e,Over-covered
2025-01-15,1,5453,2.3583333333333334,0.8,1e,Over-covered
2025-01-15,3,19769,2.3583333333333334,0.8,3e,Under-covered
2025-01-15,4,10920,2.3583333333333334,0.8,4e,Under-covered
2025-01-15,5,6211,2.3583333333333334,0.4,5e,Under-covered
2025-01-15,7,15991,2.3583333333333334,1.4000000000000001,7e,Under-covered
2025-01-15,8,7196,2.3583333333333334,0.8,8e,Under-covered
2025-01-15,10,9982,2.3583333333333334,0.4,10e,Under-covered
2025-01-15,11,18425,2.3583333333333334,1.0,11e,Under-covered
2025-01-15,12,17296,2.3583333333333334,3.2,12e,Over-covered
2025-01-15,13,19361,2.3583333333333334,2.6,13e,Over-covered
2025-01-15,14,10283,2.3583333333333334,1.8,14e,Over-covered
2025-01-15,15,13173,2.3583333333333334,2.0,15e,Over-covered
2025-01-15,17,3372,2.3583333333333334,0.8,17e,Over-covered
2025-01-15,19,15365,2.3583333333333334,1.6,19e,Under-covered
2025-01-15,20,3941,2.3583333333333334,1.0,20e,Over-covered
2025-01-16,1,5764,3.2583333333333333,0.0,1e,Over-covered
2025-01-16,3,21846,3.2583333333333333,0.0,3e,Under-covered
2025-01-16,4,12831,3.2583333333333333,0.0,4e,Under-covered
2025-01-16,5,7313,3.2583333333333333,0.0,5e,Under-covered
2025-01-16,7,18160,3.2583333333333333,0.0,7e,Under-covered
2025-01-16,8,8280,3.2583333333333333,0.0,8e,Under-covered
2025-01-16,10,10844,3.2583333333333333,0.0,10e,Under-covered
2025-01-16,11,19150,3.2583333333333333,0.0,11e,Under-covered
2025-01-16,12,18514,3.2583333333333333,0.0,12e,Over-covered
2025-01-16,13,21137,3.2583333333333333,0.0,13e,Over-covered
2025-01-16,14,11476,3.2583333333333333,0.0,14e,Over-covered
2025-01-16,15,15396,3.2583333333333333,0.0,15e,Over-covered
2025-01-16,17,3819,3.2583333333333333,0.0,17e,Over-covered
2025-01-16,19,16825,3.2583333333333333,0.0,19e,Under-covered
2025-01-16,20,4353,3.2583333333333333,0.0,20e,Over-covered
2025-01-17,1,4928,0.8041666666666667,0.0,1e,Over-covered
2025-01-17,3,18794,0.8041666666666667,0.0,3e,Under-covered
2025-01-17,4,10505,0.8041666666666667,0.0,4e,Under-covered
2025-01-17,5,5916,0.8041666666666667,0.0,5e,Under-covered
2025-01-17,7,14810,0.8041666666666666,0.0,7e,Under-covered
2025-01-17,8,6434,0.8041666666666667,0.0,8e,Under-covered
2025-01-17,10,9931,0.8041666666666667,0.0,10e,Under-covered
2025-01-17,11,17321,0.8041666666666667,0.0,11e,Under-covered
2025-01-17,12,15764,0.8041666666666667,0.0,12e,Over-covered
2025-01-17,13,17484,0.8041666666666667,0.0,13e,Over-covered
2025-01-17,14,9538,0.8041666666666666,0.0,14e,Over-covered
2025-01-17,15,12465,0.8041666666666667,0.0,15e,Over-covered
2025-01-17,17,2885,0.8041666666666667,0.0,17e,Over-covered
2025-01-17,19,14423,0.8041666666666667,0.0,19e,Under-covered
2025-01-17,20,3849,0.8041666666666667,0.0,20e,Over-covered
2025-01-18,1,2356,0.44166666666666665,0.0,1e,Over-covered
2025-01-18,3,15081,0.44166666666666665,0.0,3e,Under-covered
2025-01-18,4,8232,0.44166666666666665,0.0,4e,Under-covered
2025-01-18,5,3705,0.44166666666666665,0.0,5e,Under-covered
2025-01-18,7,8835,0.4416666666666667,0.0,7e,Under-covered
2025-01-18,8,3588,0.44166666666666665,0.0,8e,Under-covered
2025-01-18,10,8345,0.44166666666666665,0.0,10e,Under-covered
2025-01-18,11,13387,0.44166666666666665,0.0,11e,Under-covered
2025-01-18,12,9710,0.44166666666666665,0.0,12e,Over-covered
2025-01-18,13,11088,0.4416666666666667,0.0,13e,Over-covered
2025-01-18,14,5290,0.4416666666666667,0.0,14e,Over-covered
2025-01-18,15,7233,0.44166666666666665,0.0,15e,Over-covered
2025-01-18,17,1622,0.44166666666666665,0.0,17e,Over-covered
2025-01-18,19,11161,0.44166666666666665,0.0,19e,Under-covered
2025-01-18,20,2473,0.44166666666666665,0.0,20e,Over-covered
2025-01-19,1,2328,-0.2791666666666667,0.8,1e,Over-covered
2025-01-19,3,11351,-0.2791666666666667,0.8,3e,Under-covered
2025-01-19,4,6526,-0.2791666666666667,0.8,4e,Under-covered
2025-01-19,5,2950,-0.2791666666666667,0.4,5e,Under-covered
2025-01-19,7,7136,-0.2791666666666667,1.4000000000000001,7e,Under-covered
2025-01-19,8,3325,-0.2791666666666667,0.8,8e,Under-covered
2025-01-19,10,6450,-0.2791666666666666,0.4,10e,Under-covered
2025-01-19,11,10999,-0.2791666666666667,1.0,11e,Under-covered
2025-01-19,12,9020,-0.2791666666666667,3.2,12e,Over-covered
2025-01-19,13,8759,-0.2791666666666667,2.6,13e,Over-covered
2025-01-19,14,4463,-0.2791666666666667,1.8,14e,Over-covered
2025-01-19,15,6368,-0.2791666666666667,2.0,15e,Over-covered
2025-01-19,17,1519,-0.2791666666666667,0.8,17e,Over-covered
2025-01-19,19,9224,-0.2791666666666667,1.6,19e,Under-covered
2025-01-19,20,2040,-0.2791666666666667,1.0,20e,Over-covered
2025-01-20,1,6707,-0.5958333333333333,0.0,1e,Over-covered
2025-01-20,3,17587,-0.5958333333333333,0.0,3e,Under-covered
2025-01-20,4,9903,-0.5958333333333333,0.0,4e,Under-covered
2025-01-20,5,5347,-0.5958333333333333,0.0,5e,Under-covered
2025-01-20,7,15314,-0.5958333333333333,0.0,7e,Under-covered
2025-01-20,8,7371,-0.5958333333333333,0.0,8e,Under-covered
2025-01-20,10,8830,-0.5958333333333333,0.0,10e,Under-covered
2025-01-20,11,17428,-0.5958333333333333,0.0,11e,Under-covered
2025-01-20,12,16910,-0.5958333333333333,0.0,12e,Over-covered
2025-01-20,13,18899,-0.5958333333333333,0.0,13e,Over-covered
2025-01-20,14,10569,-0.5958333333333333,0.0,14e,Over-covered
2025-01-20,15,13830,-0.5958333333333333,0.0,15e,Over-covered
2025-01-20,17,3341,-0.5958333333333333,0.0,17e,Over-covered
2025-01-20,19,14656,-0.5958333333333333,0.0,19e,Under-covered
2025-01-20,20,3887,-0.5958333333333333,0.0,20e,Over-covered
2025-01-21,1,7300,0.3875,0.0,1e,Over-covered
2025-01-21,3,20827,0.3875,0.0,3e,Under-covered
2025-01-21,4,11638,0.3875,0.0,4e,Under-covered
2025-01-21,5,6194,0.3875,0.0,5e,Under-covered
2025-01-21,7,17985,0.38750000000000007,0.0,7e,Under-covered
2025-01-21,8,8575,0.3875,0.0,8e,Under-covered
2025-01-21,10,10237,0.3875,0.0,10e,Under-covered
2025-01-21,11,19546,0.3875,0.0,11e,Under-covered
2025-01-21,12,18605,0.3875,0.0,12e,Over-covered
2025-01-21,13,20506,0.3875,0.0,13e,Over-covered
2025-01-21,14,11599,0.3875,0.0,14e,Over-covered
2025-01-21,15,14955,0.3875,0.0,15e,Over-covered
2025-01-21,17,3809,0.3875,0.0,17e,Over-covered
2025-01-21,19,16175,0.3875,0.0,19e,Under-covered
2025-01-21,20,4219,0.3875,0.0,20e,Over-covered
2025-01-22,1,5511,4.9750000000000005,62.8,1e,Over-covered
2025-01-22,3,16394,4.9750000000000005,62.8,3e,Under-covered
2025-01-22,4,8991,4.9750000000000005,62.8,4e,Under-covered
2025-01-22,5,4687,4.9750000000000005,31.4,5e,Under-covered
2025-01-22,7,13945,4.975,109.9,7e,Under-covered
2025-01-22,8,6468,4.9750000000000005,62.8,8e,Under-covered
2025-01-22,10,8046,4.9750000000000005,31.4,10e,Under-covered
2025-01-22,11,15200,4.975,78.5,11e,Under-covered
2025-01-22,12,15166,4.9750000000000005,251.2,12e,Over-covered
2025-01-22,13,16737,4.9750000000000005,204.1,13e,Over-covered
2025-01-22,14,8953,4.975,141.29999999999998,14e,Over-covered
2025-01-22,15,12737,4.975,157.0,15e,Over-covered
2025-01-22,17,2937,4.9750000000000005,62.8,17e,Over-covered
2025-01-22,19,13555,4.9750000000000005,125.6,19e,Under-covered
2025-01-22,20,3496,4.975,78.5,20e,Over-covered
2025-01-23,1,6742,6.270833333333333,4.8,1e,Over-covered
2025-01-23,3,21459,6.270833333333333,4.8,3e,Under-covered
2025-01-23,4,11971,6.270833333333333,4.8,4e,Under-covered
2025-01-23,5,6173,6.270833333333333,2.4,5e,Under-covered
2025-01-23,7,17023,6.270833333333333,8.4,7e,Under-covered
2025-01-23,8,8424,6.270833333333333,4.8,8e,Under-covered
2025-01-23,10,10454,6.270833333333333,2.4,10e,Under-covered
2025-01-23,11,18855,6.270833333333333,6.0,11e,Under-covered
2025-01-23,12,18358,6.270833333333333,19.2,12e,Over-covered
2025-01-23,13,19863,6.270833333333333,15.6,13e,Over-covered
2025-01-23,14,10895,6.270833333333333,10.799999999999999,14e,Over-covered
2025-01-23,15,14539,6.270833333333333,12.0,15e,Over-covered
2025-01-23,17,3716,6.270833333333333,4.8,17e,Over-covered
2025-01-23,19,16189,6.270833333333333,9.6,19e,Under-covered
2025-01-23,20,4141,6.270833333333333,6.0,20e,Over-covered
2025-01-24,1,4024,9.454166666666667,19.2,1e,Over-covered
2025-01-24,3,16344,9.454166666666667,19.2,3e,Under-covered
2025-01-24,4,8797,9.454166666666667,19.2,4e,Under-covered
2025-01-24,5,4516,9.454166666666667,9.6,5e,Under-covered
2025-01-24,7,12157,9.454166666666666,33.6,7e,Under-covered
2025-01-24,8,5312,9.454166666666667,19.2,8e,Under-covered
2025-01-24,10,8809,9.454166666666667,9.6,10e,Under-covered
2025-01-24,11,15418,9.454166666666667,24.0,11e,Under-covered
2025-01-24,12,13908,9.454166666666667,76.8,12e,Over-covered
2025-01-24,13,14700,9.454166666666666,62.4,13e,Over-covered
2025-01-24,14,7938,9.454166666666666,43.2,14e,Over-covered
2025-01-24,15,10549,9.454166666666667,48.0,15e,Over-covered
2025-01-24,17,2560,9.454166666666667,19.2,17e,Over-covered
2025-01-24,19,12551,9.454166666666667,38.4,19e,Under-covered
2025-01-24,20,3359,9.454166666666667,24.0,20e,Over-covered
2025-01-25,1,2045,9.541666666666666,46.4,1e,Over-covered
2025-01-25,3,12834,9.541666666666666,46.4,3e,Under-covered
2025-01-25,4,7269,9.541666666666666,46.4,4e,Under-covered
2025-01-25,5,3344,9.541666666666666,23.2,5e,Under-covered
2025-01-25,7,7380,9.541666666666666,81.2,7e,Under-covered
2025-01-25,8,3218,9.541666666666666,46.4,8e,Under-covered
2025-01-25,10,7325,9.541666666666666,23.2,10e,Under-covered
2025-01-25,11,11403,9.541666666666666,58.0,11e,Under-covered
2025-01-25,12,10336,9.541666666666666,185.6,12e,Over-covered
2025-01-25,13,10663,9.541666666666666,150.8,13e,Over-covered
2025-01-25,14,5022,9.541666666666666,104.4,14e,Over-covered
2025-01-25,15,6731,9.541666666666666,116.0,15e,Over-covered
2025-01-25,17,1396,9.541666666666666,46.4,17e,Over-covered
2025-01-25,19,10123,9.541666666666666,92.8,19e,Under-covered
2025-01-25,20,2266,9.541666666666666,58.0,20e,Over-covered
2025-01-26,1,1899,5.091666666666667,11.6,1e,Over-covered
2025-01-26,3,10090,5.091666666666667,11.6,3e,Under-covered
2025-01-26,4,5635,5.091666666666667,11.6,4e,Under-covered
2025-01-26,5,2849,5.091666666666667,5.8,5e,Under-covered
2025-01-26,7,6402,5.091666666666667,20.3,7e,Under-covered
2025-01-26,8,2776,5.091666666666667,11.6,8e,Under-covered
2025-01-26,10,6139,5.091666666666667,5.8,10e,Under-covered
2025-01-26,11,9111,5.091666666666667,14.5,11e,Under-covered
2025-01-26,12,8942,5.091666666666667,46.4,12e,Over-covered
2025-01-26,13,8443,5.091666666666667,37.7,13e,Over-covered
2025-01-26,14,4038,5.091666666666667,26.1,14e,Over-covered
2025-01-26,15,5662,5.091666666666667,29.0,15e,Over-covered
2025-01-26,17,1320,5.091666666666667,11.6,17e,Over-covered
2025-01-26,19,8520,5.091666666666667,23.2,19e,Under-covered
2025-01-26,20,1794,5.091666666666667,14.5,20e,Over-covered
2025-01-27,1,6409,9.608333333333333,13.600000000000001,1e,Over-covered
2025-01-27,3,18982,9.608333333333333,13.600000000000001,3e,Under-covered
2025-01-27,4,10684,9.608333333333333,13.600000000000001,4e,Under-covered
2025-01-27,5,5643,9.608333333333333,6.800000000000001,5e,Under-covered
2025-01-27,7,16432,9.608333333333334,23.8,7e,Under-covered
2025-01-27,8,7884,9.608333333333333,13.600000000000001,8e,Under-covered
2025-01-27,10,9241,9.608333333333333,6.800000000000001,10e,Under-covered
2025-01-27,11,17417,9.608333333333333,17.0,11e,Under-covered
2025-01-27,12,17165,9.608333333333333,54.400000000000006,12e,Over-covered
2025-01-27,13,19660,9.608333333333334,44.2,13e,Over-covered
2025-01-27,14,10607,9.608333333333334,30.6,14e,Over-covered
2025-01-27,15,13815,9.608333333333333,34.0,15e,Over-covered
2025-01-27,17,3393,9.608333333333333,13.600000000000001,17e,Over-covered
2025-01-27,19,15342,9.608333333333333,27.200000000000003,19e,Under-covered
2025-01-27,20,3979,9.608333333333333,17.0,20e,Over-covered
2025-01-28,1,6462,7.858333333333333,20.8,1e,Over-covered
2025-01-28,3,19462,7.858333333333333,20.8,3e,Under-covered
2025-01-28,4,10503,7.858333333333333,20.8,4e,Under-covered
2025-01-28,5,5798,7.858333333333333,10.4,5e,Under-covered
2025-01-28,7,16706,7.858333333333333,36.4,7e,Under-covered
2025-01-28,8,7803,7.858333333333333,20.8,8e,Under-covered
2025-01-28,10,9534,7.858333333333333,10.4,10e,Under-covered
2025-01-28,11,18001,7.858333333333333,26.0,11e,Under-covered
2025-01-28,12,17208,7.858333333333333,83.2,12e,Over-covered
2025-01-28,13,19332,7.858333333333334,67.6,13e,Over-covered
2025-01-28,14,10729,7.858333333333333,46.8,14e,Over-covered
2025-01-28,15,14229,7.858333333333333,52.0,15e,Over-covered
2025-01-28,17,3411,7.858333333333333,20.8,17e,Over-covered
2025-01-28,19,15157,7.858333333333333,41.6,19e,Under-covered
2025-01-28,20,4041,7.858333333333333,26.0,20e,Over-covered
2025-01-29,1,5314,7.191666666666666,36.8,1e,Over-covered
2025-01-29,3,16418,7.191666666666666,36.8,3e,Under-covered
2025-01-29,4,8581,7.191666666666666,36.8,4e,Under-covered
2025-01-29,5,4808,7.191666666666666,18.4,5e,Under-covered
2025-01-29,7,13847,7.191666666666667,64.4,7e,Under-covered
2025-01-29,8,6034,7.213684210526315,36.8,8e,Under-covered
2025-01-29,10,8269,7.191666666666666,18.4,10e,Under-covered
2025-01-29,11,15628,7.191666666666666,46.0,11e,Under-covered
2025-01-29,12,14810,7.191666666666666,147.2,12e,Over-covered
2025-01-29,13,16417,7.191666666666667,119.60000000000001,13e,Over-covered
2025-01-29,14,8822,7.191666666666667,82.8,14e,Over-covered
2025-01-29,15,12058,7.191666666666666,92.0,15e,Over-covered
2025-01-29,17,2833,7.191666666666666,36.8,17e,Over-covered
2025-01-29,19,13503,7.191666666666666,73.6,19e,Under-covered
2025-01-29,20,3498,7.191666666666666,46.0,20e,Over-covered
2025-01-30,1,6787,5.9125000000000005,14.0,1e,Over-covered
2025-01-30,3,20831,5.9125000000000005,14.0,3e,Under-covered
2025-01-30,4,11521,5.9125000000000005,14.0,4e,Under-covered
2025-01-30,5,6226,5.9125000000000005,7.0,5e,Under-covered
2025-01-30,7,17529,5.9125,24.5,7e,Under-covered
2025-01-30,8,8299,5.9125000000000005,14.0,8e,Under-covered
2025-01-30,10,10585,5.9125000000000005,7.0,10e,Under-covered
2025-01-30,11,19082,5.9125,17.5,11e,Under-covered
2025-01-30,12,18190,5.9125000000000005,56.0,12e,Over-covered
2025-01-30,13,20129,5.9125000000000005,45.5,13e,Over-covered
2025-01-30,14,11157,5.9125,31.5,14e,Over-covered
2025-01-30,15,14750,5.9125,35.0,15e,Over-covered
2025-01-30,17,3739,5.9125000000000005,14.0,17e,Over-covered
2025-01-30,19,16270,5.9125000000000005,28.0,19e,Under-covered
2025-01-30,20,4240,5.9125,17.5,20e,Over-covered
2025-01-31,1,4663,2.3333333333333335,19.200000000000003,1e,Over-covered
2025-01-31,3,15929,2.3333333333333335,19.2,3e,Under-covered
2025-01-31,4,8590,2.3333333333333335,19.2,4e,Under-covered
2025-01-31,5,4693,2.3333333333333335,9.600000000000001,5e,Under-covered
2025-01-31,7,12720,2.3333333333333335,33.6,7e,Under-covered
2025-01-31,8,5735,2.3333333333333335,19.2,8e,Under-covered
2025-01-31,10,8538,2.3333333333333335,9.600000000000001,10e,Under-covered
2025-01-31,11,15290,2.3333333333333335,24.0,11e,Under-covered
2025-01-31,12,14454,2.3333333333333335,76.8,12e,Over-covered
2025-01-31,13,15277,2.3333333333333335,62.400000000000006,13e,Over-covered
2025-01-31,14,8508,2.3333333333333335,43.2,14e,Over-covered
2025-01-31,15,10952,2.3333333333333335,48.0,15e,Over-covered
2025-01-31,17,2730,2.3333333333333335,19.2,17e,Over-covered
2025-01-31,19,13197,2.3333333333333335,38.400000000000006,19e,Under-covered
2025-01-31,20,3487,2.3333333333333335,24.0,20e,Over-covered
2025-02-01,1,3841,2.1041666666666665,0.0,1e,Over-covered
2025-02-01,3,17601,2.1041666666666665,0.0,3e,Under-covered
2025-02-01,4,10636,2.1041666666666665,0.0,4e,Under-covered
2025-02-01,5,4801,2.1041666666666665,0.0,5e,Under-covered
2025-02-01,7,11492,2.1041666666666665,0.0,7e,Under-covered
2025-02-01,8,5446,2.1041666666666665,0.0,8e,Under-covered
2025-02-01,10,9714,2.1041666666666665,0.0,10e,Under-covered
2025-02-01,11,14906,2.1041666666666665,0.0,11e,Under-covered
2025-02-01,12,11879,2.1041666666666665,0.0,12e,Over-covered
2025-02-01,13,13489,2.1041666666666665,0.0,13e,Over-covered
2025-02-01,14,6385,2.1041666666666665,0.0,14e,Over-covered
2025-02-01,15,8905,2.1041666666666665,0.0,15e,Over-covered
2025-02-01,17,2060,2.1041666666666665,0.0,17e,Over-covered
2025-02-01,19,12821,2.1041666666666665,0.0,19e,Under-covered
2025-02-01,20,2800,2.1041666666666665,0.0,20e,Over-covered
2025-02-02,1,4087,1.1666666666666667,0.0,1e,Over-covered
2025-02-02,3,14077,1.1666666666666667,0.0,3e,Under-covered
2025-02-02,4,8818,1.1666666666666667,0.0,4e,Under-covered
2025-02-02,5,4019,1.1666666666666667,0.0,5e,Under-covered
2025-02-02,7,8865,1.1666666666666667,0.0,7e,Under-covered
2025-02-02,8,4738,1.1666666666666667,0.0,8e,Under-covered
2025-02-02,10,7767,1.1666666666666667,0.0,10e,Under-covered
2025-02-02,11,12712,1.1666666666666667,0.0,11e,Under-covered
2025-02-02,12,10494,1.1666666666666667,0.0,12e,Over-covered
2025-02-02,13,10871,1.1666666666666667,0.0,13e,Over-covered
2025-02-02,14,5063,1.1666666666666667,0.0,14e,Over-covered
2025-02-02,15,8241,1.1666666666666667,0.0,15e,Over-covered
2025-02-02,17,1876,1.1666666666666667,0.0,17e,Over-covered
2025-02-02,19,11491,1.1666666666666667,0.0,19e,Under-covered
2025-02-02,20,2407,1.1666666666666667,0.0,20e,Over-covered
2025-02-03,1,7499,1.2583333333333333,0.0,1e,Over-covered
2025-02-03,3,18999,1.2583333333333333,0.0,3e,Under-covered
2025-02-03,4,10660,1.2583333333333333,0.0,4e,Under-covered
2025-02-03,5,5532,1.2583333333333333,0.0,5e,Under-covered
2025-02-03,7,14693,1.2583333333333333,0.0,7e,Under-covered
2025-02-03,8,8146,1.2583333333333333,0.0,8e,Under-covered
2025-02-03,10,9261,1.2583333333333333,0.0,10e,Under-covered
2025-02-03,11,18108,1.2583333333333333,0.0,11e,Under-covered
2025-02-03,12,17779,1.2583333333333333,0.0,12e,Over-covered
2025-02-03,13,19097,1.2583333333333333,0.0,13e,Over-covered
2025-02-03,14,11100,1.2583333333333333,0.0,14e,Over-covered
2025-02-03,15,14565,1.2583333333333333,0.0,15e,Over-covered
2025-02-03,17,3551,1.2583333333333333,0.0,17e,Over-covered
2025-02-03,19,16109,1.2583333333333333,0.0,19e,Under-covered
2025-02-03,20,4385,1.2583333333333333,0.0,20e,Over-covered
2025-02-04,1,8277,1.3291666666666668,0.0,1e,Over-covered
2025-02-04,3,19852,1.3291666666666668,0.0,3e,Under-covered
2025-02-04,4,11062,1.3291666666666668,0.0,4e,Under-covered
2025-02-04,5,5920,1.3291666666666666,0.0,5e,Under-covered
2025-02-04,7,13911,1.3291666666666668,0.0,7e,Under-covered
2025-02-04,8,8401,1.3291666666666668,0.0,8e,Under-covered
2025-02-04,10,9800,1.3291666666666668,0.0,10e,Under-covered
2025-02-04,11,18781,1.3291666666666666,0.0,11e,Under-covered
2025-02-04,12,18070,1.3291666666666668,0.0,12e,Over-covered
2025-02-04,13,20348,1.3291666666666666,0.0,13e,Over-covered
2025-02-04,14,11306,1.3291666666666668,0.0,14e,Over-covered
2025-02-04,15,14948,1.3291666666666666,0.0,15e,Over-covered
2025-02-04,17,3651,1.3291666666666668,0.0,17e,Over-covered
2025-02-04,19,15944,1.3291666666666668,0.0,19e,Under-covered
2025-02-04,20,4297,1.3291666666666666,0.0,20e,Over-covered
2025-02-05,1,6945,4.520833333333333,0.0,1e,Over-covered
2025-02-05,3,20613,4.520833333333333,0.0,3e,Under-covered
2025-02-05,4,11251,4.520833333333333,0.0,4e,Under-covered
2025-02-05,5,6022,4.520833333333333,0.0,5e,Under-covered
2025-02-05,7,14899,4.520833333333333,0.0,7e,Under-covered
2025-02-05,8,8151,4.520833333333333,0.0,8e,Under-covered
2025-02-05,10,10484,4.520833333333333,0.0,10e,Under-covered
2025-02-05,11,18604,4.520833333333333,0.0,11e,Under-covered
2025-02-05,12,17910,4.520833333333333,0.0,12e,Over-covered
2025-02-05,13,20418,4.520833333333333,0.0,13e,Over-covered
2025-02-05,14,10606,4.520833333333333,0.0,14e,Over-covered
2025-02-05,15,14809,4.520833333333333,0.0,15e,Over-covered
2025-02-05,17,3621,4.520833333333333,0.0,17e,Over-covered
2025-02-05,19,16135,4.520833333333333,0.0,19e,Under-covered
2025-02-05,20,4115,4.520833333333333,0.0,20e,Over-covered
2025-02-06,1,7304,3.2916666666666665,0.8,1e,Over-covered
2025-02-06,3,20995,3.2916666666666665,0.8,3e,Under-covered
2025-02-06,4,11365,3.2916666666666665,0.8,4e,Under-covered
2025-02-06,5,6127,3.2916666666666665,0.4,5e,Under-covered
2025-02-06,7,15746,3.2916666666666665,1.4000000000000001,7e,Under-covered
2025-02-06,8,8343,3.2916666666666665,0.8,8e,Under-covered
2025-02-06,10,10331,3.2916666666666665,0.4,10e,Under-covered
2025-02-06,11,19305,3.2916666666666665,1.0,11e,Under-covered
2025-02-06,12,18601,3.2916666666666665,3.2,12e,Over-covered
2025-02-06,13,20484,3.2916666666666665,2.6,13e,Over-covered
2025-02-06,14,11168,3.2916666666666665,1.8,14e,Over-covered
2025-02-06,15,14883,3.2916666666666665,2.0,15e,Over-covered
2025-02-06,17,3475,3.2842105263157895,0.7000000000000001,17e,Over-covered
2025-02-06,19,16461,3.2916666666666665,1.6,19e,Under-covered
2025-02-06,20,4373,3.2916666666666665,1.0,20e,Over-covered
2025-02-07,1,5198,4.0874999999999995,4.0,1e,Over-covered
2025-02-07,3,17911,4.0874999999999995,4.0,3e,Under-covered
2025-02-07,4,9960,4.0874999999999995,4.0,4e,Under-covered
2025-02-07,5,5000,4.0874999999999995,2.0,5e,Under-covered
2025-02-07,7,12692,4.0875,7.0,7e,Under-covered
2025-02-07,8,6576,4.0874999999999995,4.0,8e,Under-covered
2025-02-07,10,9481,4.0874999999999995,2.0,10e,Under-covered
2025-02-07,11,17364,4.0875,5.0,11e,Under-covered
2025-02-07,12,15272,4.0874999999999995,16.0,12e,Over-covered
2025-02-07,13,16865,4.0874999999999995,13.0,13e,Over-covered
2025-02-07,14,9429,4.0874999999999995,9.0,14e,Over-covered
2025-02-07,15,12825,4.0875,10.0,15e,Over-covered
2025-02-07,17,2818,4.0874999999999995,4.0,17e,Over-covered
2025-02-07,19,14006,4.0874999999999995,8.0,19e,Under-covered
2025-02-07,20,3802,4.0875,5.0,20e,Over-covered
2025-02-08,1,3013,5.608333333333333,8.4,1e,Over-covered
2025-02-08,3,16736,5.608333333333333,8.4,3e,Under-covered
2025-02-08,4,9002,5.608333333333333,8.4,4e,Under-covered
2025-02-08,5,4367,5.608333333333333,4.2,5e,Under-covered
2025-02-08,7,9825,5.608333333333333,14.7,7e,Under-covered
2025-02-08,8,4593,5.608333333333333,8.4,8e,Under-covered
2025-02-08,10,9518,5.608333333333333,4.2,10e,Under-covered
2025-02-08,11,14684,5.608333333333333,10.5,11e,Under-covered
2025-02-08,12,11215,5.608333333333333,33.6,12e,Over-covered
2025-02-08,13,12601,5.608333333333333,27.3,13e,Over-covered
2025-02-08,14,5954,5.608333333333333,18.9,14e,Over-covered
2025-02-08,15,8768,5.608333333333333,21.0,15e,Over-covered
2025-02-08,17,1901,5.608333333333333,8.4,17e,Over-covered
2025-02-08,19,12304,5.608333333333333,16.8,19e,Under-covered
2025-02-08,20,2823,5.608333333333333,10.5,20e,Over-covered
2025-02-09,1,2573,4.7375,22.0,1e,Over-covered
2025-02-09,3,12355,4.7375,22.0,3e,Under-covered
2025-02-09,4,7000,4.7375,22.0,4e,Under-covered
2025-02-09,5,3438,4.7375,11.0,5e,Under-covered
2025-02-09,7,7769,4.7375,38.5,7e,Under-covered
2025-02-09,8,3858,4.7375,22.0,8e,Under-covered
2025-02-09,10,7313,4.7375,11.0,10e,Under-covered
2025-02-09,11,11297,4.7375,27.5,11e,Under-covered
2025-02-09,12,10357,4.7375,88.0,12e,Over-covered
2025-02-09,13,10552,4.7375,71.5,13e,Over-covered
2025-02-09,14,4958,4.737500000000001,49.5,14e,Over-covered
2025-02-09,15,6830,4.7375,55.0,15e,Over-covered
2025-02-09,17,1568,4.737894736842105,21.9,17e,Over-covered
2025-02-09,19,10695,4.7375,44.0,19e,Under-covered
2025-02-09,20,2266,4.7375,27.5,20e,Over-covered
2025-02-10,1,5293,4.158333333333333,33.6,1e,Over-covered
2025-02-10,3,15192,4.158333333333333,33.6,3e,Under-covered
2025-02-10,4,8170,4.158333333333333,33.6,4e,Under-covered
2025-02-10,5,4533,4.158333333333333,16.8,5e,Under-covered
2025-02-10,7,12790,4.16987951807229,58.8,7e,Under-covered
2025-02-10,8,6118,4.158333333333333,33.6,8e,Under-covered
2025-02-10,10,7743,4.158333333333333,16.8,10e,Under-covered
2025-02-10,11,14850,4.158333333333333,42.0,11e,Under-covered
2025-02-10,12,15150,4.158333333333333,134.4,12e,Over-covered
2025-02-10,13,16658,4.158333333333333,109.2,13e,Over-covered
2025-02-10,14,9356,4.158333333333333,75.6,14e,Over-covered
2025-02-10,15,12178,4.158333333333333,84.0,15e,Over-covered
2025-02-10,17,2198,4.1875,29.0,17e,Over-covered
2025-02-10,19,12894,4.158333333333333,67.2,19e,Under-covered
2025-02-10,20,3558,4.158333333333333,42.0,20e,Over-covered
2025-02-11,1,7899,3.983333333333333,0.0,1e,Over-covered
2025-02-11,3,21394,3.983333333333333,0.0,3e,Under-covered
2025-02-11,4,11777,3.983333333333333,0.0,4e,Under-covered
2025-02-11,5,6664,3.983333333333333,0.0,5e,Under-covered
2025-02-11,7,17046,3.9833333333333334,0.0,7e,Under-covered
2025-02-11,8,10011,3.983333333333333,0.0,8e,Under-covered
2025-02-11,10,10492,3.983333333333333,0.0,10e,Under-covered
2025-02-11,11,19734,3.9833333333333334,0.0,11e,Under-covered
2025-02-11,12,19476,3.983333333333333,0.0,12e,Over-covered
2025-02-11,13,22046,3.9833333333333334,0.0,13e,Over-covered
2025-02-11,14,12080,3.9833333333333334,0.0,14e,Over-covered
2025-02-11,15,15840,3.9833333333333334,0.0,15e,Over-covered
2025-02-11,17,2672,3.9428571428571426,0.0,17e,Over-covered
2025-02-11,19,16762,3.983333333333333,0.0,19e,Under-covered
2025-02-11,20,4509,3.9833333333333334,0.0,20e,Over-covered
2025-02-12,1,7389,3.4499999999999997,1.6,1e,Over-covered
2025-02-12,3,21308,3.4499999999999997,1.6,3e,Under-covered
2025-02-12,4,11727,3.4499999999999997,1.6,4e,Under-covered
2025-02-12,5,6162,3.4499999999999997,0.8,5e,Under-covered
2025-02-12,7,15214,3.3850000000000002,2.8000000000000003,7e,Under-covered
2025-02-12,8,8681,3.4499999999999997,1.6,8e,Under-covered
2025-02-12,10,10641,3.4499999999999997,0.8,10e,Under-covered
2025-02-12,11,19991,3.45,2.0,11e,Under-covered
2025-02-12,12,18788,3.4499999999999997,6.4,12e,Over-covered
2025-02-12,13,21200,3.45,5.2,13e,Over-covered
2025-02-12,14,11257,3.45,3.6,14e,Over-covered
2025-02-12,15,15153,3.45,4.0,15e,Over-covered
2025-02-12,17,2529,3.343037974683545,1.2000000000000002,17e,Over-covered
2025-02-12,19,16744,3.4499999999999997,3.2,19e,Under-covered
2025-02-12,20,4337,3.45,2.0,20e,Over-covered
2025-02-13,1,7898,4.454166666666667,0.4,1e,Over-covered
2025-02-13,3,22440,4.454166666666667,0.4,3e,Under-covered
2025-02-13,4,12289,4.454166666666667,0.4,4e,Under-covered
2025-02-13,5,6605,4.454166666666667,0.2,5e,Under-covered
2025-02-13,7,17536,4.4716867469879515,0.7000000000000001,7e,Under-covered
2025-02-13,8,9349,4.454166666666667,0.4,8e,Under-covered
2025-02-13,10,10991,4.454166666666667,0.2,10e,Under-covered
2025-02-13,11,20447,4.454166666666667,0.5,11e,Under-covered
2025-02-13,12,19308,4.454166666666667,1.6,12e,Over-covered
2025-02-13,13,22192,4.454166666666667,1.3,13e,Over-covered
2025-02-13,14,12049,4.454166666666667,0.9,14e,Over-covered
2025-02-13,15,15909,4.454166666666667,1.0,15e,Over-covered
2025-02-13,17,3407,4.492045454545455,0.4,17e,Over-covered
2025-02-13,19,17181,4.454166666666667,0.8,19e,Under-covered
2025-02-13,20,4454,4.454166666666667,0.5,20e,Over-covered
2025-02-14,1,6232,1.4875,0.0,1e,Over-covered
2025-02-14,3,20605,1.4875,0.0,3e,Under-covered
2025-02-14,4,10844,1.4875,0.0,4e,Under-covered
2025-02-14,5,5501,1.4875,0.0,5e,Under-covered
2025-02-14,7,10347,1.4875,0.0,7e,Under-covered
2025-02-14,8,7436,1.4874999999999998,0.0,8e,Under-covered
2025-02-14,10,10389,1.4875,0.0,10e,Under-covered
2025-02-14,11,19086,1.4875,0.0,11e,Under-covered
2025-02-14,12,16768,1.4875,0.0,12e,Over-covered
2025-02-14,13,18368,1.4874999999999998,0.0,13e,Over-covered
2025-02-14,14,10010,1.4875,0.0,14e,Over-covered
2025-02-14,15,12900,1.4875,0.0,15e,Over-covered
2025-02-14,17,3081,1.4875,0.0,17e,Over-covered
2025-02-14,19,15423,1.4875,0.0,19e,Under-covered
2025-02-14,20,4082,1.4875,0.0,20e,Over-covered
2025-02-15,1,2868,0.6208333333333333,0.0,1e,Over-covered
2025-02-15,3,15773,0.6208333333333333,0.0,3e,Under-covered
2025-02-15,4,8228,0.6208333333333333,0.0,4e,Under-covered
2025-02-15,5,3805,0.6208333333333333,0.0,5e,Under-covered
2025-02-15,7,7244,0.695138888888889,0.0,7e,Under-covered
2025-02-15,8,4177,0.6208333333333333,0.0,8e,Under-covered
2025-02-15,10,8956,0.6208333333333333,0.0,10e,Under-covered
2025-02-15,11,13893,0.6208333333333333,0.0,11e,Under-covered
2025-02-15,12,10538,0.6208333333333333,0.0,12e,Over-covered
2025-02-15,13,11724,0.6208333333333333,0.0,13e,Over-covered
2025-02-15,14,5573,0.6208333333333333,0.0,14e,Over-covered
2025-02-15,15,7651,0.6208333333333333,0.0,15e,Over-covered
2025-02-15,17,1803,0.6208333333333333,0.0,17e,Over-covered
2025-02-15,19,11818,0.6208333333333333,0.0,19e,Under-covered
2025-02-15,20,2638,0.6208333333333333,0.0,20e,Over-covered
2025-02-16,1,3322,1.7958333333333334,0.0,1e,Over-covered
2025-02-16,3,13274,1.7958333333333334,0.0,3e,Under-covered
2025-02-16,4,7941,1.7958333333333334,0.0,4e,Under-covered
2025-02-16,5,3572,1.7958333333333334,0.0,5e,Under-covered
2025-02-16,7,9880,1.7958333333333332,0.0,7e,Under-covered
2025-02-16,8,4714,1.7958333333333334,0.0,8e,Under-covered
2025-02-16,10,7476,1.7958333333333334,0.0,10e,Under-covered
2025-02-16,11,12180,1.7958333333333334,0.0,11e,Under-covered
2025-02-16,12,11291,1.7958333333333334,0.0,12e,Over-covered
2025-02-16,13,10387,1.7958333333333332,0.0,13e,Over-covered
2025-02-16,14,4812,1.7958333333333332,0.0,14e,Over-covered
2025-02-16,15,7306,1.7958333333333334,0.0,15e,Over-covered
2025-02-16,17,1630,1.7958333333333334,0.0,17e,Over-covered
2025-02-16,19,10925,1.7958333333333334,0.0,19e,Under-covered
2025-02-16,20,2373,1.7958333333333334,0.0,20e,Over-covered
2025-02-17,1,6731,1.7874999999999999,0.0,1e,Over-covered
2025-02-17,3,17927,1.7874999999999999,0.0,3e,Under-covered
2025-02-17,4,9642,1.7874999999999999,0.0,4e,Under-covered
2025-02-17,5,5228,1.7874999999999999,0.0,5e,Under-covered
2025-02-17,7,15642,1.7875,0.0,7e,Under-covered
2025-02-17,8,7621,1.7874999999999999,0.0,8e,Under-covered
2025-02-17,10,9011,1.7874999999999999,0.0,10e,Under-covered
2025-02-17,11,17309,1.7875,0.0,11e,Under-covered
2025-02-17,12,16507,1.7874999999999999,0.0,12e,Over-covered
2025-02-17,13,18416,1.7875,0.0,13e,Over-covered
2025-02-17,14,9488,1.7875,0.0,14e,Over-covered
2025-02-17,15,12815,1.7875,0.0,15e,Over-covered
2025-02-17,17,3262,1.7874999999999999,0.0,17e,Over-covered
2025-02-17,19,14711,1.7874999999999999,0.0,19e,Under-covered
2025-02-17,20,3663,1.7875,0.0,20e,Over-covered
2025-02-18,1,7525,2.8791666666666664,0.0,1e,Over-covered
2025-02-18,3,20275,2.8791666666666664,0.0,3e,Under-covered
2025-02-18,4,11094,2.8791666666666664,0.0,4e,Under-covered
2025-02-18,5,6045,2.8791666666666664,0.0,5e,Under-covered
2025-02-18,7,15647,2.8791666666666664,0.0,7e,Under-covered
2025-02-18,8,8531,2.8791666666666664,0.0,8e,Under-covered
2025-02-18,10,9991,2.8791666666666664,0.0,10e,Under-covered
2025-02-18,11,18468,2.879166666666667,0.0,11e,Under-covered
2025-02-18,12,18168,2.8791666666666664,0.0,12e,Over-covered
2025-02-18,13,20049,2.8791666666666664,0.0,13e,Over-covered
2025-02-18,14,10180,2.8791666666666664,0.0,14e,Over-covered
2025-02-18,15,13801,2.879166666666667,0.0,15e,Over-covered
2025-02-18,17,3527,2.8791666666666664,0.0,17e,Over-covered
2025-02-18,19,15868,2.8791666666666664,0.0,19e,Under-covered
2025-02-18,20,3960,2.879166666666667,0.0,20e,Over-covered
2025-02-19,1,7197,5.1000000000000005,0.0,1e,Over-covered
2025-02-19,3,20677,5.1000000000000005,0.0,3e,Under-covered
2025-02-19,4,11401,5.1000000000000005,0.0,4e,Under-covered
2025-02-19,5,5720,5.1000000000000005,0.0,5e,Under-covered
2025-02-19,7,15191,5.1,0.0,7e,Under-covered
2025-02-19,8,8256,5.1000000000000005,0.0,8e,Under-covered
2025-02-19,10,10443,5.1000000000000005,0.0,10e,Under-covered
2025-02-19,11,19067,5.1,0.0,11e,Under-covered
2025-02-19,12,17273,5.1000000000000005,0.0,12e,Over-covered
2025-02-19,13,19575,5.1000000000000005,0.0,13e,Over-covered
2025-02-19,14,9822,5.1,0.0,14e,Over-covered
2025-02-19,15,13755,5.1,0.0,15e,Over-covered
2025-02-19,17,3318,5.1000000000000005,0.0,17e,Over-covered
2025-02-19,19,15286,5.1000000000000005,0.0,19e,Under-covered
2025-02-19,20,3890,5.1,0.0,20e,Over-covered
2025-02-20,1,6303,9.725,6.0,1e,Over-covered
2025-02-20,3,19515,9.725,6.000000000000001,3e,Under-covered
2025-02-20,4,10437,9.725,6.000000000000001,4e,Under-covered
2025-02-20,5,5535,9.725,3.0,5e,Under-covered
2025-02-20,7,14851,9.725,10.5,7e,Under-covered
2025-02-20,8,7837,9.725,6.0,8e,Under-covered
2025-02-20,10,10280,9.725,3.0,10e,Under-covered
2025-02-20,11,17864,9.725,7.5,11e,Under-covered
2025-02-20,12,16433,9.725,24.0,12e,Over-covered
2025-02-20,13,17873,9.725,19.5,13e,Over-covered
2025-02-20,14,9204,9.725,13.500000000000002,14e,Over-covered
2025-02-20,15,12664,9.725,15.000000000000002,15e,Over-covered
2025-02-20,17,3232,9.725,6.000000000000001,17e,Over-covered
2025-02-20,19,14367,9.725,12.0,19e,Under-covered
2025-02-20,20,3647,9.725,7.5,20e,Over-covered
2025-02-21,1,5436,12.091666666666667,0.4,1e,Over-covered
2025-02-21,3,20187,12.091666666666667,0.4,3e,Under-covered
2025-02-21,4,10890,12.091666666666667,0.4,4e,Under-covered
2025-02-21,5,5350,12.091666666666667,0.2,5e,Under-covered
2025-02-21,7,14224,12.091666666666667,0.7000000000000001,7e,Under-covered
2025-02-21,8,7312,12.091666666666667,0.4,8e,Under-covered
2025-02-21,10,10839,12.091666666666667,0.2,10e,Under-covered
2025-02-21,11,18695,12.091666666666667,0.5,11e,Under-covered
2025-02-21,12,15561,12.091666666666667,1.6,12e,Over-covered
2025-02-21,13,17105,12.091666666666667,1.3,13e,Over-covered
2025-02-21,14,8348,12.091666666666667,0.9,14e,Over-covered
2025-02-21,15,11603,12.091666666666667,1.0,15e,Over-covered
2025-02-21,17,2889,12.091666666666667,0.4,17e,Over-covered
2025-02-21,19,14629,12.091666666666667,0.8,19e,Under-covered
2025-02-21,20,3799,12.091666666666667,0.5,20e,Over-covered
2025-02-22,1,2645,10.466666666666667,24.0,1e,Over-covered
2025-02-22,3,16086,10.466666666666667,24.0,3e,Under-covered
2025-02-22,4,8662,10.466666666666667,24.0,4e,Under-covered
2025-02-22,5,3985,10.466666666666667,12.0,5e,Under-covered
2025-02-22,7,8883,10.466666666666667,42.0,7e,Under-covered
2025-02-22,8,4537,10.466666666666667,24.0,8e,Under-covered
2025-02-22,10,9283,10.466666666666667,12.0,10e,Under-covered
2025-02-22,11,13848,10.466666666666667,30.0,11e,Under-covered
2025-02-22,12,10163,10.466666666666667,96.0,12e,Over-covered
2025-02-22,13,11343,10.466666666666667,78.0,13e,Over-covered
2025-02-22,14,4968,10.466666666666667,54.0,14e,Over-covered
2025-02-22,15,7586,10.466666666666667,60.0,15e,Over-covered
2025-02-22,17,1625,10.466666666666667,24.0,17e,Over-covered
2025-02-22,19,11569,10.466666666666667,48.0,19e,Under-covered
2025-02-22,20,2408,10.466666666666667,30.0,20e,Over-covered
2025-02-23,1,4354,9.020833333333334,0.0,1e,Over-covered
2025-02-23,3,15363,9.020833333333334,0.0,3e,Under-covered
2025-02-23,4,9764,9.020833333333334,0.0,4e,Under-covered
2025-02-23,5,4554,9.020833333333334,0.0,5e,Under-covered
2025-02-23,7,10684,9.020833333333334,0.0,7e,Under-covered
2025-02-23,8,5959,9.020833333333334,0.0,8e,Under-covered
2025-02-23,10,8582,9.020833333333334,0.0,10e,Under-covered
2025-02-23,11,13573,9.020833333333334,0.0,11e,Under-covered
2025-02-23,12,12381,9.020833333333334,0.0,12e,Over-covered
2025-02-23,13,12604,9.020833333333334,0.0,13e,Over-covered
2025-02-23,14,5816,9.020833333333334,0.0,14e,Over-covered
2025-02-23,15,9245,9.020833333333334,0.0,15e,Over-covered
2025-02-23,17,1962,9.020833333333334,0.0,17e,Over-covered
2025-02-23,19,12908,9.020833333333334,0.0,19e,Under-covered
2025-02-23,20,2600,9.020833333333334,0.0,20e,Over-covered
2025-02-24,1,5648,10.233333333333333,12.4,1e,Over-covered
2025-02-24,3,16513,10.233333333333333,12.4,3e,Under-covered
2025-02-24,4,8713,10.233333333333333,12.4,4e,Under-covered
2025-02-24,5,4549,10.233333333333333,6.2,5e,Under-covered
2025-02-24,7,13244,10.233333333333334,21.7,7e,Under-covered
2025-02-24,8,6511,10.233333333333333,12.4,8e,Under-covered
2025-02-24,10,8466,10.233333333333333,6.2,10e,Under-covered
2025-02-24,11,15689,10.233333333333333,15.5,11e,Under-covered
2025-02-24,12,14490,10.233333333333333,49.6,12e,Over-covered
2025-02-24,13,16221,10.233333333333334,40.3,13e,Over-covered
2025-02-24,14,8360,10.233333333333334,27.9,14e,Over-covered
2025-02-24,15,11501,10.233333333333333,31.0,15e,Over-covered
2025-02-24,17,2656,10.233333333333333,12.4,17e,Over-covered
2025-02-24,19,13457,10.233333333333333,24.8,19e,Under-covered
2025-02-24,20,3330,10.233333333333333,15.5,20e,Over-covered
2025-02-25,1,4139,7.970833333333334,73.2,1e,Over-covered
2025-02-25,3,12648,7.970833333333334,73.2,3e,Under-covered
2025-02-25,4,6403,7.970833333333334,73.2,4e,Under-covered
2025-02-25,5,3467,7.970833333333334,36.6,5e,Under-covered
2025-02-25,7,10216,7.970833333333333,128.1,7e,Under-covered
2025-02-25,8,4983,7.970833333333334,73.2,8e,Under-covered
2025-02-25,10,6716,7.970833333333334,36.6,10e,Under-covered
2025-02-25,11,12531,7.970833333333333,91.5,11e,Under-covered
2025-02-25,12,12238,7.970833333333334,292.8,12e,Over-covered
2025-02-25,13,12686,7.970833333333333,237.9,13e,Over-covered
2025-02-25,14,7091,7.970833333333333,164.7,14e,Over-covered
2025-02-25,15,9619,7.970833333333333,183.0,15e,Over-covered
2025-02-25,17,2274,7.970833333333334,73.2,17e,Over-covered
2025-02-25,19,11067,7.970833333333334,146.4,19e,Under-covered
2025-02-25,20,2706,7.970833333333333,91.5,20e,Over-covered
2025-02-26,1,5370,7.0249999999999995,10.4,1e,Over-covered
2025-02-26,3,17246,7.0249999999999995,10.4,3e,Under-covered
2025-02-26,4,9199,7.0249999999999995,10.4,4e,Under-covered
2025-02-26,5,4684,7.0249999999999995,5.2,5e,Under-covered
2025-02-26,7,13108,7.025,18.2,7e,Under-covered
2025-02-26,8,6467,7.0249999999999995,10.4,8e,Under-covered
2025-02-26,10,8943,7.0249999999999995,5.199999999999999,10e,Under-covered
2025-02-26,11,16232,7.025,13.0,11e,Under-covered
2025-02-26,12,14412,7.0249999999999995,41.6,12e,Over-covered
2025-02-26,13,16063,7.025,33.8,13e,Over-covered
2025-02-26,14,8133,7.0249999999999995,23.4,14e,Over-covered
2025-02-26,15,11147,7.025,26.0,15e,Over-covered
2025-02-26,17,2741,7.0249999999999995,10.4,17e,Over-covered
2025-02-26,19,13979,7.0249999999999995,20.8,19e,Under-covered
2025-02-26,20,3397,7.025,13.0,20e,Over-covered
2025-02-27,1,6356,5.8999999999999995,1.6,1e,Over-covered
2025-02-27,3,20394,5.8999999999999995,1.6,3e,Under-covered
2025-02-27,4,11158,5.8999999999999995,1.6,4e,Under-covered
2025-02-27,5,5561,5.8999999999999995,0.8,5e,Under-covered
2025-02-27,7,16670,5.9,2.8000000000000003,7e,Under-covered
2025-02-27,8,7912,5.8999999999999995,1.6,8e,Under-covered
2025-02-27,10,10283,5.8999999999999995,0.8,10e,Under-covered
2025-02-27,11,18874,5.9,2.0,11e,Under-covered
2025-02-27,12,16511,5.8999999999999995,6.4,12e,Over-covered
2025-02-27,13,18258,5.8999999999999995,5.2,13e,Over-covered
2025-02-27,14,9352,5.9,3.6,14e,Over-covered
2025-02-27,15,13098,5.9,4.0,15e,Over-covered
2025-02-27,17,3197,5.8999999999999995,1.6,17e,Over-covered
2025-02-27,19,15466,5.8999999999999995,3.2,19e,Under-covered
2025-02-27,20,3794,5.9,2.0,20e,Over-covered
2025-02-28,1,4951,4.954166666666667,2.0,1e,Over-covered
2025-02-28,3,18748,4.954166666666667,2.0,3e,Under-covered
2025-02-28,4,9987,4.954166666666667,2.0,4e,Under-covered
2025-02-28,5,4945,4.954166666666667,1.0,5e,Under-covered
2025-02-28,7,13145,4.899390243902439,3.3,7e,Under-covered
2025-02-28,8,6663,4.954166666666667,2.0,8e,Under-covered
2025-02-28,10,10079,4.954166666666667,1.0,10e,Under-covered
2025-02-28,11,18129,4.954166666666667,2.5,11e,Under-covered
2025-02-28,12,14780,4.954166666666667,8.0,12e,Over-covered
2025-02-28,13,16415,4.954166666666667,6.5,13e,Over-covered
2025-02-28,14,8214,4.954166666666667,4.5,14e,Over-covered
2025-02-28,15,11086,4.954166666666667,5.0,15e,Over-covered
2025-02-28,17,2628,4.954166666666667,2.0,17e,Over-covered
2025-02-28,19,14511,4.954166666666667,4.0,19e,Under-covered
2025-02-28,20,3448,4.954166666666667,2.5,20e,Over-covered
2025-03-01,1,3412,3.6166666666666667,0.0,1e,Over-covered
2025-03-01,3,16291,3.6166666666666667,0.0,3e,Under-covered
2025-03-01,4,8592,3.6166666666666667,0.0,4e,Under-covered
2025-03-01,5,4156,3.6166666666666667,0.0,5e,Under-covered
2025-03-01,7,9859,3.6166666666666667,0.0,7e,Under-covered
2025-03-01,8,4405,3.6166666666666667,0.0,8e,Under-covered
2025-03-01,10,9000,3.6166666666666667,0.0,10e,Under-covered
2025-03-01,11,14192,3.6166666666666667,0.0,11e,Under-covered
2025-03-01,12,10842,3.6166666666666667,0.0,12e,Over-covered
2025-03-01,13,12024,3.616666666666667,0.0,13e,Over-covered
2025-03-01,14,6015,3.6166666666666667,0.0,14e,Over-covered
2025-03-01,15,9795,3.6166666666666667,0.0,15e,Over-covered
2025-03-01,17,1694,3.6166666666666667,0.0,17e,Over-covered
2025-03-01,19,12662,3.6166666666666667,0.0,19e,Under-covered
2025-03-01,20,2593,3.6166666666666667,0.0,20e,Over-covered
2025-03-02,1,4123,4.6125,0.0,1e,Over-covered
2025-03-02,3,14529,4.6125,0.0,3e,Under-covered
2025-03-02,4,8773,4.6125,0.0,4e,Under-covered
2025-03-02,5,4290,4.6125,0.0,5e,Under-covered
2025-03-02,7,8310,4.404375,0.0,7e,Under-covered
2025-03-02,8,5186,4.6125,0.0,8e,Under-covered
2025-03-02,10,8151,4.6125,0.0,10e,Under-covered
2025-03-02,11,13655,4.6125,0.0,11e,Under-covered
2025-03-02,12,11779,4.6125,0.0,12e,Over-covered
2025-03-02,13,11702,4.6125,0.0,13e,Over-covered
2025-03-02,14,5568,4.612500000000001,0.0,14e,Over-covered
2025-03-02,15,9746,4.6125,0.0,15e,Over-covered
2025-03-02,17,1978,4.6125,0.0,17e,Over-covered
2025-03-02,19,13119,4.6125,0.0,19e,Under-covered
2025-03-02,20,2595,4.6125,0.0,20e,Over-covered
2025-03-03,1,8972,4.708333333333333,0.0,1e,Over-covered
2025-03-03,3,21428,4.708333333333333,0.0,3e,Under-covered
2025-03-03,4,11730,4.708333333333333,0.0,4e,Under-covered
2025-03-03,5,6273,4.708333333333333,0.0,5e,Under-covered
2025-03-03,7,17287,4.708333333333333,0.0,7e,Under-covered
2025-03-03,8,9712,4.708333333333333,0.0,8e,Under-covered
2025-03-03,10,10333,4.708333333333333,0.0,10e,Under-covered
2025-03-03,11,20323,4.708333333333333,0.0,11e,Under-covered
2025-03-03,12,19853,4.708333333333333,0.0,12e,Over-covered
2025-03-03,13,22550,4.708333333333333,0.0,13e,Over-covered
2025-03-03,14,12270,4.708333333333333,0.0,14e,Over-covered
2025-03-03,15,16663,4.708333333333333,0.0,15e,Over-covered
2025-03-03,17,3840,4.708333333333333,0.0,17e,Over-covered
2025-03-03,19,17430,4.708333333333333,0.0,19e,Under-covered
2025-03-03,20,4386,4.708333333333333,0.0,20e,Over-covered
2025-03-04,1,9815,5.75,0.0,1e,Over-covered
2025-03-04,3,24641,5.75,0.0,3e,Under-covered
2025-03-04,4,13299,5.75,0.0,4e,Under-covered
2025-03-04,5,7307,5.75,0.0,5e,Under-covered
2025-03-04,7,19677,5.75,0.0,7e,Under-covered
2025-03-04,8,10845,5.75,0.0,8e,Under-covered
2025-03-04,10,11865,5.75,0.0,10e,Under-covered
2025-03-04,11,22813,5.75,0.0,11e,Under-covered
2025-03-04,12,21639,5.75,0.0,12e,Over-covered
2025-03-04,13,24830,5.75,0.0,13e,Over-covered
2025-03-04,14,13415,5.75,0.0,14e,Over-covered
2025-03-04,15,17907,5.75,0.0,15e,Over-covered
2025-03-04,17,4390,5.75,0.0,17e,Over-covered
2025-03-04,19,19033,5.75,0.0,19e,Under-covered
2025-03-04,20,4993,5.75,0.0,20e,Over-covered
2025-03-05,1,10314,7.695833333333333,0.0,1e,Over-covered
2025-03-05,3,26593,7.695833333333333,0.0,3e,Under-covered
2025-03-05,4,15103,7.695833333333333,0.0,4e,Under-covered
2025-03-05,5,7761,7.695833333333333,0.0,5e,Under-covered
2025-03-05,7,20354,7.695833333333334,0.0,7e,Under-covered
2025-03-05,8,11817,7.695833333333333,0.0,8e,Under-covered
2025-03-05,10,13255,7.695833333333333,0.0,10e,Under-covered
2025-03-05,11,24397,7.695833333333334,0.0,11e,Under-covered
2025-03-05,12,22111,7.695833333333333,0.0,12e,Over-covered
2025-03-05,13,25776,7.695833333333333,0.0,13e,Over-covered
2025-03-05,14,13127,7.695833333333333,0.0,14e,Over-covered
2025-03-05,15,19648,7.695833333333334,0.0,15e,Over-covered
2025-03-05,17,4421,7.695833333333333,0.0,17e,Over-covered
2025-03-05,19,20167,7.695833333333333,0.0,19e,Under-covered
2025-03-05,20,5005,7.695833333333334,0.0,20e,Over-covered
2025-03-06,1,10607,9.25,0.0,1e,Over-covered
2025-03-06,3,27877,9.25,0.0,3e,Under-covered
2025-03-06,4,15914,9.25,0.0,4e,Under-covered
2025-03-06,5,8363,9.25,0.0,5e,Under-covered
2025-03-06,7,21837,9.25421686746988,0.0,7e,Under-covered
2025-03-06,8,12720,9.25,0.0,8e,Under-covered
2025-03-06,10,13871,9.25,0.0,10e,Under-covered
2025-03-06,11,25285,9.25,0.0,11e,Under-covered
2025-03-06,12,23820,9.25,0.0,12e,Over-covered
2025-03-06,13,26804,9.25,0.0,13e,Over-covered
2025-03-06,14,13988,9.25,0.0,14e,Over-covered
2025-03-06,15,19050,9.25,0.0,15e,Over-covered
2025-03-06,17,4716,9.25,0.0,17e,Over-covered
2025-03-06,19,20739,9.25,0.0,19e,Under-covered
2025-03-06,20,5321,9.25,0.0,20e,Over-covered
2025-03-07,1,8547,10.645833333333334,0.0,1e,Over-covered
2025-03-07,3,27364,10.645833333333334,0.0,3e,Under-covered
2025-03-07,4,15586,10.645833333333334,0.0,4e,Under-covered
2025-03-07,5,7722,10.645833333333334,0.0,5e,Under-covered
2025-03-07,7,13755,10.645833333333334,0.0,7e,Under-covered
2025-03-07,8,10843,10.645833333333334,0.0,8e,Under-covered
2025-03-07,10,13806,10.645833333333334,0.0,10e,Under-covered
2025-03-07,11,24701,10.645833333333334,0.0,11e,Under-covered
2025-03-07,12,21577,10.645833333333334,0.0,12e,Over-covered
2025-03-07,13,24176,10.645833333333334,0.0,13e,Over-covered
2025-03-07,14,12308,10.645833333333334,0.0,14e,Over-covered
2025-03-07,15,17219,10.645833333333334,0.0,15e,Over-covered
2025-03-07,17,3948,10.645833333333334,0.0,17e,Over-covered
2025-03-07,19,21568,10.645833333333334,0.0,19e,Under-covered
2025-03-07,20,5359,10.645833333333334,0.0,20e,Over-covered
2025-03-08,1,6112,11.641666666666666,0.0,1e,Over-covered
2025-03-08,3,24795,11.641666666666666,0.0,3e,Under-covered
2025-03-08,4,14856,11.641666666666666,0.0,4e,Under-covered
2025-03-08,5,7020,11.641666666666666,0.0,5e,Under-covered
2025-03-08,7,14441,12.165753424657535,0.0,7e,Under-covered
2025-03-08,8,8569,11.641666666666666,0.0,8e,Under-covered
2025-03-08,10,13447,11.641666666666666,0.0,10e,Under-covered
2025-03-08,11,17901,11.641666666666667,0.0,11e,Under-covered
2025-03-08,12,16442,11.641666666666666,0.0,12e,Over-covered
2025-03-08,13,18811,11.641666666666666,0.0,13e,Over-covered
2025-03-08,14,8251,11.641666666666666,0.0,14e,Over-covered
2025-03-08,15,12745,11.641666666666667,0.0,15e,Over-covered
2025-03-08,17,2842,11.641666666666666,0.0,17e,Over-covered
2025-03-08,19,19646,11.641666666666666,0.0,19e,Under-covered
2025-03-08,20,3972,11.641666666666667,0.0,20e,Over-covered
2025-03-09,1,5197,12.145833333333334,0.0,1e,Over-covered
2025-03-09,3,18524,12.145833333333334,0.0,3e,Under-covered
2025-03-09,4,10195,12.145833333333334,0.0,4e,Under-covered
2025-03-09,5,5857,12.145833333333334,0.0,5e,Under-covered
2025-03-09,7,10152,12.236305732484077,0.0,7e,Under-covered
2025-03-09,8,7450,12.145833333333334,0.0,8e,Under-covered
2025-03-09,10,10223,12.145833333333334,0.0,10e,Under-covered
2025-03-09,11,16796,12.145833333333334,0.0,11e,Under-covered
2025-03-09,12,14706,12.145833333333334,0.0,12e,Over-covered
2025-03-09,13,14417,12.145833333333334,0.0,13e,Over-covered
2025-03-09,14,6680,12.145833333333334,0.0,14e,Over-covered
2025-03-09,15,10803,12.145833333333334,0.0,15e,Over-covered
2025-03-09,17,2300,12.145833333333334,0.0,17e,Over-covered
2025-03-09,19,14692,12.145833333333334,0.0,19e,Under-covered
2025-03-09,20,3229,12.145833333333334,0.0,20e,Over-covered
2025-03-10,1,6704,10.450000000000001,13.2,1e,Over-covered
2025-03-10,3,18853,10.450000000000001,13.2,3e,Under-covered
2025-03-10,4,10196,10.450000000000001,13.2,4e,Under-covered
2025-03-10,5,5349,10.450000000000001,6.6,5e,Under-covered
2025-03-10,7,14793,10.450000000000001,23.099999999999998,7e,Under-covered
2025-03-10,8,7690,10.450000000000001,13.2,8e,Under-covered
2025-03-10,10,9779,10.450000000000001,6.6,10e,Under-covered
2025-03-10,11,18366,10.45,16.5,11e,Under-covered
2025-03-10,12,17106,10.450000000000001,52.8,12e,Over-covered
2025-03-10,13,19750,10.450000000000001,42.9,13e,Over-covered
2025-03-10,14,10963,10.45,29.7,14e,Over-covered
2025-03-10,15,14431,10.45,33.0,15e,Over-covered
2025-03-10,17,3195,10.450000000000001,13.2,17e,Over-covered
2025-03-10,19,16043,10.450000000000001,26.4,19e,Under-covered
2025-03-10,20,4242,10.45,16.5,20e,Over-covered
2025-03-11,1,9206,7.070833333333333,2.0,1e,Over-covered
2025-03-11,3,24186,7.070833333333333,2.0,3e,Under-covered
2025-03-11,4,12853,7.070833333333333,2.0,4e,Under-covered
2025-03-11,5,7242,7.070833333333333,1.0,5e,Under-covered
2025-03-11,7,17231,7.000641025641025,2.7,7e,Under-covered
2025-03-11,8,10488,7.070833333333333,2.0,8e,Under-covered
2025-03-11,10,11987,7.070833333333333,1.0,10e,Under-covered
2025-03-11,11,22825,7.070833333333334,2.5,11e,Under-covered
2025-03-11,12,21788,7.070833333333333,8.0,12e,Over-covered
2025-03-11,13,24638,7.070833333333333,6.5,13e,Over-covered
2025-03-11,14,13396,7.070833333333333,4.5,14e,Over-covered
2025-03-11,15,17823,7.070833333333334,5.0,15e,Over-covered
2025-03-11,17,4426,7.070833333333333,2.0,17e,Over-covered
2025-03-11,19,18800,7.070833333333333,4.0,19e,Under-covered
2025-03-11,20,5003,7.070833333333334,2.5,20e,Over-covered
2025-03-12,1,7936,4.825,9.2,1e,Over-covered
2025-03-12,3,22869,4.825,9.2,3e,Under-covered
2025-03-12,4,12270,4.825,9.2,4e,Under-covered
2025-03-12,5,6769,4.825,4.6,5e,Under-covered
2025-03-12,7,17724,4.825,16.1,7e,Under-covered
2025-03-12,8,9168,4.825,9.200000000000001,8e,Under-covered
2025-03-12,10,11231,4.825,4.6,10e,Under-covered
2025-03-12,11,21170,4.825,11.5,11e,Under-covered
2025-03-12,12,19764,4.825,36.8,12e,Over-covered
2025-03-12,13,22771,4.825,29.9,13e,Over-covered
2025-03-12,14,12117,4.825,20.7,14e,Over-covered
2025-03-12,15,16265,4.825,23.0,15e,Over-covered
2025-03-12,17,3985,4.825,9.2,17e,Over-covered
2025-03-12,19,18177,4.825,18.4,19e,Under-covered
2025-03-12,20,4622,4.825,11.5,20e,Over-covered
2025-03-13,1,8306,4.325,6.4,1e,Over-covered
2025-03-13,3,23475,4.325,6.4,3e,Under-covered
2025-03-13,4,12519,4.325,6.4,4e,Under-covered
2025-03-13,5,6742,4.325,3.2,5e,Under-covered
2025-03-13,7,18327,4.325,11.200000000000001,7e,Under-covered
2025-03-13,8,9445,4.325,6.4,8e,Under-covered
2025-03-13,10,11766,4.325,3.2,10e,Under-covered
2025-03-13,11,21504,4.325,8.0,11e,Under-covered
2025-03-13,12,20298,4.325,25.6,12e,Over-covered
2025-03-13,13,22487,4.325,20.8,13e,Over-covered
2025-03-13,14,12539,4.325,14.4,14e,Over-covered
2025-03-13,15,16687,4.325,16.0,15e,Over-covered
2025-03-13,17,4070,4.325,6.4,17e,Over-covered
2025-03-13,19,17610,4.325,12.8,19e,Under-covered
2025-03-13,20,4663,4.325,8.0,20e,Over-covered
2025-03-14,1,6247,3.079166666666667,2.8000000000000003,1e,Over-covered
2025-03-14,3,20473,3.079166666666667,2.8000000000000003,3e,Under-covered
2025-03-14,4,10914,3.079166666666667,2.8000000000000003,4e,Under-covered
2025-03-14,5,6042,3.079166666666667,1.4000000000000001,5e,Under-covered
2025-03-14,7,15302,3.0791666666666666,4.9,7e,Under-covered
2025-03-14,8,7401,3.079166666666667,2.8000000000000003,8e,Under-covered
2025-03-14,10,10477,3.079166666666667,1.4000000000000001,10e,Under-covered
2025-03-14,11,19929,3.0791666666666666,3.5,11e,Under-covered
2025-03-14,12,17867,3.079166666666667,11.200000000000001,12e,Over-covered
2025-03-14,13,19604,3.0791666666666666,9.1,13e,Over-covered
2025-03-14,14,10277,3.0791666666666666,6.300000000000001,14e,Over-covered
2025-03-14,15,13866,3.0791666666666666,7.0,15e,Over-covered
2025-03-14,17,3209,3.079166666666667,2.8000000000000003,17e,Over-covered
2025-03-14,19,15879,3.079166666666667,5.6000000000000005,19e,Under-covered
2025-03-14,20,4452,3.0791666666666666,3.5,20e,Over-covered
2025-03-15,1,3376,3.8833333333333333,0.8,1e,Over-covered
2025-03-15,3,17406,3.8833333333333333,0.8,3e,Under-covered
2025-03-15,4,9015,3.8833333333333333,0.8,4e,Under-covered
2025-03-15,5,4645,3.8833333333333333,0.4,5e,Under-covered
2025-03-15,7,10167,3.8833333333333333,1.4000000000000001,7e,Under-covered
2025-03-15,8,4849,3.8833333333333333,0.8,8e,Under-covered
2025-03-15,10,9578,3.8833333333333333,0.4,10e,Under-covered
2025-03-15,11,15637,3.8833333333333333,1.0,11e,Under-covered
2025-03-15,12,11840,3.8833333333333333,3.2,12e,Over-covered
2025-03-15,13,13504,3.883333333333333,2.6,13e,Over-covered
2025-03-15,14,6625,3.8833333333333333,1.8,14e,Over-covered
2025-03-15,15,9040,3.8833333333333333,2.0,15e,Over-covered
2025-03-15,17,1985,3.8833333333333333,0.8,17e,Over-covered
2025-03-15,19,13090,3.8833333333333333,1.6,19e,Under-covered
2025-03-15,20,2902,3.8833333333333333,1.0,20e,Over-covered
2025-03-16,1,4036,5.783333333333334,0.0,1e,Over-covered
2025-03-16,3,14571,5.783333333333334,0.0,3e,Under-covered
2025-03-16,4,8477,5.783333333333334,0.0,4e,Under-covered
2025-03-16,5,4261,5.783333333333334,0.0,5e,Under-covered
2025-03-16,7,9689,5.783333333333333,0.0,7e,Under-covered
2025-03-16,8,5146,5.783333333333334,0.0,8e,Under-covered
2025-03-16,10,8050,5.783333333333334,0.0,10e,Under-covered
2025-03-16,11,13378,5.783333333333333,0.0,11e,Under-covered
2025-03-16,12,11909,5.783333333333334,0.0,12e,Over-covered
2025-03-16,13,12538,5.783333333333333,0.0,13e,Over-covered
2025-03-16,14,5804,5.783333333333333,0.0,14e,Over-covered
2025-03-16,15,9557,5.783333333333333,0.0,15e,Over-covered
2025-03-16,17,1798,5.783333333333334,0.0,17e,Over-covered
2025-03-16,19,12274,5.783333333333334,0.0,19e,Under-covered
2025-03-16,20,2572,5.783333333333333,0.0,20e,Over-covered
2025-03-17,1,9160,5.7875000000000005,0.0,1e,Over-covered
2025-03-17,3,21807,5.7875000000000005,0.0,3e,Under-covered
2025-03-17,4,12019,5.7875000000000005,0.0,4e,Under-covered
2025-03-17,5,6834,5.7875000000000005,0.0,5e,Under-covered
2025-03-17,7,17529,5.7875,0.0,7e,Under-covered
2025-03-17,8,9947,5.7875000000000005,0.0,8e,Under-covered
2025-03-17,10,9725,5.7875000000000005,0.0,10e,Under-covered
2025-03-17,11,21263,5.7875,0.0,11e,Under-covered
2025-03-17,12,20840,5.7875000000000005,0.0,12e,Over-covered
2025-03-17,13,23906,5.7875000000000005,0.0,13e,Over-covered
2025-03-17,14,12824,5.7875,0.0,14e,Over-covered
2025-03-17,15,17486,5.7875,0.0,15e,Over-covered
2025-03-17,17,3862,5.7875000000000005,0.0,17e,Over-covered
2025-03-17,19,17755,5.7875000000000005,0.0,19e,Under-covered
2025-03-17,20,4698,5.7875,0.0,20e,Over-covered
2025-03-18,1,10234,6.658333333333334,0.0,1e,Over-covered
2025-03-18,3,25371,6.658333333333334,0.0,3e,Under-covered
2025-03-18,4,13763,6.658333333333334,0.0,4e,Under-covered
2025-03-18,5,7675,6.658333333333334,0.0,5e,Under-covered
2025-03-18,7,18096,6.359493670886076,0.0,7e,Under-covered
2025-03-18,8,11223,6.658333333333334,0.0,8e,Under-covered
2025-03-18,10,11042,6.658333333333334,0.0,10e,Under-covered
2025-03-18,11,24231,6.658333333333333,0.0,11e,Under-covered
2025-03-18,12,22877,6.658333333333334,0.0,12e,Over-covered
2025-03-18,13,25493,6.658333333333333,0.0,13e,Over-covered
2025-03-18,14,14012,6.658333333333333,0.0,14e,Over-covered
2025-03-18,15,18642,6.658333333333333,0.0,15e,Over-covered
2025-03-18,17,4611,6.658333333333334,0.0,17e,Over-covered
2025-03-18,19,20102,6.658333333333334,0.0,19e,Under-covered
2025-03-18,20,5327,6.658333333333333,0.0,20e,Over-covered
2025-03-19,1,10085,10.329166666666667,0.0,1e,Over-covered
2025-03-19,3,26308,10.329166666666667,0.0,3e,Under-covered
2025-03-19,4,15053,10.329166666666667,0.0,4e,Under-covered
2025-03-19,5,7993,10.329166666666667,0.0,5e,Under-covered
2025-03-19,7,21101,10.329166666666666,0.0,7e,Under-covered
2025-03-19,8,10008,10.329166666666667,0.0,8e,Under-covered
2025-03-19,10,11704,10.329166666666667,0.0,10e,Under-covered
2025-03-19,11,24544,10.329166666666667,0.0,11e,Under-covered
2025-03-19,12,23218,10.329166666666667,0.0,12e,Over-covered
2025-03-19,13,26744,10.329166666666666,0.0,13e,Over-covered
2025-03-19,14,13723,10.329166666666666,0.0,14e,Over-covered
2025-03-19,15,19242,10.329166666666667,0.0,15e,Over-covered
2025-03-19,17,4511,10.329166666666667,0.0,17e,Over-covered
2025-03-19,19,20320,10.329166666666667,0.0,19e,Under-covered
2025-03-19,20,5387,10.329166666666667,0.0,20e,Over-covered
2025-03-20,1,10554,11.575000000000001,0.0,1e,Over-covered
2025-03-20,3,27577,11.575000000000001,0.0,3e,Under-covered
2025-03-20,4,15617,11.575000000000001,0.0,4e,Under-covered
2025-03-20,5,8499,11.575000000000001,0.0,5e,Under-covered
2025-03-20,7,22184,11.575,0.0,7e,Under-covered
2025-03-20,8,8615,11.575000000000001,0.0,8e,Under-covered
2025-03-20,10,12284,11.575000000000001,0.0,10e,Under-covered
2025-03-20,11,25704,11.575,0.0,11e,Under-covered
2025-03-20,12,24039,11.575000000000001,0.0,12e,Over-covered
2025-03-20,13,26584,11.575000000000001,0.0,13e,Over-covered
2025-03-20,14,14300,11.575,0.0,14e,Over-covered
2025-03-20,15,19556,11.575,0.0,15e,Over-covered
2025-03-20,17,4880,11.575000000000001,0.0,17e,Over-covered
2025-03-20,19,20621,11.575000000000001,0.0,19e,Under-covered
2025-03-20,20,5531,11.575,0.0,20e,Over-covered
2025-03-21,1,6898,13.504166666666668,12.8,1e,Over-covered
2025-03-21,3,21450,13.504166666666668,12.8,3e,Under-covered
2025-03-21,4,11812,13.504166666666668,12.8,4e,Under-covered
2025-03-21,5,6312,13.504166666666668,6.4,5e,Under-covered
2025-03-21,7,16932,13.504166666666666,22.400000000000002,7e,Under-covered
2025-03-21,8,5684,13.504166666666668,12.8,8e,Under-covered
2025-03-21,10,10077,13.504166666666668,6.4,10e,Under-covered
2025-03-21,11,20585,13.504166666666666,16.0,11e,Under-covered
2025-03-21,12,18559,13.504166666666668,51.2,12e,Over-covered
2025-03-21,13,20576,13.504166666666666,41.6,13e,Over-covered
2025-03-21,14,10759,13.504166666666666,28.8,14e,Over-covered
2025-03-21,15,14691,13.504166666666666,32.0,15e,Over-covered
2025-03-21,17,3486,13.504166666666668,12.8,17e,Over-covered
2025-03-21,19,16924,13.504166666666668,25.6,19e,Under-covered
2025-03-21,20,4421,13.504166666666666,16.0,20e,Over-covered
2025-03-22,1,3230,12.633333333333333,36.0,1e,Over-covered
2025-03-22,3,16601,12.633333333333333,36.0,3e,Under-covered
2025-03-22,4,9140,12.633333333333333,36.0,4e,Under-covered
2025-03-22,5,4241,12.633333333333333,18.0,5e,Under-covered
2025-03-22,7,10335,12.633333333333335,63.0,7e,Under-covered
2025-03-22,8,3586,12.633333333333333,36.0,8e,Under-covered
2025-03-22,10,7910,12.633333333333333,18.0,10e,Under-covered
2025-03-22,11,14095,12.633333333333333,45.0,11e,Under-covered
2025-03-22,12,11079,12.633333333333333,144.0,12e,Over-covered
2025-03-22,13,12090,12.633333333333333,117.0,13e,Over-covered
2025-03-22,14,5418,12.633333333333335,81.0,14e,Over-covered
2025-03-22,15,8870,12.633333333333333,90.0,15e,Over-covered
2025-03-22,17,1894,12.633333333333333,36.0,17e,Over-covered
2025-03-22,19,12268,12.633333333333333,72.0,19e,Under-covered
2025-03-22,20,2645,12.633333333333333,45.0,20e,Over-covered
2025-03-23,1,3182,9.791666666666666,4.0,1e,Over-covered
2025-03-23,3,13283,9.791666666666666,4.0,3e,Under-covered
2025-03-23,4,7398,9.791666666666666,4.0,4e,Under-covered
2025-03-23,5,4068,9.791666666666666,2.0,5e,Under-covered
2025-03-23,7,8426,9.791666666666666,7.0,7e,Under-covered
2025-03-23,8,3578,9.791666666666666,4.0,8e,Under-covered
2025-03-23,10,6733,9.791666666666666,2.0,10e,Under-covered
2025-03-23,11,12004,9.791666666666666,5.0,11e,Under-covered
2025-03-23,12,10265,9.791666666666666,16.0,12e,Over-covered
2025-03-23,13,10778,9.791666666666666,13.0,13e,Over-covered
2025-03-23,14,5149,9.791666666666666,9.0,14e,Over-covered
2025-03-23,15,7917,9.791666666666666,10.0,15e,Over-covered
2025-03-23,17,1673,9.788421052631579,4.0,17e,Over-covered
2025-03-23,19,10977,9.791666666666666,8.0,19e,Under-covered
2025-03-23,20,2319,9.791666666666666,5.0,20e,Over-covered
2025-03-24,1,9293,10.904166666666667,2.0,1e,Over-covered
2025-03-24,3,22861,10.904166666666667,2.0,3e,Under-covered
2025-03-24,4,12710,10.904166666666667,2.0,4e,Under-covered
2025-03-24,5,6962,10.904166666666667,1.0,5e,Under-covered
2025-03-24,7,18424,10.904166666666667,3.5,7e,Under-covered
2025-03-24,8,7147,10.904166666666667,2.0,8e,Under-covered
2025-03-24,10,10028,10.904166666666667,1.0,10e,Under-covered
2025-03-24,11,21492,10.904166666666667,2.5,11e,Under-covered
2025-03-24,12,21265,10.904166666666667,8.0,12e,Over-covered
2025-03-24,13,24414,10.904166666666667,6.5,13e,Over-covered
2025-03-24,14,13312,10.904166666666667,4.5,14e,Over-covered
2025-03-24,15,17659,10.904166666666667,5.0,15e,Over-covered
2025-03-24,17,3895,10.817582417582416,1.9,17e,Over-covered
2025-03-24,19,18541,10.904166666666667,4.0,19e,Under-covered
2025-03-24,20,4955,10.904166666666667,2.5,20e,Over-covered
2025-03-25,1,10155,10.254166666666666,0.0,1e,Over-covered
2025-03-25,3,25813,10.254166666666666,0.0,3e,Under-covered
2025-03-25,4,13801,10.254166666666666,0.0,4e,Under-covered
2025-03-25,5,8022,10.254166666666666,0.0,5e,Under-covered
2025-03-25,7,21055,10.254166666666666,0.0,7e,Under-covered
2025-03-25,8,7944,10.254166666666666,0.0,8e,Under-covered
2025-03-25,10,11511,10.254166666666666,0.0,10e,Under-covered
2025-03-25,11,24279,10.254166666666666,0.0,11e,Under-covered
2025-03-25,12,23123,10.254166666666666,0.0,12e,Over-covered
2025-03-25,13,26037,10.254166666666666,0.0,13e,Over-covered
2025-03-25,14,14534,10.254166666666666,0.0,14e,Over-covered
2025-03-25,15,19751,10.254166666666666,0.0,15e,Over-covered
2025-03-25,17,4704,10.254166666666666,0.0,17e,Over-covered
2025-03-25,19,20203,10.254166666666666,0.0,19e,Under-covered
2025-03-25,20,5232,10.254166666666666,0.0,20e,Over-covered
2025-03-26,1,8954,10.1,1.6,1e,Over-covered
2025-03-26,3,24964,10.1,1.6,3e,Under-covered
2025-03-26,4,13525,10.1,1.6,4e,Under-covered
2025-03-26,5,7546,10.1,0.8,5e,Under-covered
2025-03-26,7,19128,10.1,2.8000000000000003,7e,Under-covered
2025-03-26,8,6876,10.1,1.6,8e,Under-covered
2025-03-26,10,11149,10.1,0.8,10e,Under-covered
2025-03-26,11,23038,10.1,2.0,11e,Under-covered
2025-03-26,12,21148,10.1,6.4,12e,Over-covered
2025-03-26,13,24510,10.1,5.2,13e,Over-covered
2025-03-26,14,12851,10.1,3.6,14e,Over-covered
2025-03-26,15,17587,10.1,4.0,15e,Over-covered
2025-03-26,17,4357,10.1,1.6,17e,Over-covered
2025-03-26,19,19321,10.1,3.2,19e,Under-covered
2025-03-26,20,4898,10.1,2.0,20e,Over-covered
2025-03-27,1,10713,8.816666666666666,0.0,1e,Over-covered
2025-03-27,3,27952,8.816666666666666,0.0,3e,Under-covered
2025-03-27,4,15579,8.816666666666666,0.0,4e,Under-covered
2025-03-27,5,8618,8.816666666666666,0.0,5e,Under-covered
2025-03-27,7,21979,8.870731707317074,0.0,7e,Under-covered
2025-03-27,8,8246,8.816666666666666,0.0,8e,Under-covered
2025-03-27,10,12276,8.816666666666666,0.0,10e,Under-covered
2025-03-27,11,25131,8.816666666666666,0.0,11e,Under-covered
2025-03-27,12,23883,8.816666666666666,0.0,12e,Over-covered
2025-03-27,13,26975,8.816666666666666,0.0,13e,Over-covered
2025-03-27,14,14521,8.816666666666666,0.0,14e,Over-covered
2025-03-27,15,20162,8.816666666666666,0.0,15e,Over-covered
2025-03-27,17,4944,8.816666666666666,0.0,17e,Over-covered
2025-03-27,19,21187,8.816666666666666,0.0,19e,Under-covered
2025-03-27,20,5458,8.816666666666666,0.0,20e,Over-covered
2025-03-28,1,6155,7.825,8.4,1e,Over-covered
2025-03-28,3,19801,7.825,8.4,3e,Under-covered
2025-03-28,4,10715,7.825,8.4,4e,Under-covered
2025-03-28,5,5911,7.825,4.199999999999999,5e,Under-covered
2025-03-28,7,14690,7.824999999999999,14.7,7e,Under-covered
2025-03-28,8,4858,7.825,8.4,8e,Under-covered
2025-03-28,10,9376,7.825,4.2,10e,Under-covered
2025-03-28,11,19156,7.825,10.5,11e,Under-covered
2025-03-28,12,17013,7.825,33.6,12e,Over-covered
2025-03-28,13,18922,7.825,27.3,13e,Over-covered
2025-03-28,14,9947,7.825,18.9,14e,Over-covered
2025-03-28,15,13260,7.825,21.0,15e,Over-covered
2025-03-28,17,3279,7.825,8.4,17e,Over-covered
2025-03-28,19,15584,7.825,16.8,19e,Under-covered
2025-03-28,20,4241,7.825,10.5,20e,Over-covered
2025-03-29,1,5559,8.7875,6.0,1e,Over-covered
2025-03-29,3,21972,8.7875,6.0,3e,Under-covered
2025-03-29,4,13461,8.7875,6.0,4e,Under-covered
2025-03-29,5,6464,8.7875,3.0,5e,Under-covered
2025-03-29,7,14352,8.7875,10.5,7e,Under-covered
2025-03-29,8,4893,8.7875,6.0,8e,Under-covered
2025-03-29,10,10209,8.7875,3.0,10e,Under-covered
2025-03-29,11,19536,8.7875,7.5,11e,Under-covered
2025-03-29,12,15533,8.7875,24.0,12e,Over-covered
2025-03-29,13,17948,8.7875,19.5,13e,Over-covered
2025-03-29,14,7955,8.7875,13.5,14e,Over-covered
2025-03-29,15,11881,8.7875,15.0,15e,Over-covered
2025-03-29,17,2868,8.7875,6.0,17e,Over-covered
2025-03-29,19,17514,8.7875,12.0,19e,Under-covered
2025-03-29,20,3731,8.7875,7.5,20e,Over-covered
2025-03-30,1,4542,9.858333333333333,0.4,1e,Over-covered
2025-03-30,3,16119,9.858333333333333,0.4,3e,Under-covered
2025-03-30,4,9924,9.858333333333333,0.4,4e,Under-covered
2025-03-30,5,5115,9.858333333333333,0.2,5e,Under-covered
2025-03-30,7,11316,9.858333333333334,0.7000000000000001,7e,Under-covered
2025-03-30,8,3723,9.858333333333333,0.4,8e,Under-covered
2025-03-30,10,7828,9.858333333333333,0.2,10e,Under-covered
2025-03-30,11,15097,9.858333333333333,0.5,11e,Under-covered
2025-03-30,12,12661,9.858333333333333,1.6,12e,Over-covered
2025-03-30,13,13689,9.858333333333334,1.3,13e,Over-covered
2025-03-30,14,6090,9.858333333333334,0.9,14e,Over-covered
2025-03-30,15,9794,9.858333333333333,1.0,15e,Over-covered
2025-03-30,17,2181,9.858333333333333,0.4,17e,Over-covered
2025-03-30,19,13400,9.858333333333333,0.8,19e,Under-covered
2025-03-30,20,2956,9.858333333333333,0.5,20e,Over-covered
2025-03-31,1,9965,9.045833333333333,0.0,1e,Over-covered
2025-03-31,3,23444,9.045833333333333,0.0,3e,Under-covered
2025-03-31,4,13506,9.045833333333333,0.0,4e,Under-covered
2025-03-31,5,7355,9.045833333333333,0.0,5e,Under-covered
2025-03-31,7,19225,8.990963855421686,0.0,7e,Under-covered
2025-03-31,8,6908,9.045833333333333,0.0,8e,Under-covered
2025-03-31,10,10273,9.045833333333333,0.0,10e,Under-covered
2025-03-31,11,22609,9.045833333333333,0.0,11e,Under-covered
2025-03-31,12,21820,9.045833333333333,0.0,12e,Over-covered
2025-03-31,13,25415,9.045833333333334,0.0,13e,Over-covered
2025-03-31,14,13708,9.045833333333334,0.0,14e,Over-covered
2025-03-31,15,18638,9.045833333333333,0.0,15e,Over-covered
2025-03-31,17,4319,9.045833333333333,0.0,17e,Over-covered
2025-03-31,19,18584,9.045833333333333,0.0,19e,Under-covered
2025-03-31,20,4981,9.045833333333333,0.0,20e,Over-covered
2025-04-01,1,10872,9.0375,0.0,1e,Over-covered
2025-04-01,3,25939,9.0375,0.0,3e,Under-covered
2025-04-01,4,15203,9.0375,0.0,4e,Under-covered
2025-04-01,5,8268,9.0375,0.0,5e,Under-covered
2025-04-01,7,22126,9.0375,0.0,7e,Under-covered
2025-04-01,8,8011,9.0375,0.0,8e,Under-covered
2025-04-01,10,11778,9.0375,0.0,10e,Under-covered
2025-04-01,11,25161,9.0375,0.0,11e,Under-covered
2025-04-01,12,23946,9.0375,0.0,12e,Over-covered
2025-04-01,13,27323,9.0375,0.0,13e,Over-covered
2025-04-01,14,14966,9.0375,0.0,14e,Over-covered
2025-04-01,15,20564,9.0375,0.0,15e,Over-covered
2025-04-01,17,5087,9.0375,0.0,17e,Over-covered
2025-04-01,19,20489,9.0375,0.0,19e,Under-covered
2025-04-01,20,5297,9.0375,0.0,20e,Over-covered
2025-04-02,1,10280,11.233333333333334,0.0,1e,Over-covered
2025-04-02,3,27580,11.233333333333334,0.0,3e,Under-covered
2025-04-02,4,15813,11.233333333333334,0.0,4e,Under-covered
2025-04-02,5,8541,11.233333333333334,0.0,5e,Under-covered
2025-04-02,7,22368,11.233333333333334,0.0,7e,Under-covered
2025-04-02,8,7851,11.233333333333334,0.0,8e,Under-covered
2025-04-02,10,12356,11.233333333333334,0.0,10e,Under-covered
2025-04-02,11,25565,11.233333333333333,0.0,11e,Under-covered
2025-04-02,12,23403,11.233333333333334,0.0,12e,Over-covered
2025-04-02,13,27239,11.233333333333334,0.0,13e,Over-covered
2025-04-02,14,13977,11.233333333333334,0.0,14e,Over-covered
2025-04-02,15,20261,11.233333333333333,0.0,15e,Over-covered
2025-04-02,17,4921,11.233333333333334,0.0,17e,Over-covered
2025-04-02,19,20375,11.233333333333334,0.0,19e,Under-covered
2025-04-02,20,5258,11.233333333333333,0.0,20e,Over-covered
2025-04-03,1,11299,13.7125,0.0,1e,Over-covered
2025-04-03,3,30099,13.7125,0.0,3e,Under-covered
2025-04-03,4,17633,13.7125,0.0,4e,Under-covered
2025-04-03,5,9076,13.7125,0.0,5e,Under-covered
2025-04-03,7,24446,13.712499999999999,0.0,7e,Under-covered
2025-04-03,8,9315,13.7125,0.0,8e,Under-covered
2025-04-03,10,12983,13.7125,0.0,10e,Under-covered
2025-04-03,11,26505,13.7125,0.0,11e,Under-covered
2025-04-03,12,25208,13.7125,0.0,12e,Over-covered
2025-04-03,13,27953,13.7125,0.0,13e,Over-covered
2025-04-03,14,15089,13.7125,0.0,14e,Over-covered
2025-04-03,15,21214,13.7125,0.0,15e,Over-covered
2025-04-03,17,5544,13.7125,0.0,17e,Over-covered
2025-04-03,19,21889,13.7125,0.0,19e,Under-covered
2025-04-03,20,5584,13.7125,0.0,20e,Over-covered
2025-04-04,1,9375,15.641666666666666,0.4,1e,Over-covered
2025-04-04,3,28188,15.641666666666666,0.4,3e,Under-covered
2025-04-04,4,17102,15.641666666666666,0.4,4e,Under-covered
2025-04-04,5,8954,15.641666666666666,0.2,5e,Under-covered
2025-04-04,7,22198,15.641666666666667,0.7000000000000001,7e,Under-covered
2025-04-04,8,7866,15.641666666666666,0.4,8e,Under-covered
2025-04-04,10,13195,15.641666666666666,0.2,10e,Under-covered
2025-04-04,11,26574,15.641666666666667,0.5,11e,Under-covered
2025-04-04,12,23358,15.641666666666666,1.6,12e,Over-covered
2025-04-04,13,26795,15.641666666666666,1.3,13e,Over-covered
2025-04-04,14,13116,15.641666666666666,0.9,14e,Over-covered
2025-04-04,15,18122,15.641666666666667,1.0,15e,Over-covered
2025-04-04,17,4458,15.641666666666666,0.4,17e,Over-covered
2025-04-04,19,20992,15.641666666666666,0.8,19e,Under-covered
2025-04-04,20,5281,15.641666666666667,0.5,20e,Over-covered
2025-04-05,1,7751,15.591666666666667,0.0,1e,Over-covered
2025-04-05,3,26425,15.591666666666667,0.0,3e,Under-covered
2025-04-05,4,17536,15.591666666666667,0.0,4e,Under-covered
2025-04-05,5,8818,15.591666666666667,0.0,5e,Under-covered
2025-04-05,7,19415,15.591666666666667,0.0,7e,Under-covered
2025-04-05,8,6272,15.591666666666667,0.0,8e,Under-covered
2025-04-05,10,12447,15.591666666666667,0.0,10e,Under-covered
2025-04-05,11,23618,15.591666666666667,0.0,11e,Under-covered
2025-04-05,12,20566,15.591666666666667,0.0,12e,Over-covered
2025-04-05,13,23236,15.591666666666669,0.0,13e,Over-covered
2025-04-05,14,9654,15.591666666666667,0.0,14e,Over-covered
2025-04-05,15,15450,15.591666666666667,0.0,15e,Over-covered
2025-04-05,17,2533,15.44125,0.0,17e,Over-covered
2025-04-05,19,21593,15.591666666666667,0.0,19e,Under-covered
2025-04-05,20,4442,15.591666666666667,0.0,20e,Over-covered
2025-04-06,1,6068,12.370833333333332,0.0,1e,Over-covered
2025-04-06,3,18922,12.370833333333332,0.0,3e,Under-covered
2025-04-06,4,13152,12.370833333333332,0.0,4e,Under-covered
2025-04-06,5,6921,12.370833333333332,0.0,5e,Under-covered
2025-04-06,7,14708,12.370833333333334,0.0,7e,Under-covered
2025-04-06,8,5467,12.370833333333332,0.0,8e,Under-covered
2025-04-06,10,8692,12.370833333333332,0.0,10e,Under-covered
2025-04-06,11,17754,12.370833333333334,0.0,11e,Under-covered
2025-04-06,12,17498,12.370833333333332,0.0,12e,Over-covered
2025-04-06,13,18337,12.370833333333334,0.0,13e,Over-covered
2025-04-06,14,8388,12.370833333333334,0.0,14e,Over-covered
2025-04-06,15,12814,12.370833333333334,0.0,15e,Over-covered
2025-04-06,17,1994,12.228947368421052,0.0,17e,Over-covered
2025-04-06,19,17153,12.370833333333332,0.0,19e,Under-covered
2025-04-06,20,3705,12.370833333333334,0.0,20e,Over-covered
2025-04-07,1,10723,10.145833333333334,0.0,1e,Over-covered
2025-04-07,3,25032,10.145833333333334,0.0,3e,Under-covered
2025-04-07,4,14554,10.145833333333334,0.0,4e,Under-covered
2025-04-07,5,8098,10.145833333333334,0.0,5e,Under-covered
2025-04-07,7,19988,10.145833333333334,0.0,7e,Under-covered
2025-04-07,8,7754,10.145833333333334,0.0,8e,Under-covered
2025-04-07,10,11899,10.145833333333334,0.0,10e,Under-covered
2025-04-07,11,23896,10.145833333333334,0.0,11e,Under-covered
2025-04-07,12,23886,10.145833333333334,0.0,12e,Over-covered
2025-04-07,13,27276,10.145833333333334,0.0,13e,Over-covered
2025-04-07,14,13908,10.145833333333334,0.0,14e,Over-covered
2025-04-07,15,19707,10.145833333333334,0.0,15e,Over-covered
2025-04-07,17,3187,10.054666666666668,0.0,17e,Over-covered
2025-04-07,19,20338,10.145833333333334,0.0,19e,Under-covered
2025-04-07,20,5331,10.145833333333334,0.0,20e,Over-covered
2025-04-08,1,11503,11.345833333333333,0.0,1e,Over-covered
2025-04-08,3,28368,11.345833333333333,0.0,3e,Under-covered
2025-04-08,4,16438,11.345833333333333,0.0,4e,Under-covered
2025-04-08,5,9081,11.345833333333333,0.0,5e,Under-covered
2025-04-08,7,23581,11.345833333333333,0.0,7e,Under-covered
2025-04-08,8,9112,11.345833333333333,0.0,8e,Under-covered
2025-04-08,10,13568,11.345833333333333,0.0,10e,Under-covered
2025-04-08,11,26765,11.345833333333333,0.0,11e,Under-covered
2025-04-08,12,25705,11.345833333333333,0.0,12e,Over-covered
2025-04-08,13,29400,11.345833333333333,0.0,13e,Over-covered
2025-04-08,14,15211,11.345833333333333,0.0,14e,Over-covered
2025-04-08,15,21530,11.345833333333333,0.0,15e,Over-covered
2025-04-08,17,4834,11.886904761904763,0.0,17e,Over-covered
2025-04-08,19,22102,11.345833333333333,0.0,19e,Under-covered
2025-04-08,20,5682,11.345833333333333,0.0,20e,Over-covered
2025-04-09,1,11611,12.008333333333333,0.0,1e,Over-covered
2025-04-09,3,28419,12.008333333333333,0.0,3e,Under-covered
2025-04-09,4,16700,12.008333333333333,0.0,4e,Under-covered
2025-04-09,5,8694,12.008333333333333,0.0,5e,Under-covered
2025-04-09,7,23425,12.008333333333335,0.0,7e,Under-covered
2025-04-09,8,8456,12.008333333333333,0.0,8e,Under-covered
2025-04-09,10,14100,12.008333333333333,0.0,10e,Under-covered
2025-04-09,11,26756,12.008333333333333,0.0,11e,Under-covered
2025-04-09,12,24412,12.008333333333333,0.0,12e,Over-covered
2025-04-09,13,28426,12.008333333333333,0.0,13e,Over-covered
2025-04-09,14,14633,12.008333333333335,0.0,14e,Over-covered
2025-04-09,15,22012,12.008333333333333,0.0,15e,Over-covered
2025-04-09,17,5566,12.008333333333333,0.0,17e,Over-covered
2025-04-09,19,22361,12.008333333333333,0.0,19e,Under-covered
2025-04-09,20,5553,12.008333333333333,0.0,20e,Over-covered
2025-04-10,1,10921,10.795833333333334,0.0,1e,Over-covered
2025-04-10,3,28983,10.795833333333334,0.0,3e,Under-covered
2025-04-10,4,16900,10.795833333333334,0.0,4e,Under-covered
2025-04-10,5,9107,10.795833333333334,0.0,5e,Under-covered
2025-04-10,7,23742,10.795833333333334,0.0,7e,Under-covered
2025-04-10,8,8797,10.795833333333334,0.0,8e,Under-covered
2025-04-10,10,14400,10.795833333333334,0.0,10e,Under-covered
2025-04-10,11,26334,10.795833333333333,0.0,11e,Under-covered
2025-04-10,12,24763,10.795833333333334,0.0,12e,Over-covered
2025-04-10,13,28925,10.795833333333334,0.0,13e,Over-covered
2025-04-10,14,15372,10.795833333333334,0.0,14e,Over-covered
2025-04-10,15,21529,10.795833333333333,0.0,15e,Over-covered
2025-04-10,17,5205,10.795833333333334,0.0,17e,Over-covered
2025-04-10,19,22318,10.795833333333334,0.0,19e,Under-covered
2025-04-10,20,5645,10.795833333333333,0.0,20e,Over-covered
2025-04-11,1,8929,13.791666666666666,0.0,1e,Over-covered
2025-04-11,3,28156,13.791666666666666,0.0,3e,Under-covered
2025-04-11,4,15821,13.791666666666666,0.0,4e,Under-covered
2025-04-11,5,8665,13.791666666666666,0.0,5e,Under-covered
2025-04-11,7,21524,13.791666666666666,0.0,7e,Under-covered
2025-04-11,8,8105,13.791666666666666,0.0,8e,Under-covered
2025-04-11,10,14300,13.791666666666666,0.0,10e,Under-covered
2025-04-11,11,26143,13.791666666666666,0.0,11e,Under-covered
2025-04-11,12,23252,13.791666666666666,0.0,12e,Over-covered
2025-04-11,13,26211,13.791666666666666,0.0,13e,Over-covered
2025-04-11,14,13560,13.791666666666666,0.0,14e,Over-covered
2025-04-11,15,19438,13.791666666666666,0.0,15e,Over-covered
2025-04-11,17,4499,13.791666666666666,0.0,17e,Over-covered
2025-04-11,19,21077,13.791666666666666,0.0,19e,Under-covered
2025-04-11,20,5235,13.791666666666666,0.0,20e,Over-covered
2025-04-12,1,5141,14.0625,18.4,1e,Over-covered
2025-04-12,3,19436,14.0625,18.4,3e,Under-covered
2025-04-12,4,10974,14.0625,18.400000000000002,4e,Under-covered
2025-04-12,5,5958,14.0625,9.200000000000001,5e,Under-covered
2025-04-12,7,13217,14.0625,32.2,7e,Under-covered
2025-04-12,8,5342,14.0625,18.4,8e,Under-covered
2025-04-12,10,11078,14.0625,9.2,10e,Under-covered
2025-04-12,11,16979,14.0625,23.0,11e,Under-covered
2025-04-12,12,14630,14.0625,73.6,12e,Over-covered
2025-04-12,13,16244,14.0625,59.8,13e,Over-covered
2025-04-12,14,7522,14.0625,41.4,14e,Over-covered
2025-04-12,15,11338,14.0625,46.0,15e,Over-covered
2025-04-12,17,2735,14.0625,18.4,17e,Over-covered
2025-04-12,19,15287,14.0625,36.8,19e,Under-covered
2025-04-12,20,3361,14.0625,23.0,20e,Over-covered
2025-04-13,1,3523,13.887500000000001,5.6000000000000005,1e,Over-covered
2025-04-13,3,14886,13.887500000000001,5.6000000000000005,3e,Under-covered
2025-04-13,4,8769,13.887500000000001,5.6000000000000005,4e,Under-covered
2025-04-13,5,5462,13.887500000000001,2.8000000000000003,5e,Under-covered
2025-04-13,7,9666,13.8875,9.8,7e,Under-covered
2025-04-13,8,4415,13.887500000000001,5.6000000000000005,8e,Under-covered
2025-04-13,10,8701,13.887500000000001,2.8000000000000003,10e,Under-covered
2025-04-13,11,13780,13.8875,7.0,11e,Under-covered
2025-04-13,12,12718,13.887500000000001,22.400000000000002,12e,Over-covered
2025-04-13,13,13671,13.8875,18.2,13e,Over-covered
2025-04-13,14,6175,13.8875,12.600000000000001,14e,Over-covered
2025-04-13,15,9733,13.8875,14.0,15e,Over-covered
2025-04-13,17,3761,13.887500000000001,5.6000000000000005,17e,Over-covered
2025-04-13,19,12698,13.887500000000001,11.200000000000001,19e,Under-covered
2025-04-13,20,2641,13.8875,7.0,20e,Over-covered
2025-04-14,1,9074,13.5375,1.6,1e,Over-covered
2025-04-14,3,22999,13.5375,1.6,3e,Under-covered
2025-04-14,4,13312,13.5375,1.6,4e,Under-covered
2025-04-14,5,7172,13.5375,0.8,5e,Under-covered
2025-04-14,7,18392,13.537500000000001,2.8000000000000003,7e,Under-covered
2025-04-14,8,7024,13.5375,1.6,8e,Under-covered
2025-04-14,10,11429,13.5375,0.8,10e,Under-covered
2025-04-14,11,21416,13.5375,2.0,11e,Under-covered
2025-04-14,12,19857,13.5375,6.4,12e,Over-covered
2025-04-14,13,22699,13.5375,5.2,13e,Over-covered
2025-04-14,14,11547,13.5375,3.6,14e,Over-covered
2025-04-14,15,17030,13.5375,4.0,15e,Over-covered
2025-04-14,17,4309,13.5375,1.6,17e,Over-covered
2025-04-14,19,18537,13.5375,3.2,19e,Under-covered
2025-04-14,20,4240,13.5375,2.0,20e,Over-covered
2025-04-15,1,8638,13.616666666666667,8.8,1e,Over-covered
2025-04-15,3,23348,13.616666666666667,8.8,3e,Under-covered
2025-04-15,4,12999,13.616666666666667,8.8,4e,Under-covered
2025-04-15,5,6914,13.616666666666667,4.4,5e,Under-covered
2025-04-15,7,20272,13.616666666666665,15.4,7e,Under-covered
2025-04-15,8,6283,13.616666666666667,8.8,8e,Under-covered
2025-04-15,10,11964,13.616666666666667,4.4,10e,Under-covered
2025-04-15,11,22824,13.616666666666667,11.0,11e,Under-covered
2025-04-15,12,19495,13.616666666666667,35.2,12e,Over-covered
2025-04-15,13,22047,13.616666666666665,28.6,13e,Over-covered
2025-04-15,14,11157,13.616666666666665,19.8,14e,Over-covered
2025-04-15,15,15978,13.616666666666667,22.0,15e,Over-covered
2025-04-15,17,4385,13.616666666666667,8.8,17e,Over-covered
2025-04-15,19,18056,13.616666666666667,17.6,19e,Under-covered
2025-04-15,20,4350,13.616666666666667,11.0,20e,Over-covered
2025-04-16,1,8602,10.920833333333334,0.0,1e,Over-covered
2025-04-16,3,23144,10.920833333333334,0.0,3e,Under-covered
2025-04-16,4,13104,10.920833333333334,0.0,4e,Under-covered
2025-04-16,5,6871,10.920833333333334,0.0,5e,Under-covered
2025-04-16,7,21327,10.920833333333334,0.0,7e,Under-covered
2025-04-16,8,6104,10.920833333333334,0.0,8e,Under-covered
2025-04-16,10,12075,10.920833333333334,0.0,10e,Under-covered
2025-04-16,11,22170,10.920833333333333,0.0,11e,Under-covered
2025-04-16,12,19601,10.920833333333334,0.0,12e,Over-covered
2025-04-16,13,22539,10.920833333333334,0.0,13e,Over-covered
2025-04-16,14,11090,10.920833333333334,0.0,14e,Over-covered
2025-04-16,15,15888,10.920833333333333,0.0,15e,Over-covered
2025-04-16,17,4345,10.920833333333334,0.0,17e,Over-covered
2025-04-16,19,18145,10.920833333333334,0.0,19e,Under-covered
2025-04-16,20,4229,10.920833333333333,0.0,20e,Over-covered
2025-04-17,1,8790,11.4625,0.0,1e,Over-covered
2025-04-17,3,24336,11.4625,0.0,3e,Under-covered
2025-04-17,4,14141,11.4625,0.0,4e,Under-covered
2025-04-17,5,7209,11.4625,0.0,5e,Under-covered
2025-04-17,7,22651,11.4625,0.0,7e,Under-covered
2025-04-17,8,6688,11.4625,0.0,8e,Under-covered
2025-04-17,10,12688,11.4625,0.0,10e,Under-covered
2025-04-17,11,23071,11.4625,0.0,11e,Under-covered
2025-04-17,12,20653,11.4625,0.0,12e,Over-covered
2025-04-17,13,22763,11.4625,0.0,13e,Over-covered
2025-04-17,14,11348,11.4625,0.0,14e,Over-covered
2025-04-17,15,16621,11.4625,0.0,15e,Over-covered
2025-04-17,17,4313,11.4625,0.0,17e,Over-covered
2025-04-17,19,18693,11.4625,0.0,19e,Under-covered
2025-04-17,20,4491,11.4625,0.0,20e,Over-covered
2025-04-18,1,6581,12.583333333333334,0.0,1e,Over-covered
2025-04-18,3,21392,12.583333333333334,0.0,3e,Under-covered
2025-04-18,4,12506,12.583333333333334,0.0,4e,Under-covered
2025-04-18,5,6496,12.583333333333334,0.0,5e,Under-covered
2025-04-18,7,18864,12.583333333333334,0.0,7e,Under-covered
2025-04-18,8,5437,12.583333333333334,0.0,8e,Under-covered
2025-04-18,10,11876,12.583333333333334,0.0,10e,Under-covered
2025-04-18,11,21199,12.583333333333334,0.0,11e,Under-covered
2025-04-18,12,17894,12.583333333333334,0.0,12e,Over-covered
2025-04-18,13,20001,12.583333333333334,0.0,13e,Over-covered
2025-04-18,14,9048,12.583333333333334,0.0,14e,Over-covered
2025-04-18,15,12799,12.583333333333334,0.0,15e,Over-covered
2025-04-18,17,3245,12.583333333333334,0.0,17e,Over-covered
2025-04-18,19,17200,12.583333333333334,0.0,19e,Under-covered
2025-04-18,20,3982,12.583333333333334,0.0,20e,Over-covered
2025-04-19,1,3909,13.545833333333334,11.600000000000001,1e,Over-covered
2025-04-19,3,15225,13.545833333333334,11.6,3e,Under-covered
2025-04-19,4,8833,13.545833333333334,11.6,4e,Under-covered
2025-04-19,5,4383,13.545833333333334,5.800000000000001,5e,Under-covered
2025-04-19,7,12274,13.545833333333333,20.3,7e,Under-covered
2025-04-19,8,3261,13.545833333333334,11.6,8e,Under-covered
2025-04-19,10,8561,13.545833333333334,5.800000000000001,10e,Under-covered
2025-04-19,11,13668,13.545833333333333,14.5,11e,Under-covered
2025-04-19,12,11508,13.545833333333334,46.4,12e,Over-covered
2025-04-19,13,13021,13.545833333333334,37.7,13e,Over-covered
2025-04-19,14,5478,13.545833333333334,26.1,14e,Over-covered
2025-04-19,15,7808,13.545833333333333,29.0,15e,Over-covered
2025-04-19,17,1972,13.545833333333334,11.6,17e,Over-covered
2025-04-19,19,12202,13.545833333333334,23.200000000000003,19e,Under-covered
2025-04-19,20,2415,13.545833333333333,14.5,20e,Over-covered
2025-04-20,1,3242,12.720833333333333,26.4,1e,Over-covered
2025-04-20,3,11613,12.720833333333333,26.4,3e,Under-covered
2025-04-20,4,6696,12.720833333333333,26.4,4e,Under-covered
2025-04-20,5,3469,12.720833333333333,13.2,5e,Under-covered
2025-04-20,7,9728,12.720833333333333,46.199999999999996,7e,Under-covered
2025-04-20,8,2943,12.720833333333333,26.4,8e,Under-covered
2025-04-20,10,6764,12.720833333333333,13.2,10e,Under-covered
2025-04-20,11,10082,12.720833333333333,33.0,11e,Under-covered
2025-04-20,12,9708,12.720833333333333,105.6,12e,Over-covered
2025-04-20,13,9740,12.720833333333333,85.8,13e,Over-covered
2025-04-20,14,4244,12.720833333333333,59.4,14e,Over-covered
2025-04-20,15,6567,12.720833333333333,66.0,15e,Over-covered
2025-04-20,17,1719,12.720833333333333,26.4,17e,Over-covered
2025-04-20,19,10190,12.720833333333333,52.8,19e,Under-covered
2025-04-20,20,1975,12.720833333333333,33.0,20e,Over-covered
2025-04-21,1,2518,11.883333333333333,11.2,1e,Over-covered
2025-04-21,3,10480,11.883333333333333,11.2,3e,Under-covered
2025-04-21,4,5640,11.883333333333333,11.2,4e,Under-covered
2025-04-21,5,3045,11.883333333333333,5.6,5e,Under-covered
2025-04-21,7,7647,11.883333333333335,19.6,7e,Under-covered
2025-04-21,8,2202,11.883333333333333,11.2,8e,Under-covered
2025-04-21,10,6402,11.883333333333333,5.6,10e,Under-covered
2025-04-21,11,9935,11.883333333333333,14.0,11e,Under-covered
2025-04-21,12,8646,11.883333333333333,44.8,12e,Over-covered
2025-04-21,13,8653,11.883333333333333,36.4,13e,Over-covered
2025-04-21,14,3962,11.883333333333335,25.2,14e,Over-covered
2025-04-21,15,5488,11.883333333333333,28.0,15e,Over-covered
2025-04-21,17,1448,11.883333333333333,11.2,17e,Over-covered
2025-04-21,19,9843,11.883333333333333,22.4,19e,Under-covered
2025-04-21,20,1956,11.883333333333333,14.0,20e,Over-covered
2025-04-22,1,7721,12.116666666666667,1.6,1e,Over-covered
2025-04-22,3,21325,12.116666666666667,1.6,3e,Under-covered
2025-04-22,4,11660,12.116666666666667,1.6,4e,Under-covered
2025-04-22,5,6242,12.116666666666667,0.8,5e,Under-covered
2025-04-22,7,19298,12.116666666666665,2.8000000000000003,7e,Under-covered
2025-04-22,8,6030,12.116666666666667,1.6,8e,Under-covered
2025-04-22,10,11100,12.116666666666667,0.8,10e,Under-covered
2025-04-22,11,20254,12.116666666666667,2.0,11e,Under-covered
2025-04-22,12,18558,12.116666666666667,6.4,12e,Over-covered
2025-04-22,13,20332,12.116666666666667,5.2,13e,Over-covered
2025-04-22,14,10263,12.116666666666665,3.6,14e,Over-covered
2025-04-22,15,14211,12.116666666666667,4.0,15e,Over-covered
2025-04-22,17,3817,12.116666666666667,1.6,17e,Over-covered
2025-04-22,19,16930,12.116666666666667,3.2,19e,Under-covered
2025-04-22,20,4005,12.116666666666667,2.0,20e,Over-covered
2025-04-23,1,4493,10.924999999999999,37.2,1e,Over-covered
2025-04-23,3,17052,10.924999999999999,37.2,3e,Under-covered
2025-04-23,4,8802,10.924999999999999,37.2,4e,Under-covered
2025-04-23,5,4593,10.924999999999999,18.6,5e,Under-covered
2025-04-23,7,13145,10.925,65.10000000000001,7e,Under-covered
2025-04-23,8,3707,10.924999999999999,37.2,8e,Under-covered
2025-04-23,10,8885,10.924999999999999,18.6,10e,Under-covered
2025-04-23,11,15661,10.925,46.5,11e,Under-covered
2025-04-23,12,13387,10.924999999999999,148.8,12e,Over-covered
2025-04-23,13,14804,10.924999999999999,120.9,13e,Over-covered
2025-04-23,14,7365,10.925,83.7,14e,Over-covered
2025-04-23,15,10364,10.925,93.0,15e,Over-covered
2025-04-23,17,2595,10.924999999999999,37.2,17e,Over-covered
2025-04-23,19,13538,10.924999999999999,74.4,19e,Under-covered
2025-04-23,20,3129,10.925,46.5,20e,Over-covered
2025-04-24,1,8681,12.083333333333334,4.4,1e,Over-covered
2025-04-24,3,24412,12.083333333333334,4.4,3e,Under-covered
2025-04-24,4,13139,12.083333333333334,4.4,4e,Under-covered
2025-04-24,5,6880,12.083333333333334,2.2,5e,Under-covered
2025-04-24,7,21370,12.083333333333334,7.7,7e,Under-covered
2025-04-24,8,6512,12.083333333333334,4.4,8e,Under-covered
2025-04-24,10,12441,12.083333333333334,2.2,10e,Under-covered
2025-04-24,11,22000,12.083333333333334,5.5,11e,Under-covered
2025-04-24,12,19437,12.083333333333334,17.6,12e,Over-covered
2025-04-24,13,21443,12.083333333333334,14.3,13e,Over-covered
2025-04-24,14,10825,12.083333333333334,9.9,14e,Over-covered
2025-04-24,15,15257,12.083333333333334,11.0,15e,Over-covered
2025-04-24,17,4031,12.083333333333334,4.4,17e,Over-covered
2025-04-24,19,18505,12.083333333333334,8.8,19e,Under-covered
2025-04-24,20,4168,12.083333333333334,5.5,20e,Over-covered
2025-04-25,1,6722,11.566666666666668,2.0,1e,Over-covered
2025-04-25,3,22858,11.566666666666668,2.0,3e,Under-covered
2025-04-25,4,12315,11.566666666666668,2.0,4e,Under-covered
2025-04-25,5,6400,11.566666666666668,1.0,5e,Under-covered
2025-04-25,7,18668,11.566666666666666,3.5,7e,Under-covered
2025-04-25,8,5485,11.566666666666668,2.0,8e,Under-covered
2025-04-25,10,12323,11.566666666666668,1.0,10e,Under-covered
2025-04-25,11,21336,11.566666666666666,2.5,11e,Under-covered
2025-04-25,12,17601,11.566666666666668,8.0,12e,Over-covered
2025-04-25,13,19830,11.566666666666666,6.5,13e,Over-covered
2025-04-25,14,9721,11.566666666666666,4.5,14e,Over-covered
2025-04-25,15,13693,11.566666666666666,5.0,15e,Over-covered
2025-04-25,17,3333,11.566666666666668,2.0,17e,Over-covered
2025-04-25,19,17490,11.566666666666668,4.0,19e,Under-covered
2025-04-25,20,3973,11.566666666666666,2.5,20e,Over-covered
2025-04-26,1,5684,13.416666666666666,0.8,1e,Over-covered
2025-04-26,3,22518,13.416666666666666,0.8,3e,Under-covered
2025-04-26,4,13372,13.416666666666666,0.8,4e,Under-covered
2025-04-26,5,6621,13.416666666666666,0.4,5e,Under-covered
2025-04-26,7,17871,13.416666666666666,1.4000000000000001,7e,Under-covered
2025-04-26,8,4838,13.416666666666666,0.8,8e,Under-covered
2025-04-26,10,12568,13.416666666666666,0.4,10e,Under-covered
2025-04-26,11,20541,13.416666666666666,1.0,11e,Under-covered
2025-04-26,12,15955,13.416666666666666,3.2,12e,Over-covered
2025-04-26,13,18063,13.416666666666666,2.6,13e,Over-covered
2025-04-26,14,7287,13.416666666666666,1.8,14e,Over-covered
2025-04-26,15,11511,13.416666666666666,2.0,15e,Over-covered
2025-04-26,17,3030,13.416666666666666,0.8,17e,Over-covered
2025-04-26,19,18261,13.416666666666666,1.6,19e,Under-covered
2025-04-26,20,3762,13.416666666666666,1.0,20e,Over-covered
2025-04-27,1,5731,15.345833333333333,1.2000000000000002,1e,Over-covered
2025-04-27,3,18019,15.345833333333333,1.2000000000000002,3e,Under-covered
2025-04-27,4,11424,15.345833333333333,1.2000000000000002,4e,Under-covered
2025-04-27,5,6041,15.345833333333333,0.6000000000000001,5e,Under-covered
2025-04-27,7,16085,15.345833333333333,2.1,7e,Under-covered
2025-04-27,8,4269,15.345833333333333,1.2000000000000002,8e,Under-covered
2025-04-27,10,10068,15.345833333333333,0.6000000000000001,10e,Under-covered
2025-04-27,11,17378,15.345833333333333,1.5,11e,Under-covered
2025-04-27,12,16403,15.345833333333333,4.800000000000001,12e,Over-covered
2025-04-27,13,16518,15.345833333333331,3.9000000000000004,13e,Over-covered
2025-04-27,14,7563,15.345833333333333,2.7,14e,Over-covered
2025-04-27,15,11822,15.345833333333333,3.0,15e,Over-covered
2025-04-27,17,2837,15.345833333333333,1.2000000000000002,17e,Over-covered
2025-04-27,19,16565,15.345833333333333,2.4000000000000004,19e,Under-covered
2025-04-27,20,3468,15.345833333333333,1.5,20e,Over-covered
2025-04-28,1,11251,16.9375,0.0,1e,Over-covered
2025-04-28,3,26205,16.9375,0.0,3e,Under-covered
2025-04-28,4,15520,16.9375,0.0,4e,Under-covered
2025-04-28,5,8562,16.9375,0.0,5e,Under-covered
2025-04-28,7,26276,16.9375,0.0,7e,Under-covered
2025-04-28,8,7822,16.9375,0.0,8e,Under-covered
2025-04-28,10,12912,16.9375,0.0,10e,Under-covered
2025-04-28,11,25328,16.9375,0.0,11e,Under-covered
2025-04-28,12,24224,16.9375,0.0,12e,Over-covered
2025-04-28,13,28407,16.9375,0.0,13e,Over-covered
2025-04-28,14,14893,16.9375,0.0,14e,Over-covered
2025-04-28,15,20040,16.9375,0.0,15e,Over-covered
2025-04-28,17,5292,16.9375,0.0,17e,Over-covered
2025-04-28,19,21440,16.9375,0.0,19e,Under-covered
2025-04-28,20,5284,16.9375,0.0,20e,Over-covered
2025-04-29,1,12478,19.158333333333335,0.0,1e,Over-covered
2025-04-29,3,30228,19.158333333333335,0.0,3e,Under-covered
2025-04-29,4,17991,19.158333333333335,0.0,4e,Under-covered
2025-04-29,5,9969,19.158333333333335,0.0,5e,Under-covered
2025-04-29,7,29145,19.174390243902437,0.0,7e,Under-covered
2025-04-29,8,7914,19.158333333333335,0.0,8e,Under-covered
2025-04-29,10,15093,19.158333333333335,0.0,10e,Under-covered
2025-04-29,11,29177,19.158333333333335,0.0,11e,Under-covered
2025-04-29,12,27047,19.158333333333335,0.0,12e,Over-covered
2025-04-29,13,30606,19.15833333333333,0.0,13e,Over-covered
2025-04-29,14,16273,19.15833333333333,0.0,14e,Over-covered
2025-04-29,15,22849,19.158333333333335,0.0,15e,Over-covered
2025-04-29,17,6024,19.158333333333335,0.0,17e,Over-covered
2025-04-29,19,23457,19.158333333333335,0.0,19e,Under-covered
2025-04-29,20,6060,19.158333333333335,0.0,20e,Over-covered
2025-04-30,1,11180,21.25,0.0,1e,Over-covered
2025-04-30,3,29784,21.25,0.0,3e,Under-covered
2025-04-30,4,17529,21.25,0.0,4e,Under-covered
2025-04-30,5,9684,21.25,0.0,5e,Under-covered
2025-04-30,7,16859,21.231147540983606,0.0,7e,Under-covered
2025-04-30,8,7826,21.25,0.0,8e,Under-covered
2025-04-30,10,15169,21.25,0.0,10e,Under-covered
2025-04-30,11,28222,21.25,0.0,11e,Under-covered
2025-04-30,12,26204,21.25,0.0,12e,Over-covered
2025-04-30,13,29887,21.25,0.0,13e,Over-covered
2025-04-30,14,14708,21.25,0.0,14e,Over-covered
2025-04-30,15,21114,21.25,0.0,15e,Over-covered
2025-04-30,17,5319,21.25,0.0,17e,Over-covered
2025-04-30,19,23877,21.25,0.0,19e,Under-covered
2025-04-30,20,5731,21.25,0.0,20e,Over-covered
2025-05-01,1,7453,22.045833333333334,0.0,1e,Over-covered
2025-05-01,3,19606,22.045833333333334,0.0,3e,Under-covered
2025-05-01,4,11671,22.045833333333334,0.0,4e,Under-covered
2025-05-01,5,7220,22.045833333333334,0.0,5e,Under-covered
2025-05-01,7,19359,22.04583333333333,0.0,7e,Under-covered
2025-05-01,8,5119,22.045833333333334,0.0,8e,Under-covered
2025-05-01,10,10894,22.045833333333334,0.0,10e,Under-covered
2025-05-01,11,19745,22.045833333333334,0.0,11e,Under-covered
2025-05-01,12,20308,22.045833333333334,0.0,12e,Over-covered
2025-05-01,13,20430,22.045833333333334,0.0,13e,Over-covered
2025-05-01,14,8951,22.04583333333333,0.0,14e,Over-covered
2025-05-01,15,13932,22.045833333333334,0.0,15e,Over-covered
2025-05-01,17,3168,22.045833333333334,0.0,17e,Over-covered
2025-05-01,19,18182,22.045833333333334,0.0,19e,Under-covered
2025-05-01,20,3989,22.045833333333334,0.0,20e,Over-covered
2025-05-02,1,8057,22.641666666666666,0.0,1e,Over-covered
2025-05-02,3,25124,22.641666666666666,0.0,3e,Under-covered
2025-05-02,4,15357,22.641666666666666,0.0,4e,Under-covered
2025-05-02,5,7943,22.641666666666666,0.0,5e,Under-covered
2025-05-02,7,16729,22.053333333333335,0.0,7e,Under-covered
2025-05-02,8,6560,22.641666666666666,0.0,8e,Under-covered
2025-05-02,10,12744,22.641666666666666,0.0,10e,Under-covered
2025-05-02,11,22624,22.641666666666666,0.0,11e,Under-covered
2025-05-02,12,21166,22.641666666666666,0.0,12e,Over-covered
2025-05-02,13,23773,22.641666666666666,0.0,13e,Over-covered
2025-05-02,14,10919,22.64166666666667,0.0,14e,Over-covered
2025-05-02,15,15425,22.641666666666666,0.0,15e,Over-covered
2025-05-02,17,4091,22.641666666666666,0.0,17e,Over-covered
2025-05-02,19,19879,22.641666666666666,0.0,19e,Under-covered
2025-05-02,20,4691,22.641666666666666,0.0,20e,Over-covered
2025-05-03,1,4240,18.5125,36.8,1e,Over-covered
2025-05-03,3,18192,18.5125,36.8,3e,Under-covered
2025-05-03,4,10713,18.5125,36.8,4e,Under-covered
2025-05-03,5,5369,18.5125,18.4,5e,Under-covered
2025-05-03,7,11119,18.32848101265823,61.199999999999996,7e,Under-covered
2025-05-03,8,3920,18.5125,36.8,8e,Under-covered
2025-05-03,10,9676,18.5125,18.4,10e,Under-covered
2025-05-03,11,14695,18.5125,46.0,11e,Under-covered
2025-05-03,12,13521,18.5125,147.2,12e,Over-covered
2025-05-03,13,15393,18.512500000000003,119.6,13e,Over-covered
2025-05-03,14,6748,18.512500000000003,82.8,14e,Over-covered
2025-05-03,15,9541,18.5125,92.0,15e,Over-covered
2025-05-03,17,2547,18.5125,36.8,17e,Over-covered
2025-05-03,19,14092,18.5125,73.6,19e,Under-covered
2025-05-03,20,3197,18.5125,46.0,20e,Over-covered
2025-05-04,1,4684,11.991666666666667,4.800000000000001,1e,Over-covered
2025-05-04,3,15390,11.991666666666667,4.800000000000001,3e,Under-covered
2025-05-04,4,9393,11.991666666666667,4.800000000000001,4e,Under-covered
2025-05-04,5,4967,11.991666666666667,2.4000000000000004,5e,Under-covered
2025-05-04,7,13112,11.991666666666667,8.4,7e,Under-covered
2025-05-04,8,3246,11.991666666666667,4.800000000000001,8e,Under-covered
2025-05-04,10,8282,11.991666666666667,2.4000000000000004,10e,Under-covered
2025-05-04,11,13139,11.991666666666667,6.0,11e,Under-covered
2025-05-04,12,12921,11.991666666666667,19.200000000000003,12e,Over-covered
2025-05-04,13,13049,11.991666666666667,15.600000000000001,13e,Over-covered
2025-05-04,14,6317,11.991666666666665,10.8,14e,Over-covered
2025-05-04,15,9510,11.991666666666667,12.0,15e,Over-covered
2025-05-04,17,2482,11.991666666666667,4.800000000000001,17e,Over-covered
2025-05-04,19,13088,11.991666666666667,9.600000000000001,19e,Under-covered
2025-05-04,20,2800,11.991666666666667,6.0,20e,Over-covered
2025-05-05,1,9849,10.104166666666666,0.0,1e,Over-covered
2025-05-05,3,23042,10.104166666666666,0.0,3e,Under-covered
2025-05-05,4,12718,10.104166666666666,0.0,4e,Under-covered
2025-05-05,5,7298,10.104166666666666,0.0,5e,Under-covered
2025-05-05,7,21874,10.104166666666666,0.0,7e,Under-covered
2025-05-05,8,6290,10.104166666666666,0.0,8e,Under-covered
2025-05-05,10,11326,10.104166666666666,0.0,10e,Under-covered
2025-05-05,11,20615,10.104166666666666,0.0,11e,Under-covered
2025-05-05,12,21252,10.104166666666666,0.0,12e,Over-covered
2025-05-05,13,25580,10.104166666666666,0.0,13e,Over-covered
2025-05-05,14,13541,10.104166666666666,0.0,14e,Over-covered
2025-05-05,15,18993,10.104166666666666,0.0,15e,Over-covered
2025-05-05,17,4513,10.104166666666666,0.0,17e,Over-covered
2025-05-05,19,19069,10.104166666666666,0.0,19e,Under-covered
2025-05-05,20,4859,10.104166666666666,0.0,20e,Over-covered
2025-05-06,1,10666,11.3375,0.8,1e,Over-covered
2025-05-06,3,25800,11.3375,0.8,3e,Under-covered
2025-05-06,4,14394,11.3375,0.8,4e,Under-covered
2025-05-06,5,8006,11.3375,0.4,5e,Under-covered
2025-05-06,7,24313,11.3375,1.4000000000000001,7e,Under-covered
2025-05-06,8,6795,11.3375,0.8,8e,Under-covered
2025-05-06,10,12804,11.3375,0.4,10e,Under-covered
2025-05-06,11,24418,11.3375,1.0,11e,Under-covered
2025-05-06,12,23176,11.3375,3.2,12e,Over-covered
2025-05-06,13,27219,11.3375,2.6,13e,Over-covered
2025-05-06,14,14510,11.3375,1.8,14e,Over-covered
2025-05-06,15,20844,11.3375,2.0,15e,Over-covered
2025-05-06,17,4846,11.3375,0.8,17e,Over-covered
2025-05-06,19,20613,11.3375,1.6,19e,Under-covered
2025-05-06,20,5290,11.3375,1.0,20e,Over-covered
2025-05-07,1,10526,11.658333333333333,0.0,1e,Over-covered
2025-05-07,3,25703,11.658333333333333,0.0,3e,Under-covered
2025-05-07,4,13976,11.658333333333333,0.0,4e,Under-covered
2025-05-07,5,7823,11.658333333333333,0.0,5e,Under-covered
2025-05-07,7,24133,11.658333333333333,0.0,7e,Under-covered
2025-05-07,8,6118,11.658333333333333,0.0,8e,Under-covered
2025-05-07,10,12963,11.658333333333333,0.0,10e,Under-covered
2025-05-07,11,24653,11.658333333333333,0.0,11e,Under-covered
2025-05-07,12,22040,11.658333333333333,0.0,12e,Over-covered
2025-05-07,13,25961,11.658333333333333,0.0,13e,Over-covered
2025-05-07,14,13458,11.658333333333333,0.0,14e,Over-covered
2025-05-07,15,21207,11.658333333333333,0.0,15e,Over-covered
2025-05-07,17,4397,11.658333333333333,0.0,17e,Over-covered
2025-05-07,19,20189,11.658333333333333,0.0,19e,Under-covered
2025-05-07,20,4949,11.658333333333333,0.0,20e,Over-covered
2025-05-08,1,5110,13.404166666666667,0.4,1e,Over-covered
2025-05-08,3,17715,13.404166666666667,0.4,3e,Under-covered
2025-05-08,4,10271,13.404166666666667,0.4,4e,Under-covered
2025-05-08,5,5566,13.404166666666667,0.2,5e,Under-covered
2025-05-08,7,15809,13.404166666666667,0.7000000000000001,7e,Under-covered
2025-05-08,8,1354,13.404166666666667,0.4,8e,Under-covered
2025-05-08,10,9457,13.404166666666667,0.2,10e,Under-covered
2025-05-08,11,15904,13.404166666666667,0.5,11e,Under-covered
2025-05-08,12,14851,13.404166666666667,1.6,12e,Over-covered
2025-05-08,13,16217,13.404166666666669,1.3,13e,Over-covered
2025-05-08,14,7458,13.404166666666667,0.9,14e,Over-covered
2025-05-08,15,11521,13.404166666666667,1.0,15e,Over-covered
2025-05-08,17,1663,13.404166666666667,0.4,17e,Over-covered
2025-05-08,19,15238,13.404166666666667,0.8,19e,Under-covered
2025-05-08,20,3128,13.404166666666667,0.5,20e,Over-covered
2025-05-09,1,6881,14.841666666666667,0.0,1e,Over-covered
2025-05-09,3,21685,14.841666666666667,0.0,3e,Under-covered
2025-05-09,4,12679,14.841666666666667,0.0,4e,Under-covered
2025-05-09,5,6882,14.841666666666667,0.0,5e,Under-covered
2025-05-09,7,18880,14.864634146341464,0.0,7e,Under-covered
2025-05-09,8,5256,14.841666666666667,0.0,8e,Under-covered
2025-05-09,10,10964,14.841666666666667,0.0,10e,Under-covered
2025-05-09,11,19955,14.841666666666667,0.0,11e,Under-covered
2025-05-09,12,18373,14.841666666666667,0.0,12e,Over-covered
2025-05-09,13,21195,14.841666666666669,0.0,13e,Over-covered
2025-05-09,14,10002,14.841666666666667,0.0,14e,Over-covered
2025-05-09,15,14732,14.841666666666667,0.0,15e,Over-covered
2025-05-09,17,3509,14.841666666666667,0.0,17e,Over-covered
2025-05-09,19,17292,14.841666666666667,0.0,19e,Under-covered
2025-05-09,20,4305,14.841666666666667,0.0,20e,Over-covered
2025-05-10,1,6118,17.325,0.0,1e,Over-covered
2025-05-10,3,21412,17.325,0.0,3e,Under-covered
2025-05-10,4,12673,17.325,0.0,4e,Under-covered
2025-05-10,5,6772,17.325,0.0,5e,Under-covered
2025-05-10,7,9315,17.325,0.0,7e,Under-covered
2025-05-10,8,4838,17.325,0.0,8e,Under-covered
2025-05-10,10,11207,17.325,0.0,10e,Under-covered
2025-05-10,11,19193,17.325,0.0,11e,Under-covered
2025-05-10,12,16498,17.325,0.0,12e,Over-covered
2025-05-10,13,19337,17.325,0.0,13e,Over-covered
2025-05-10,14,8540,17.325,0.0,14e,Over-covered
2025-05-10,15,13284,17.325,0.0,15e,Over-covered
2025-05-10,17,2868,17.325,0.0,17e,Over-covered
2025-05-10,19,14353,17.325,0.0,19e,Under-covered
2025-05-10,20,3665,17.325,0.0,20e,Over-covered
2025-05-11,1,5255,17.479166666666668,18.0,1e,Over-covered
2025-05-11,3,15841,17.479166666666668,18.0,3e,Under-covered
2025-05-11,4,9910,17.479166666666668,18.0,4e,Under-covered
2025-05-11,5,5227,17.479166666666668,9.0,5e,Under-covered
2025-05-11,7,7079,17.479166666666668,22.5,7e,Under-covered
2025-05-11,8,3807,17.479166666666668,18.0,8e,Under-covered
2025-05-11,10,8518,17.479166666666668,9.0,10e,Under-covered
2025-05-11,11,14275,17.479166666666668,22.5,11e,Under-covered
2025-05-11,12,13964,17.479166666666668,72.0,12e,Over-covered
2025-05-11,13,14265,17.479166666666668,58.5,13e,Over-covered
2025-05-11,14,6825,17.479166666666668,40.5,14e,Over-covered
2025-05-11,15,11280,17.479166666666668,45.0,15e,Over-covered
2025-05-11,17,2637,17.479166666666668,18.0,17e,Over-covered
2025-05-11,19,14549,17.479166666666668,36.0,19e,Under-covered
2025-05-11,20,3064,17.479166666666668,22.5,20e,Over-covered
2025-05-12,1,9101,15.558333333333332,6.800000000000001,1e,Over-covered
2025-05-12,3,22133,15.558333333333332,6.800000000000001,3e,Under-covered
2025-05-12,4,12028,15.558333333333332,6.800000000000001,4e,Under-covered
2025-05-12,5,6764,15.558333333333332,3.4000000000000004,5e,Under-covered
2025-05-12,7,13221,15.558333333333334,8.5,7e,Under-covered
2025-05-12,8,9204,15.558333333333332,6.800000000000001,8e,Under-covered
2025-05-12,10,11076,15.558333333333332,3.4000000000000004,10e,Under-covered
2025-05-12,11,21282,15.558333333333334,8.5,11e,Under-covered
2025-05-12,12,20298,15.558333333333332,27.200000000000003,12e,Over-covered
2025-05-12,13,23852,15.558333333333334,22.1,13e,Over-covered
2025-05-12,14,13024,15.558333333333334,15.3,14e,Over-covered
2025-05-12,15,17556,15.558333333333334,17.0,15e,Over-covered
2025-05-12,17,4449,15.558333333333332,6.800000000000001,17e,Over-covered
2025-05-12,19,18066,15.558333333333332,13.600000000000001,19e,Under-covered
2025-05-12,20,4807,15.558333333333334,8.5,20e,Over-covered
2025-05-13,1,10855,15.458333333333334,27.6,1e,Over-covered
2025-05-13,3,26688,15.458333333333334,27.599999999999998,3e,Under-covered
2025-05-13,4,15104,15.458333333333334,27.6,4e,Under-covered
2025-05-13,5,8669,15.458333333333334,13.8,5e,Under-covered
2025-05-13,7,15823,15.458333333333334,34.5,7e,Under-covered
2025-05-13,8,12578,15.458333333333334,27.6,8e,Under-covered
2025-05-13,10,13461,15.458333333333334,13.8,10e,Under-covered
2025-05-13,11,25625,15.458333333333334,34.5,11e,Under-covered
2025-05-13,12,24168,15.458333333333334,110.4,12e,Over-covered
2025-05-13,13,27993,15.458333333333334,89.7,13e,Over-covered
2025-05-13,14,14986,15.458333333333334,62.1,14e,Over-covered
2025-05-13,15,20242,15.458333333333334,69.0,15e,Over-covered
2025-05-13,17,5365,15.458333333333334,27.6,17e,Over-covered
2025-05-13,19,20636,15.458333333333334,55.2,19e,Under-covered
2025-05-13,20,5630,15.458333333333334,34.5,20e,Over-covered
2025-05-14,1,11736,17.929166666666667,0.4,1e,Over-covered
2025-05-14,3,29696,17.929166666666667,0.4,3e,Under-covered
2025-05-14,4,17198,17.929166666666667,0.4,4e,Under-covered
2025-05-14,5,9728,17.929166666666667,0.2,5e,Under-covered
2025-05-14,7,16994,17.929166666666667,0.5,7e,Under-covered
2025-05-14,8,13553,17.929166666666667,0.4,8e,Under-covered
2025-05-14,10,15136,17.929166666666667,0.2,10e,Under-covered
2025-05-14,11,28302,17.929166666666667,0.5,11e,Under-covered
2025-05-14,12,25746,17.929166666666667,1.6,12e,Over-covered
2025-05-14,13,30507,17.929166666666667,1.3,13e,Over-covered
2025-05-14,14,15246,17.929166666666667,0.9,14e,Over-covered
2025-05-14,15,22138,17.929166666666667,1.0,15e,Over-covered
2025-05-14,17,5662,17.929166666666667,0.4,17e,Over-covered
2025-05-14,19,23121,17.929166666666667,0.8,19e,Under-covered
2025-05-14,20,5715,17.929166666666667,0.5,20e,Over-covered
2025-05-15,1,11037,13.587499999999999,0.0,1e,Over-covered
2025-05-15,3,27731,13.587499999999999,0.0,3e,Under-covered
2025-05-15,4,16222,13.587499999999999,0.0,4e,Under-covered
2025-05-15,5,8890,13.587499999999999,0.0,5e,Under-covered
2025-05-15,7,16244,13.5875,0.0,7e,Under-covered
2025-05-15,8,12776,13.587499999999999,0.0,8e,Under-covered
2025-05-15,10,14093,13.5875,0.0,10e,Under-covered
2025-05-15,11,26847,13.5875,0.0,11e,Under-covered
2025-05-15,12,25004,13.587499999999999,0.0,12e,Over-covered
2025-05-15,13,28326,13.5875,0.0,13e,Over-covered
2025-05-15,14,14946,13.5875,0.0,14e,Over-covered
2025-05-15,15,20998,13.5875,0.0,15e,Over-covered
2025-05-15,17,5409,13.587499999999999,0.0,17e,Over-covered
2025-05-15,19,21803,13.587499999999999,0.0,19e,Under-covered
2025-05-15,20,5600,13.5875,0.0,20e,Over-covered
2025-05-16,1,9398,14.245833333333332,0.0,1e,Over-covered
2025-05-16,3,28090,14.245833333333332,0.0,3e,Under-covered
2025-05-16,4,16671,14.245833333333332,0.0,4e,Under-covered
2025-05-16,5,8901,14.245833333333332,0.0,5e,Under-covered
2025-05-16,7,21356,14.674305555555556,0.0,7e,Under-covered
2025-05-16,8,11457,14.245833333333332,0.0,8e,Under-covered
2025-05-16,10,14727,14.245833333333332,0.0,10e,Under-covered
2025-05-16,11,27190,14.245833333333334,0.0,11e,Under-covered
2025-05-16,12,23216,14.245833333333332,0.0,12e,Over-covered
2025-05-16,13,26031,14.245833333333334,0.0,13e,Over-covered
2025-05-16,14,13647,14.245833333333334,0.0,14e,Over-covered
2025-05-16,15,18928,14.245833333333334,0.0,15e,Over-covered
2025-05-16,17,4684,14.164893617021276,0.0,17e,Over-covered
2025-05-16,19,21912,14.245833333333332,0.0,19e,Under-covered
2025-05-16,20,5332,14.245833333333334,0.0,20e,Over-covered
2025-05-17,1,6325,13.895833333333334,0.0,1e,Over-covered
2025-05-17,3,23293,13.895833333333334,0.0,3e,Under-covered
2025-05-17,4,13714,13.895833333333334,0.0,4e,Under-covered
2025-05-17,5,6986,13.895833333333334,0.0,5e,Under-covered
2025-05-17,7,19263,13.895833333333334,0.0,7e,Under-covered
2025-05-17,8,8790,13.895833333333334,0.0,8e,Under-covered
2025-05-17,10,12458,13.895833333333334,0.0,10e,Under-covered
2025-05-17,11,21313,13.895833333333334,0.0,11e,Under-covered
2025-05-17,12,16978,13.895833333333334,0.0,12e,Over-covered
2025-05-17,13,19520,13.895833333333334,0.0,13e,Over-covered
2025-05-17,14,8310,13.895833333333334,0.0,14e,Over-covered
2025-05-17,15,13911,13.895833333333334,0.0,15e,Over-covered
2025-05-17,17,3399,13.895833333333334,0.0,17e,Over-covered
2025-05-17,19,19043,13.895833333333334,0.0,19e,Under-covered
2025-05-17,20,4146,13.895833333333334,0.0,20e,Over-covered
2025-05-18,1,5655,14.762500000000001,0.0,1e,Over-covered
2025-05-18,3,18787,14.762500000000001,0.0,3e,Under-covered
2025-05-18,4,12401,14.762500000000001,0.0,4e,Under-covered
2025-05-18,5,6614,14.762500000000001,0.0,5e,Under-covered
2025-05-18,7,16525,14.7625,0.0,7e,Under-covered
2025-05-18,8,8072,14.762500000000001,0.0,8e,Under-covered
2025-05-18,10,10180,14.762500000000001,0.0,10e,Under-covered
2025-05-18,11,17593,14.7625,0.0,11e,Under-covered
2025-05-18,12,16450,14.762500000000001,0.0,12e,Over-covered
2025-05-18,13,17907,14.7625,0.0,13e,Over-covered
2025-05-18,14,8046,14.7625,0.0,14e,Over-covered
2025-05-18,15,12952,14.7625,0.0,15e,Over-covered
2025-05-18,17,3317,14.762500000000001,0.0,17e,Over-covered
2025-05-18,19,17031,14.762500000000001,0.0,19e,Under-covered
2025-05-18,20,3509,14.7625,0.0,20e,Over-covered
2025-05-19,1,11414,16.495833333333334,0.0,1e,Over-covered
2025-05-19,3,26688,16.495833333333334,0.0,3e,Under-covered
2025-05-19,4,14890,16.495833333333334,0.0,4e,Under-covered
2025-05-19,5,8530,16.495833333333334,0.0,5e,Under-covered
2025-05-19,7,25527,16.495833333333334,0.0,7e,Under-covered
2025-05-19,8,12569,16.495833333333334,0.0,8e,Under-covered
2025-05-19,10,12766,16.495833333333334,0.0,10e,Under-covered
2025-05-19,11,25100,16.495833333333334,0.0,11e,Under-covered
2025-05-19,12,24094,16.495833333333334,0.0,12e,Over-covered
2025-05-19,13,28352,16.495833333333334,0.0,13e,Over-covered
2025-05-19,14,14710,16.495833333333334,0.0,14e,Over-covered
2025-05-19,15,21351,16.495833333333334,0.0,15e,Over-covered
2025-05-19,17,5204,16.495833333333334,0.0,17e,Over-covered
2025-05-19,19,21699,16.495833333333334,0.0,19e,Under-covered
2025-05-19,20,5232,16.495833333333334,0.0,20e,Over-covered
2025-05-20,1,12625,19.175,0.0,1e,Over-covered
2025-05-20,3,29547,19.175,0.0,3e,Under-covered
2025-05-20,4,16989,19.175,0.0,4e,Under-covered
2025-05-20,5,9812,19.175,0.0,5e,Under-covered
2025-05-20,7,28566,19.175,0.0,7e,Under-covered
2025-05-20,8,14264,19.175,0.0,8e,Under-covered
2025-05-20,10,14715,19.175,0.0,10e,Under-covered
2025-05-20,11,28185,19.175,0.0,11e,Under-covered
2025-05-20,12,26529,19.175,0.0,12e,Over-covered
2025-05-20,13,31185,19.175,0.0,13e,Over-covered
2025-05-20,14,16697,19.175,0.0,14e,Over-covered
2025-05-20,15,24068,19.175,0.0,15e,Over-covered
2025-05-20,17,5510,18.98695652173913,0.0,17e,Over-covered
2025-05-20,19,23549,19.175,0.0,19e,Under-covered
2025-05-20,20,6004,19.175,0.0,20e,Over-covered
2025-05-21,1,8534,13.741666666666667,59.199999999999996,1e,Over-covered
2025-05-21,3,21456,13.741666666666667,59.199999999999996,3e,Under-covered
2025-05-21,4,11598,13.741666666666667,59.2,4e,Under-covered
2025-05-21,5,6649,13.741666666666667,29.6,5e,Under-covered
2025-05-21,7,19678,13.741666666666665,103.6,7e,Under-covered
2025-05-21,8,9523,13.741666666666667,59.199999999999996,8e,Under-covered
2025-05-21,10,10960,13.741666666666667,29.599999999999998,10e,Under-covered
2025-05-21,11,20978,13.741666666666667,74.0,11e,Under-covered
2025-05-21,12,19258,13.741666666666667,236.8,12e,Over-covered
2025-05-21,13,22958,13.741666666666665,192.4,13e,Over-covered
2025-05-21,14,12080,13.741666666666665,133.2,14e,Over-covered
2025-05-21,15,16953,13.741666666666667,148.0,15e,Over-covered
2025-05-21,17,4292,13.741666666666667,59.199999999999996,17e,Over-covered
2025-05-21,19,17738,13.741666666666667,118.4,19e,Under-covered
2025-05-21,20,4660,13.741666666666667,74.0,20e,Over-covered
2025-05-22,1,11079,13.4,1.2000000000000002,1e,Over-covered
2025-05-22,3,28866,13.4,1.2000000000000002,3e,Under-covered
2025-05-22,4,16833,13.4,1.2000000000000002,4e,Under-covered
2025-05-22,5,8910,13.4,0.6000000000000001,5e,Under-covered
2025-05-22,7,27110,13.399999999999999,2.1,7e,Under-covered
2025-05-22,8,12967,13.4,1.2000000000000002,8e,Under-covered
2025-05-22,10,13999,13.4,0.6000000000000001,10e,Under-covered
2025-05-22,11,26078,13.4,1.5,11e,Under-covered
2025-05-22,12,23996,13.4,4.800000000000001,12e,Over-covered
2025-05-22,13,28077,13.4,3.9000000000000004,13e,Over-covered
2025-05-22,14,15304,13.4,2.7,14e,Over-covered
2025-05-22,15,22267,13.4,3.0,15e,Over-covered
2025-05-22,17,5502,13.4,1.2000000000000002,17e,Over-covered
2025-05-22,19,21712,13.4,2.4000000000000004,19e,Under-covered
2025-05-22,20,5497,13.4,1.5,20e,Over-covered
2025-05-23,1,9413,13.487499999999999,0.0,1e,Over-covered
2025-05-23,3,27636,13.487499999999999,0.0,3e,Under-covered
2025-05-23,4,15915,13.487499999999999,0.0,4e,Under-covered
2025-05-23,5,8626,13.487499999999999,0.0,5e,Under-covered
2025-05-23,7,24506,13.4875,0.0,7e,Under-covered
2025-05-23,8,11663,13.487499999999999,0.0,8e,Under-covered
2025-05-23,10,14008,13.487499999999999,0.0,10e,Under-covered
2025-05-23,11,26715,13.4875,0.0,11e,Under-covered
2025-05-23,12,22825,13.487499999999999,0.0,12e,Over-covered
2025-05-23,13,26337,13.4875,0.0,13e,Over-covered
2025-05-23,14,13431,13.4875,0.0,14e,Over-covered
2025-05-23,15,19963,13.4875,0.0,15e,Over-covered
2025-05-23,17,4992,13.487499999999999,0.0,17e,Over-covered
2025-05-23,19,21351,13.487499999999999,0.0,19e,Under-covered
2025-05-23,20,5451,13.4875,0.0,20e,Over-covered
2025-05-24,1,5225,14.454166666666666,1.6,1e,Over-covered
2025-05-24,3,22870,14.454166666666666,1.6,3e,Under-covered
2025-05-24,4,12629,14.454166666666666,1.6,4e,Under-covered
2025-05-24,5,6467,14.454166666666666,0.8,5e,Under-covered
2025-05-24,7,16943,14.454166666666667,2.8000000000000003,7e,Under-covered
2025-05-24,8,7748,14.454166666666666,1.6,8e,Under-covered
2025-05-24,10,11984,14.454166666666666,0.8,10e,Under-covered
2025-05-24,11,20171,14.454166666666667,2.0,11e,Under-covered
2025-05-24,12,15631,14.454166666666666,6.4,12e,Over-covered
2025-05-24,13,18283,14.454166666666666,5.2,13e,Over-covered
2025-05-24,14,8101,14.454166666666666,3.6,14e,Over-covered
2025-05-24,15,12315,14.454166666666667,4.0,15e,Over-covered
2025-05-24,17,3254,14.454166666666666,1.6,17e,Over-covered
2025-05-24,19,14670,14.454166666666666,3.2,19e,Under-covered
2025-05-24,20,3952,14.454166666666667,2.0,20e,Over-covered
2025-05-25,1,4217,16.458333333333332,8.0,1e,Over-covered
2025-05-25,3,16486,16.458333333333332,8.0,3e,Under-covered
2025-05-25,4,9391,16.458333333333332,8.0,4e,Under-covered
2025-05-25,5,4731,16.458333333333332,4.0,5e,Under-covered
2025-05-25,7,13204,16.458333333333332,14.0,7e,Under-covered
2025-05-25,8,5899,16.458333333333332,8.0,8e,Under-covered
2025-05-25,10,8863,16.458333333333332,4.0,10e,Under-covered
2025-05-25,11,14500,16.458333333333332,10.0,11e,Under-covered
2025-05-25,12,12505,16.458333333333332,32.0,12e,Over-covered
2025-05-25,13,12866,16.458333333333332,26.0,13e,Over-covered
2025-05-25,14,6602,16.458333333333332,18.0,14e,Over-covered
2025-05-25,15,10398,16.458333333333332,20.0,15e,Over-covered
2025-05-25,17,2455,16.458333333333332,8.0,17e,Over-covered
2025-05-25,19,12992,16.458333333333332,16.0,19e,Under-covered
2025-05-25,20,2833,16.458333333333332,10.0,20e,Over-covered
2025-05-26,1,10876,14.541666666666666,0.0,1e,Over-covered
2025-05-26,3,25496,14.541666666666666,0.0,3e,Under-covered
2025-05-26,4,14171,14.541666666666666,0.0,4e,Under-covered
2025-05-26,5,7956,14.541666666666666,0.0,5e,Under-covered
2025-05-26,7,24151,14.541666666666666,0.0,7e,Under-covered
2025-05-26,8,12422,14.541666666666666,0.0,8e,Under-covered
2025-05-26,10,12339,14.541666666666666,0.0,10e,Under-covered
2025-05-26,11,23810,14.541666666666666,0.0,11e,Under-covered
2025-05-26,12,22935,14.541666666666666,0.0,12e,Over-covered
2025-05-26,13,27282,14.541666666666666,0.0,13e,Over-covered
2025-05-26,14,14178,14.541666666666666,0.0,14e,Over-covered
2025-05-26,15,21082,14.541666666666666,0.0,15e,Over-covered
2025-05-26,17,5079,14.541666666666666,0.0,17e,Over-covered
2025-05-26,19,19985,14.541666666666666,0.0,19e,Under-covered
2025-05-26,20,5229,14.541666666666666,0.0,20e,Over-covered
2025-05-27,1,10801,16.033333333333335,0.0,1e,Over-covered
2025-05-27,3,26755,16.033333333333335,0.0,3e,Under-covered
2025-05-27,4,14946,16.033333333333335,0.0,4e,Under-covered
2025-05-27,5,8255,16.033333333333335,0.0,5e,Under-covered
2025-05-27,7,24993,16.03333333333333,0.0,7e,Under-covered
2025-05-27,8,12180,16.033333333333335,0.0,8e,Under-covered
2025-05-27,10,12957,16.033333333333335,0.0,10e,Under-covered
2025-05-27,11,24736,16.033333333333335,0.0,11e,Under-covered
2025-05-27,12,22750,16.033333333333335,0.0,12e,Over-covered
2025-05-27,13,27150,16.03333333333333,0.0,13e,Over-covered
2025-05-27,14,14797,16.03333333333333,0.0,14e,Over-covered
2025-05-27,15,21414,16.033333333333335,0.0,15e,Over-covered
2025-05-27,17,5015,16.033333333333335,0.0,17e,Over-covered
2025-05-27,19,20699,16.033333333333335,0.0,19e,Under-covered
2025-05-27,20,5355,16.033333333333335,0.0,20e,Over-covered
2025-05-28,1,8253,16.504166666666666,12.8,1e,Over-covered
2025-05-28,3,25159,16.504166666666666,12.8,3e,Under-covered
2025-05-28,4,13796,16.504166666666666,12.8,4e,Under-covered
2025-05-28,5,7493,16.504166666666666,6.3999999999999995,5e,Under-covered
2025-05-28,7,21452,16.504166666666666,22.4,7e,Under-covered
2025-05-28,8,10468,16.504166666666666,12.8,8e,Under-covered
2025-05-28,10,12799,16.504166666666666,6.4,10e,Under-covered
2025-05-28,11,23714,16.504166666666666,16.0,11e,Under-covered
2025-05-28,12,19333,16.504166666666666,51.2,12e,Over-covered
2025-05-28,13,23610,16.504166666666666,41.6,13e,Over-covered
2025-05-28,14,12238,16.504166666666666,28.8,14e,Over-covered
2025-05-28,15,17939,16.504166666666666,32.0,15e,Over-covered
2025-05-28,17,4237,16.504166666666666,12.8,17e,Over-covered
2025-05-28,19,18745,16.504166666666666,25.6,19e,Under-covered
2025-05-28,20,4938,16.504166666666666,16.0,20e,Over-covered
2025-05-29,1,6310,18.379166666666666,0.0,1e,Over-covered
2025-05-29,3,20448,18.379166666666666,0.0,3e,Under-covered
2025-05-29,4,12380,18.379166666666666,0.0,4e,Under-covered
2025-05-29,5,6395,18.379166666666666,0.0,5e,Under-covered
2025-05-29,7,17361,18.379166666666666,0.0,7e,Under-covered
2025-05-29,8,8648,18.379166666666666,0.0,8e,Under-covered
2025-05-29,10,10428,18.379166666666666,0.0,10e,Under-covered
2025-05-29,11,17470,18.379166666666666,0.0,11e,Under-covered
2025-05-29,12,14838,18.379166666666666,0.0,12e,Over-covered
2025-05-29,13,17812,18.379166666666666,0.0,13e,Over-covered
2025-05-29,14,7546,18.379166666666666,0.0,14e,Over-covered
2025-05-29,15,13082,18.379166666666666,0.0,15e,Over-covered
2025-05-29,17,2955,18.379166666666666,0.0,17e,Over-covered
2025-05-29,19,16662,18.379166666666666,0.0,19e,Under-covered
2025-05-29,20,3475,18.379166666666666,0.0,20e,Over-covered
2025-05-30,1,7473,22.483333333333334,0.0,1e,Over-covered
2025-05-30,3,24335,22.483333333333334,0.0,3e,Under-covered
2025-05-30,4,14432,22.483333333333334,0.0,4e,Under-covered
2025-05-30,5,7494,22.483333333333334,0.0,5e,Under-covered
2025-05-30,7,21550,22.48333333333333,0.0,7e,Under-covered
2025-05-30,8,10552,22.483333333333334,0.0,8e,Under-covered
2025-05-30,10,12258,22.483333333333334,0.0,10e,Under-covered
2025-05-30,11,20207,22.483333333333334,0.0,11e,Under-covered
2025-05-30,12,17484,22.483333333333334,0.0,12e,Over-covered
2025-05-30,13,21439,22.483333333333334,0.0,13e,Over-covered
2025-05-30,14,8631,22.48333333333333,0.0,14e,Over-covered
2025-05-30,15,14339,22.483333333333334,0.0,15e,Over-covered
2025-05-30,17,3606,22.483333333333334,0.0,17e,Over-covered
2025-05-30,19,18210,22.483333333333334,0.0,19e,Under-covered
2025-05-30,20,3865,22.483333333333334,0.0,20e,Over-covered
2025-05-31,1,8723,21.8625,18.4,1e,Over-covered
2025-05-31,3,22563,21.8625,18.4,3e,Under-covered
2025-05-31,4,12947,21.8625,18.4,4e,Under-covered
2025-05-31,5,6986,21.8625,9.2,5e,Under-covered
2025-05-31,7,19731,21.8625,32.2,7e,Under-covered
2025-05-31,8,8578,21.8625,18.4,8e,Under-covered
2025-05-31,10,11984,21.8625,9.2,10e,Under-covered
2025-05-31,11,18130,21.8625,23.0,11e,Under-covered
2025-05-31,12,13751,21.8625,73.6,12e,Over-covered
2025-05-31,13,18059,21.862499999999997,59.8,13e,Over-covered
2025-05-31,14,7093,21.8625,41.4,14e,Over-covered
2025-05-31,15,15248,21.8625,46.0,15e,Over-covered
2025-05-31,17,2079,21.8625,18.4,17e,Over-covered
2025-05-31,19,15715,21.8625,36.8,19e,Under-covered
2025-05-31,20,3088,21.8625,23.0,20e,Over-covered
2025-06-01,1,6314,18.766666666666666,34.0,1e,Over-covered
2025-06-01,3,17370,18.766666666666666,34.0,3e,Under-covered
2025-06-01,4,10450,18.766666666666666,34.0,4e,Under-covered
2025-06-01,5,6015,18.766666666666666,17.0,5e,Under-covered
2025-06-01,7,17346,18.76666666666667,59.5,7e,Under-covered
2025-06-01,8,5866,18.766666666666666,34.0,8e,Under-covered
2025-06-01,10,9097,18.766666666666666,17.0,10e,Under-covered
2025-06-01,11,14748,18.766666666666666,42.5,11e,Under-covered
2025-06-01,12,13231,18.766666666666666,136.0,12e,Over-covered
2025-06-01,13,15986,18.766666666666666,110.5,13e,Over-covered
2025-06-01,14,7158,18.766666666666666,76.5,14e,Over-covered
2025-06-01,15,13783,18.766666666666666,85.0,15e,Over-covered
2025-06-01,17,1687,18.766666666666666,34.0,17e,Over-covered
2025-06-01,19,14527,18.766666666666666,68.0,19e,Under-covered
2025-06-01,20,2965,18.766666666666666,42.5,20e,Over-covered
2025-06-02,1,11193,17.895833333333332,3.6,1e,Over-covered
2025-06-02,3,25617,17.895833333333332,3.6,3e,Under-covered
2025-06-02,4,14441,17.895833333333332,3.6,4e,Under-covered
2025-06-02,5,7890,17.895833333333332,1.8,5e,Under-covered
2025-06-02,7,23814,17.895833333333332,6.3,7e,Under-covered
2025-06-02,8,12756,17.895833333333332,3.6,8e,Under-covered
2025-06-02,10,12133,17.895833333333332,1.8,10e,Under-covered
2025-06-02,11,23368,17.895833333333332,4.5,11e,Under-covered
2025-06-02,12,21947,17.895833333333332,14.4,12e,Over-covered
2025-06-02,13,27163,17.895833333333332,11.700000000000001,13e,Over-covered
2025-06-02,14,14400,17.895833333333332,8.1,14e,Over-covered
2025-06-02,15,21143,17.895833333333332,9.0,15e,Over-covered
2025-06-02,17,5091,17.895833333333332,3.6,17e,Over-covered
2025-06-02,19,20497,17.895833333333332,7.2,19e,Under-covered
2025-06-02,20,5382,17.895833333333332,4.5,20e,Over-covered
2025-06-03,1,12653,19.016666666666666,0.0,1e,Over-covered
2025-06-03,3,30656,19.016666666666666,0.0,3e,Under-covered
2025-06-03,4,17396,19.016666666666666,0.0,4e,Under-covered
2025-06-03,5,9861,19.016666666666666,0.0,5e,Under-covered
2025-06-03,7,28272,19.01666666666667,0.0,7e,Under-covered
2025-06-03,8,13918,19.016666666666666,0.0,8e,Under-covered
2025-06-03,10,14675,19.016666666666666,0.0,10e,Under-covered
2025-06-03,11,27744,19.016666666666666,0.0,11e,Under-covered
2025-06-03,12,25298,19.016666666666666,0.0,12e,Over-covered
2025-06-03,13,30233,19.016666666666666,0.0,13e,Over-covered
2025-06-03,14,16116,19.01666666666667,0.0,14e,Over-covered
2025-06-03,15,24078,19.016666666666666,0.0,15e,Over-covered
2025-06-03,17,5858,19.016666666666666,0.0,17e,Over-covered
2025-06-03,19,23391,19.016666666666666,0.0,19e,Under-covered
2025-06-03,20,5927,19.016666666666666,0.0,20e,Over-covered
2025-06-04,1,9401,16.166666666666668,8.0,1e,Over-covered
2025-06-04,3,25645,16.166666666666668,8.0,3e,Under-covered
2025-06-04,4,14112,16.166666666666668,8.0,4e,Under-covered
2025-06-04,5,7708,16.166666666666668,4.0,5e,Under-covered
2025-06-04,7,22563,16.166666666666668,14.0,7e,Under-covered
2025-06-04,8,10885,16.166666666666668,8.0,8e,Under-covered
2025-06-04,10,13030,16.166666666666668,4.0,10e,Under-covered
2025-06-04,11,24175,16.166666666666668,10.0,11e,Under-covered
2025-06-04,12,21235,16.166666666666668,32.0,12e,Over-covered
2025-06-04,13,25551,16.166666666666668,26.0,13e,Over-covered
2025-06-04,14,13554,16.166666666666668,18.0,14e,Over-covered
2025-06-04,15,19620,16.166666666666668,20.0,15e,Over-covered
2025-06-04,17,4674,16.166666666666668,8.0,17e,Over-covered
2025-06-04,19,19600,16.166666666666668,16.0,19e,Under-covered
2025-06-04,20,4984,16.166666666666668,10.0,20e,Over-covered
2025-06-05,1,8756,15.608333333333334,33.6,1e,Over-covered
2025-06-05,3,21433,15.608333333333334,33.6,3e,Under-covered
2025-06-05,4,11138,15.608333333333334,33.6,4e,Under-covered
2025-06-05,5,6500,15.608333333333334,16.8,5e,Under-covered
2025-06-05,7,19389,15.608333333333333,58.800000000000004,7e,Under-covered
2025-06-05,8,9697,15.608333333333334,33.6,8e,Under-covered
2025-06-05,10,10768,15.608333333333334,16.8,10e,Under-covered
2025-06-05,11,20234,15.608333333333333,42.0,11e,Under-covered
2025-06-05,12,18291,15.608333333333334,134.4,12e,Over-covered
2025-06-05,13,21743,15.608333333333334,109.2,13e,Over-covered
2025-06-05,14,12145,15.608333333333334,75.6,14e,Over-covered
2025-06-05,15,16966,15.608333333333333,84.0,15e,Over-covered
2025-06-05,17,4245,15.608333333333334,33.6,17e,Over-covered
2025-06-05,19,17071,15.608333333333334,67.2,19e,Under-covered
2025-06-05,20,4549,15.608333333333333,42.0,20e,Over-covered
2025-06-06,1,7594,16.900000000000002,23.2,1e,Over-covered
2025-06-06,3,23455,16.900000000000002,23.2,3e,Under-covered
2025-06-06,4,13251,16.900000000000002,23.2,4e,Under-covered
2025-06-06,5,6934,16.900000000000002,11.6,5e,Under-covered
2025-06-06,7,20501,16.9,40.6,7e,Under-covered
2025-06-06,8,9617,16.900000000000002,23.2,8e,Under-covered
2025-06-06,10,12081,16.900000000000002,11.6,10e,Under-covered
2025-06-06,11,22168,16.9,29.0,11e,Under-covered
2025-06-06,12,18401,16.900000000000002,92.8,12e,Over-covered
2025-06-06,13,22202,16.900000000000002,75.4,13e,Over-covered
2025-06-06,14,11543,16.900000000000002,52.2,14e,Over-covered
2025-06-06,15,16258,16.9,58.0,15e,Over-covered
2025-06-06,17,4028,16.900000000000002,23.2,17e,Over-covered
2025-06-06,19,17448,16.900000000000002,46.4,19e,Under-covered
2025-06-06,20,4755,16.9,29.0,20e,Over-covered
2025-06-07,1,4170,16.020833333333332,17.2,1e,Over-covered
2025-06-07,3,18793,16.020833333333332,17.2,3e,Under-covered
2025-06-07,4,10853,16.020833333333332,17.2,4e,Under-covered
2025-06-07,5,5195,16.020833333333332,8.6,5e,Under-covered
2025-06-07,7,13423,16.020833333333332,30.1,7e,Under-covered
2025-06-07,8,6770,16.020833333333332,17.2,8e,Under-covered
2025-06-07,10,9394,16.020833333333332,8.6,10e,Under-covered
2025-06-07,11,15836,16.020833333333332,21.5,11e,Under-covered
2025-06-07,12,12025,16.020833333333332,68.8,12e,Over-covered
2025-06-07,13,14431,16.020833333333332,55.9,13e,Over-covered
2025-06-07,14,6387,16.020833333333332,38.7,14e,Over-covered
2025-06-07,15,9650,16.020833333333332,43.0,15e,Over-covered
2025-06-07,17,2610,16.020833333333332,17.2,17e,Over-covered
2025-06-07,19,13146,16.020833333333332,34.4,19e,Under-covered
2025-06-07,20,3057,16.020833333333332,21.5,20e,Over-covered
2025-06-08,1,5532,15.016666666666666,13.600000000000001,1e,Over-covered
2025-06-08,3,16762,15.016666666666666,13.600000000000001,3e,Under-covered
2025-06-08,4,10532,15.016666666666666,13.600000000000001,4e,Under-covered
2025-06-08,5,5493,15.016666666666666,6.800000000000001,5e,Under-covered
2025-06-08,7,15199,15.016666666666666,23.8,7e,Under-covered
2025-06-08,8,7203,15.016666666666666,13.600000000000001,8e,Under-covered
2025-06-08,10,8881,15.016666666666666,6.8,10e,Under-covered
2025-06-08,11,15031,15.016666666666667,17.0,11e,Under-covered
2025-06-08,12,13141,15.016666666666666,54.400000000000006,12e,Over-covered
2025-06-08,13,14693,15.016666666666666,44.2,13e,Over-covered
2025-06-08,14,6438,15.016666666666666,30.6,14e,Over-covered
2025-06-08,15,10604,15.016666666666667,34.0,15e,Over-covered
2025-06-08,17,3069,15.016666666666666,13.600000000000001,17e,Over-covered
2025-06-08,19,13617,15.016666666666666,27.200000000000003,19e,Under-covered
2025-06-08,20,3213,15.016666666666667,17.0,20e,Over-covered
2025-06-09,1,7634,16.4875,0.0,1e,Over-covered
2025-06-09,3,21467,16.4875,0.0,3e,Under-covered
2025-06-09,4,12499,16.4875,0.0,4e,Under-covered
2025-06-09,5,6453,16.4875,0.0,5e,Under-covered
2025-06-09,7,18853,16.4875,0.0,7e,Under-covered
2025-06-09,8,9873,16.4875,0.0,8e,Under-covered
2025-06-09,10,11135,16.4875,0.0,10e,Under-covered
2025-06-09,11,20740,16.4875,0.0,11e,Under-covered
2025-06-09,12,15990,16.4875,0.0,12e,Over-covered
2025-06-09,13,18792,16.4875,0.0,13e,Over-covered
2025-06-09,14,8210,16.4875,0.0,14e,Over-covered
2025-06-09,15,13273,16.4875,0.0,15e,Over-covered
2025-06-09,17,3404,16.4875,0.0,17e,Over-covered
2025-06-09,19,17397,16.4875,0.0,19e,Under-covered
2025-06-09,20,3945,16.4875,0.0,20e,Over-covered
2025-06-10,1,12247,18.208333333333332,0.0,1e,Over-covered
2025-06-10,3,29885,18.208333333333332,0.0,3e,Under-covered
2025-06-10,4,17077,18.208333333333332,0.0,4e,Under-covered
2025-06-10,5,9757,18.208333333333332,0.0,5e,Under-covered
2025-06-10,7,28566,18.208333333333332,0.0,7e,Under-covered
2025-06-10,8,14384,18.208333333333332,0.0,8e,Under-covered
2025-06-10,10,14714,18.208333333333332,0.0,10e,Under-covered
2025-06-10,11,28072,18.208333333333332,0.0,11e,Under-covered
2025-06-10,12,25072,18.208333333333332,0.0,12e,Over-covered
2025-06-10,13,30385,18.208333333333332,0.0,13e,Over-covered
2025-06-10,14,16042,18.208333333333332,0.0,14e,Over-covered
2025-06-10,15,22505,18.208333333333332,0.0,15e,Over-covered
2025-06-10,17,5824,18.208333333333332,0.0,17e,Over-covered
2025-06-10,19,22874,18.208333333333332,0.0,19e,Under-covered
2025-06-10,20,5817,18.208333333333332,0.0,20e,Over-covered
2025-06-11,1,12429,21.224999999999998,0.0,1e,Over-covered
2025-06-11,3,31456,21.224999999999998,0.0,3e,Under-covered
2025-06-11,4,18494,21.224999999999998,0.0,4e,Under-covered
2025-06-11,5,10271,21.224999999999998,0.0,5e,Under-covered
2025-06-11,7,30453,21.225,0.0,7e,Under-covered
2025-06-11,8,15296,21.224999999999998,0.0,8e,Under-covered
2025-06-11,10,15250,21.224999999999998,0.0,10e,Under-covered
2025-06-11,11,29104,21.225,0.0,11e,Under-covered
2025-06-11,12,25768,21.224999999999998,0.0,12e,Over-covered
2025-06-11,13,31245,21.224999999999998,0.0,13e,Over-covered
2025-06-11,14,16029,21.225,0.0,14e,Over-covered
2025-06-11,15,24052,21.225,0.0,15e,Over-covered
2025-06-11,17,5997,21.224999999999998,0.0,17e,Over-covered
2025-06-11,19,24182,21.224999999999998,0.0,19e,Under-covered
2025-06-11,20,5826,21.225,0.0,20e,Over-covered
2025-06-12,1,12193,24.670833333333334,0.4,1e,Over-covered
2025-06-12,3,32721,24.670833333333334,0.4,3e,Under-covered
2025-06-12,4,18704,24.670833333333334,0.4,4e,Under-covered
2025-06-12,5,10321,24.670833333333334,0.2,5e,Under-covered
2025-06-12,7,30126,24.67083333333333,0.7000000000000001,7e,Under-covered
2025-06-12,8,15376,24.670833333333334,0.4,8e,Under-covered
2025-06-12,10,15366,24.670833333333334,0.2,10e,Under-covered
2025-06-12,11,28976,24.670833333333334,0.5,11e,Under-covered
2025-06-12,12,25683,24.670833333333334,1.6,12e,Over-covered
2025-06-12,13,31239,24.670833333333334,1.3,13e,Over-covered
2025-06-12,14,16324,24.67083333333333,0.9,14e,Over-covered
2025-06-12,15,24819,24.670833333333334,1.0,15e,Over-covered
2025-06-12,17,5909,24.670833333333334,0.4,17e,Over-covered
2025-06-12,19,24077,24.670833333333334,0.8,19e,Under-covered
2025-06-12,20,5882,24.670833333333334,0.5,20e,Over-covered
2025-06-13,1,9254,25.96666666666667,27.2,1e,Over-covered
2025-06-13,3,28669,25.96666666666667,27.2,3e,Under-covered
2025-06-13,4,15979,25.96666666666667,27.2,4e,Under-covered
2025-06-13,5,8858,25.96666666666667,13.6,5e,Under-covered
2025-06-13,7,24813,25.966666666666665,47.6,7e,Under-covered
2025-06-13,8,12116,25.96666666666667,27.2,8e,Under-covered
2025-06-13,10,14329,25.96666666666667,13.6,10e,Under-covered
2025-06-13,11,26170,25.966666666666665,34.0,11e,Under-covered
2025-06-13,12,22238,25.96666666666667,108.8,12e,Over-covered
2025-06-13,13,25901,25.96666666666667,88.4,13e,Over-covered
2025-06-13,14,13363,25.96666666666667,61.2,14e,Over-covered
2025-06-13,15,19640,25.966666666666665,68.0,15e,Over-covered
2025-06-13,17,4079,25.622093023255815,20.4,17e,Over-covered
2025-06-13,19,21955,25.96666666666667,54.4,19e,Under-covered
2025-06-13,20,5417,25.966666666666665,34.0,20e,Over-covered
2025-06-14,1,5981,22.84166666666667,3.6,1e,Over-covered
2025-06-14,3,24615,22.84166666666667,3.6,3e,Under-covered
2025-06-14,4,14389,22.84166666666667,3.6,4e,Under-covered
2025-06-14,5,7224,22.84166666666667,1.8,5e,Under-covered
2025-06-14,7,20021,22.84166666666667,6.3,7e,Under-covered
2025-06-14,8,8997,22.84166666666667,3.6,8e,Under-covered
2025-06-14,10,12811,22.84166666666667,1.8,10e,Under-covered
2025-06-14,11,20747,22.841666666666665,4.5,11e,Under-covered
2025-06-14,12,16332,22.84166666666667,14.4,12e,Over-covered
2025-06-14,13,19947,22.841666666666665,11.700000000000001,13e,Over-covered
2025-06-14,14,8807,22.84166666666667,8.1,14e,Over-covered
2025-06-14,15,13531,22.841666666666665,9.0,15e,Over-covered
2025-06-14,17,2938,22.841666666666665,2.7,17e,Over-covered
2025-06-14,19,19564,22.84166666666667,7.2,19e,Under-covered
2025-06-14,20,4217,22.841666666666665,4.5,20e,Over-covered
2025-06-15,1,5843,19.0,0.4,1e,Over-covered
2025-06-15,3,19325,19.0,0.4,3e,Under-covered
2025-06-15,4,11782,19.0,0.4,4e,Under-covered
2025-06-15,5,6246,19.0,0.2,5e,Under-covered
2025-06-15,7,16251,19.0,0.7000000000000001,7e,Under-covered
2025-06-15,8,8060,19.0,0.4,8e,Under-covered
2025-06-15,10,10521,19.0,0.2,10e,Under-covered
2025-06-15,11,17426,19.0,0.5,11e,Under-covered
2025-06-15,12,15301,19.0,1.6,12e,Over-covered
2025-06-15,13,17748,19.0,1.3,13e,Over-covered
2025-06-15,14,7875,19.0,0.9,14e,Over-covered
2025-06-15,15,11876,19.0,1.0,15e,Over-covered
2025-06-15,17,2883,19.113483146067416,0.30000000000000004,17e,Over-covered
2025-06-15,19,16026,19.0,0.8,19e,Under-covered
2025-06-15,20,3474,19.0,0.5,20e,Over-covered
2025-06-16,1,11837,20.008333333333333,0.0,1e,Over-covered
2025-06-16,3,27276,20.008333333333333,0.0,3e,Under-covered
2025-06-16,4,15794,20.008333333333333,0.0,4e,Under-covered
2025-06-16,5,8716,20.008333333333333,0.0,5e,Under-covered
2025-06-16,7,26776,20.008333333333333,0.0,7e,Under-covered
2025-06-16,8,13883,20.008333333333333,0.0,8e,Under-covered
2025-06-16,10,12998,20.008333333333333,0.0,10e,Under-covered
2025-06-16,11,25543,20.008333333333333,0.0,11e,Under-covered
2025-06-16,12,23870,20.008333333333333,0.0,12e,Over-covered
2025-06-16,13,28655,20.008333333333333,0.0,13e,Over-covered
2025-06-16,14,14863,20.008333333333333,0.0,14e,Over-covered
2025-06-16,15,21031,20.008333333333333,0.0,15e,Over-covered
2025-06-16,17,5449,20.008333333333333,0.0,17e,Over-covered
2025-06-16,19,22248,20.008333333333333,0.0,19e,Under-covered
2025-06-16,20,5485,20.008333333333333,0.0,20e,Over-covered
2025-06-17,1,12993,22.758333333333336,0.0,1e,Over-covered
2025-06-17,3,31360,22.758333333333336,0.0,3e,Under-covered
2025-06-17,4,17812,22.758333333333336,0.0,4e,Under-covered
2025-06-17,5,9955,22.758333333333336,0.0,5e,Under-covered
2025-06-17,7,30357,22.758333333333333,0.0,7e,Under-covered
2025-06-17,8,15283,22.758333333333336,0.0,8e,Under-covered
2025-06-17,10,15040,22.758333333333336,0.0,10e,Under-covered
2025-06-17,11,28795,22.758333333333333,0.0,11e,Under-covered
2025-06-17,12,26526,22.758333333333336,0.0,12e,Over-covered
2025-06-17,13,31145,22.758333333333333,0.0,13e,Over-covered
2025-06-17,14,16593,22.758333333333333,0.0,14e,Over-covered
2025-06-17,15,22978,22.758333333333333,0.0,15e,Over-covered
2025-06-17,17,5991,22.758333333333336,0.0,17e,Over-covered
2025-06-17,19,24210,22.758333333333336,0.0,19e,Under-covered
2025-06-17,20,5957,22.758333333333333,0.0,20e,Over-covered
2025-06-18,1,12493,23.27916666666667,0.0,1e,Over-covered
2025-06-18,3,32080,23.27916666666667,0.0,3e,Under-covered
2025-06-18,4,18201,23.27916666666667,0.0,4e,Under-covered
2025-06-18,5,10195,23.27916666666667,0.0,5e,Under-covered
2025-06-18,7,29423,23.27916666666667,0.0,7e,Under-covered
2025-06-18,8,15316,23.27916666666667,0.0,8e,Under-covered
2025-06-18,10,15649,23.27916666666667,0.0,10e,Under-covered
2025-06-18,11,29096,23.279166666666665,0.0,11e,Under-covered
2025-06-18,12,25857,23.27916666666667,0.0,12e,Over-covered
2025-06-18,13,30982,23.27916666666667,0.0,13e,Over-covered
2025-06-18,14,15303,23.27916666666667,0.0,14e,Over-covered
2025-06-18,15,22588,23.279166666666665,0.0,15e,Over-covered
2025-06-18,17,5496,22.838636363636365,0.0,17e,Over-covered
2025-06-18,19,24032,23.27916666666667,0.0,19e,Under-covered
2025-06-18,20,5800,23.279166666666665,0.0,20e,Over-covered
2025-06-19,1,11211,24.941666666666666,0.0,1e,Over-covered
2025-06-19,3,32614,24.941666666666666,0.0,3e,Under-covered
2025-06-19,4,19402,24.941666666666666,0.0,4e,Under-covered
2025-06-19,5,10258,24.941666666666666,0.0,5e,Under-covered
2025-06-19,7,30046,24.941666666666666,0.0,7e,Under-covered
2025-06-19,8,15350,24.941666666666666,0.0,8e,Under-covered
2025-06-19,10,15697,24.941666666666666,0.0,10e,Under-covered
2025-06-19,11,28823,24.941666666666666,0.0,11e,Under-covered
2025-06-19,12,25934,24.941666666666666,0.0,12e,Over-covered
2025-06-19,13,30404,24.941666666666666,0.0,13e,Over-covered
2025-06-19,14,15804,24.941666666666666,0.0,14e,Over-covered
2025-06-19,15,22717,24.941666666666666,0.0,15e,Over-covered
2025-06-19,17,5464,24.44285714285714,0.0,17e,Over-covered
2025-06-19,19,23940,24.941666666666666,0.0,19e,Under-covered
2025-06-19,20,6046,24.941666666666666,0.0,20e,Over-covered
2025-06-20,1,9912,25.829166666666666,0.0,1e,Over-covered
2025-06-20,3,32186,25.829166666666666,0.0,3e,Under-covered
2025-06-20,4,18173,25.829166666666666,0.0,4e,Under-covered
2025-06-20,5,9614,25.829166666666666,0.0,5e,Under-covered
2025-06-20,7,27900,25.82916666666667,0.0,7e,Under-covered
2025-06-20,8,13702,25.829166666666666,0.0,8e,Under-covered
2025-06-20,10,15873,25.829166666666666,0.0,10e,Under-covered
2025-06-20,11,28092,25.829166666666666,0.0,11e,Under-covered
2025-06-20,12,23202,25.829166666666666,0.0,12e,Over-covered
2025-06-20,13,28043,25.829166666666666,0.0,13e,Over-covered
2025-06-20,14,14088,25.82916666666667,0.0,14e,Over-covered
2025-06-20,15,19079,25.829166666666666,0.0,15e,Over-covered
2025-06-20,17,4290,25.507894736842104,0.0,17e,Over-covered
2025-06-20,19,23139,25.829166666666666,0.0,19e,Under-covered
2025-06-20,20,5600,25.829166666666666,0.0,20e,Over-covered
2025-06-21,1,7331,27.916666666666668,0.0,1e,Over-covered
2025-06-21,3,29283,27.916666666666668,0.0,3e,Under-covered
2025-06-21,4,17732,27.916666666666668,0.0,4e,Under-covered
2025-06-21,5,8271,27.916666666666668,0.0,5e,Under-covered
2025-06-21,7,20907,27.916666666666668,0.0,7e,Under-covered
2025-06-21,8,10587,27.916666666666668,0.0,8e,Under-covered
2025-06-21,10,16099,27.916666666666668,0.0,10e,Under-covered
2025-06-21,11,24063,27.916666666666668,0.0,11e,Under-covered
2025-06-21,12,15963,27.916666666666668,0.0,12e,Over-covered
2025-06-21,13,20136,27.916666666666668,0.0,13e,Over-covered
2025-06-21,14,8106,27.916666666666668,0.0,14e,Over-covered
2025-06-21,15,13290,27.916666666666668,0.0,15e,Over-covered
2025-06-21,17,2994,28.051948051948052,0.0,17e,Over-covered
2025-06-21,19,20870,27.916666666666668,0.0,19e,Under-covered
2025-06-21,20,3928,27.916666666666668,0.0,20e,Over-covered
2025-06-22,1,5523,25.849999999999998,0.0,1e,Over-covered
2025-06-22,3,21318,25.849999999999998,0.0,3e,Under-covered
2025-06-22,4,12026,25.849999999999998,0.0,4e,Under-covered
2025-06-22,5,6341,25.849999999999998,0.0,5e,Under-covered
2025-06-22,7,18262,25.85,0.0,7e,Under-covered
2025-06-22,8,9391,25.849999999999998,0.0,8e,Under-covered
2025-06-22,10,11279,25.849999999999998,0.0,10e,Under-covered
2025-06-22,11,16283,25.85,0.0,11e,Under-covered
2025-06-22,12,14479,25.849999999999998,0.0,12e,Over-covered
2025-06-22,13,16821,25.849999999999998,0.0,13e,Over-covered
2025-06-22,14,7475,25.85,0.0,14e,Over-covered
2025-06-22,15,12448,25.85,0.0,15e,Over-covered
2025-06-22,17,2838,25.664444444444445,0.0,17e,Over-covered
2025-06-22,19,16890,25.849999999999998,0.0,19e,Under-covered
2025-06-22,20,3562,25.85,0.0,20e,Over-covered
2025-06-23,1,11449,20.983333333333334,0.0,1e,Over-covered
2025-06-23,3,28615,20.983333333333334,0.0,3e,Under-covered
2025-06-23,4,15957,20.983333333333334,0.0,4e,Under-covered
2025-06-23,5,8496,20.983333333333334,0.0,5e,Under-covered
2025-06-23,7,26288,20.98333333333333,0.0,7e,Under-covered
2025-06-23,8,13802,20.983333333333334,0.0,8e,Under-covered
2025-06-23,10,13873,20.983333333333334,0.0,10e,Under-covered
2025-06-23,11,24944,20.983333333333334,0.0,11e,Under-covered
2025-06-23,12,23107,20.983333333333334,0.0,12e,Over-covered
2025-06-23,13,27949,20.983333333333334,0.0,13e,Over-covered
2025-06-23,14,14664,20.98333333333333,0.0,14e,Over-covered
2025-06-23,15,20312,20.983333333333334,0.0,15e,Over-covered
2025-06-23,17,4705,20.973863636363635,0.0,17e,Over-covered
2025-06-23,19,21401,20.983333333333334,0.0,19e,Under-covered
2025-06-23,20,5274,20.983333333333334,0.0,20e,Over-covered
2025-06-24,1,13050,22.462500000000002,0.0,1e,Over-covered
2025-06-24,3,32775,22.462500000000002,0.0,3e,Under-covered
2025-06-24,4,18771,22.462500000000002,0.0,4e,Under-covered
2025-06-24,5,10056,22.462500000000002,0.0,5e,Under-covered
2025-06-24,7,29753,22.462500000000002,0.0,7e,Under-covered
2025-06-24,8,15566,22.462500000000002,0.0,8e,Under-covered
2025-06-24,10,15831,22.462500000000002,0.0,10e,Under-covered
2025-06-24,11,28955,22.4625,0.0,11e,Under-covered
2025-06-24,12,25906,22.462500000000002,0.0,12e,Over-covered
2025-06-24,13,30497,22.462500000000002,0.0,13e,Over-covered
2025-06-24,14,15849,22.4625,0.0,14e,Over-covered
2025-06-24,15,22513,22.4625,0.0,15e,Over-covered
2025-06-24,17,5539,21.89186046511628,0.0,17e,Over-covered
2025-06-24,19,24160,22.462500000000002,0.0,19e,Under-covered
2025-06-24,20,5783,22.4625,0.0,20e,Over-covered
2025-06-25,1,10528,25.704166666666666,9.200000000000001,1e,Over-covered
2025-06-25,3,30205,25.704166666666666,9.200000000000001,3e,Under-covered
2025-06-25,4,2405,25.665753424657535,6.9,4e,Under-covered
2025-06-25,5,8520,25.704166666666666,4.6000000000000005,5e,Under-covered
2025-06-25,7,25550,25.70416666666667,16.1,7e,Under-covered
2025-06-25,8,13706,25.704166666666666,9.200000000000001,8e,Under-covered
2025-06-25,10,14638,25.704166666666666,4.6000000000000005,10e,Under-covered
2025-06-25,11,26113,25.704166666666666,11.5,11e,Under-covered
2025-06-25,12,22364,25.704166666666666,36.800000000000004,12e,Over-covered
2025-06-25,13,26680,25.704166666666666,29.900000000000002,13e,Over-covered
2025-06-25,14,13468,25.70416666666667,20.700000000000003,14e,Over-covered
2025-06-25,15,19280,25.704166666666666,23.000000000000004,15e,Over-covered
2025-06-25,17,5166,25.707777777777775,6.9,17e,Over-covered
2025-06-25,19,21577,25.704166666666666,18.400000000000002,19e,Under-covered
2025-06-25,20,5335,25.704166666666666,11.500000000000002,20e,Over-covered
2025-06-26,1,8210,22.075,28.4,1e,Over-covered
2025-06-26,3,30372,22.075,28.4,3e,Under-covered
2025-06-26,4,12348,22.63896103896104,16.2,4e,Under-covered
2025-06-26,5,8450,22.075,14.2,5e,Under-covered
2025-06-26,7,25237,22.075,49.699999999999996,7e,Under-covered
2025-06-26,8,12705,22.075,28.4,8e,Under-covered
2025-06-26,10,14529,22.075,14.2,10e,Under-covered
2025-06-26,11,25210,22.075,35.5,11e,Under-covered
2025-06-26,12,20960,22.075,113.6,12e,Over-covered
2025-06-26,13,24907,22.075,92.3,13e,Over-covered
2025-06-26,14,13357,22.075,63.9,14e,Over-covered
2025-06-26,15,16410,22.075,71.0,15e,Over-covered
2025-06-26,17,4181,22.075000000000003,21.3,17e,Over-covered
2025-06-26,19,20985,22.075,56.8,19e,Under-covered
2025-06-26,20,5102,22.075,35.5,20e,Over-covered
2025-06-27,1,9774,23.337500000000002,5.2,1e,Over-covered
2025-06-27,3,31096,23.337500000000002,5.2,3e,Under-covered
2025-06-27,4,18116,23.337500000000002,5.2,4e,Under-covered
2025-06-27,5,8868,23.337500000000002,2.6,5e,Under-covered
2025-06-27,7,26094,23.3375,9.1,7e,Under-covered
2025-06-27,8,13060,23.337500000000002,5.199999999999999,8e,Under-covered
2025-06-27,10,15028,23.337500000000002,2.6,10e,Under-covered
2025-06-27,11,26289,23.3375,6.5,11e,Under-covered
2025-06-27,12,21910,23.337500000000002,20.8,12e,Over-covered
2025-06-27,13,26201,23.337500000000002,16.9,13e,Over-covered
2025-06-27,14,13097,23.3375,11.7,14e,Over-covered
2025-06-27,15,16839,23.3375,13.0,15e,Over-covered
2025-06-27,17,4430,23.3375,3.9,17e,Over-covered
2025-06-27,19,21844,23.337500000000002,10.4,19e,Under-covered
2025-06-27,20,5294,23.3375,6.5,20e,Over-covered
2025-06-28,1,7139,24.412499999999998,0.0,1e,Over-covered
2025-06-28,3,26476,24.412499999999998,0.0,3e,Under-covered
2025-06-28,4,8009,24.32808988764045,0.0,4e,Under-covered
2025-06-28,5,8001,24.412499999999998,0.0,5e,Under-covered
2025-06-28,7,19917,24.4125,0.0,7e,Under-covered
2025-06-28,8,10259,24.412499999999998,0.0,8e,Under-covered
2025-06-28,10,13441,24.412499999999998,0.0,10e,Under-covered
2025-06-28,11,21840,24.4125,0.0,11e,Under-covered
2025-06-28,12,16815,24.412499999999998,0.0,12e,Over-covered
2025-06-28,13,19978,24.412499999999998,0.0,13e,Over-covered
2025-06-28,14,8264,24.4125,0.0,14e,Over-covered
2025-06-28,15,12543,24.4125,0.0,15e,Over-covered
2025-06-28,17,3262,24.4125,0.0,17e,Over-covered
2025-06-28,19,19161,24.412499999999998,0.0,19e,Under-covered
2025-06-28,20,4118,24.4125,0.0,20e,Over-covered
2025-06-29,1,6113,24.829166666666666,0.0,1e,Over-covered
2025-06-29,3,21925,24.829166666666666,0.0,3e,Under-covered
2025-06-29,4,1819,25.08840579710145,0.0,4e,Under-covered
2025-06-29,5,6577,24.829166666666666,0.0,5e,Under-covered
2025-06-29,7,16944,24.82916666666667,0.0,7e,Under-covered
2025-06-29,8,8956,24.829166666666666,0.0,8e,Under-covered
2025-06-29,10,11048,24.829166666666666,0.0,10e,Under-covered
2025-06-29,11,18296,24.829166666666666,0.0,11e,Under-covered
2025-06-29,12,15057,24.829166666666666,0.0,12e,Over-covered
2025-06-29,13,16996,24.829166666666666,0.0,13e,Over-covered
2025-06-29,14,7268,24.82916666666667,0.0,14e,Over-covered
2025-06-29,15,11901,24.829166666666666,0.0,15e,Over-covered
2025-06-29,17,3129,24.829166666666666,0.0,17e,Over-covered
2025-06-29,19,16537,24.829166666666666,0.0,19e,Under-covered
2025-06-29,20,3513,24.829166666666666,0.0,20e,Over-covered
2025-06-30,1,8153,28.525000000000002,0.0,1e,Over-covered
2025-06-30,3,27613,28.525000000000002,0.0,3e,Under-covered
2025-06-30,4,2478,28.525000000000002,0.0,4e,Under-covered
2025-06-30,5,8286,28.525000000000002,0.0,5e,Under-covered
2025-06-30,7,24707,28.525,0.0,7e,Under-covered
2025-06-30,8,12557,28.525000000000002,0.0,8e,Under-covered
2025-06-30,10,13025,28.525000000000002,0.0,10e,Under-covered
2025-06-30,11,24587,28.525,0.0,11e,Under-covered
2025-06-30,12,21587,28.525000000000002,0.0,12e,Over-covered
2025-06-30,13,26774,28.525,0.0,13e,Over-covered
2025-06-30,14,13418,28.525,0.0,14e,Over-covered
2025-06-30,15,19438,28.525,0.0,15e,Over-covered
2025-06-30,17,4814,29.135227272727274,0.0,17e,Over-covered
2025-06-30,19,21690,28.525000000000002,0.0,19e,Under-covered
2025-06-30,20,5434,28.525,0.0,20e,Over-covered
2025-07-01,1,7966,32.145833333333336,0.0,1e,Over-covered
2025-07-01,3,26703,32.145833333333336,0.0,3e,Under-covered
2025-07-01,4,12471,32.77209302325581,0.0,4e,Under-covered
2025-07-01,5,8527,32.145833333333336,0.0,5e,Under-covered
2025-07-01,7,24799,32.145833333333336,0.0,7e,Under-covered
2025-07-01,8,12337,32.145833333333336,0.0,8e,Under-covered
2025-07-01,10,12828,32.145833333333336,0.0,10e,Under-covered
2025-07-01,11,22587,32.145833333333336,0.0,11e,Under-covered
2025-07-01,12,21178,32.145833333333336,0.0,12e,Over-covered
2025-07-01,13,25177,32.145833333333336,0.0,13e,Over-covered
2025-07-01,14,12940,32.145833333333336,0.0,14e,Over-covered
2025-07-01,15,19410,32.145833333333336,0.0,15e,Over-covered
2025-07-01,17,5101,32.145833333333336,0.0,17e,Over-covered
2025-07-01,19,20798,32.145833333333336,0.0,19e,Under-covered
2025-07-01,20,5110,32.145833333333336,0.0,20e,Over-covered
2025-07-02,1,7958,25.254166666666666,12.399999999999999,1e,Over-covered
2025-07-02,3,27223,25.254166666666666,12.399999999999999,3e,Under-covered
2025-07-02,4,20255,25.254166666666666,12.399999999999999,4e,Under-covered
2025-07-02,5,8693,25.254166666666666,6.199999999999999,5e,Under-covered
2025-07-02,7,25215,25.254166666666666,21.7,7e,Under-covered
2025-07-02,8,12776,25.254166666666666,12.399999999999999,8e,Under-covered
2025-07-02,10,13700,25.254166666666666,6.199999999999999,10e,Under-covered
2025-07-02,11,24967,25.254166666666666,15.5,11e,Under-covered
2025-07-02,12,21471,25.254166666666666,49.599999999999994,12e,Over-covered
2025-07-02,13,25950,25.254166666666666,40.3,13e,Over-covered
2025-07-02,14,12869,25.254166666666666,27.9,14e,Over-covered
2025-07-02,15,19149,25.254166666666666,31.0,15e,Over-covered
2025-07-02,17,5055,25.254166666666666,12.399999999999999,17e,Over-covered
2025-07-02,19,20450,25.254166666666666,24.799999999999997,19e,Under-covered
2025-07-02,20,5266,25.254166666666666,15.5,20e,Over-covered
2025-07-03,1,9479,21.204166666666666,0.0,1e,Over-covered
2025-07-03,3,20923,21.072727272727274,0.0,3e,Under-covered
2025-07-03,4,22747,21.204166666666666,0.0,4e,Under-covered
2025-07-03,5,10610,21.204166666666666,0.0,5e,Under-covered
2025-07-03,7,29640,21.20416666666667,0.0,7e,Under-covered
2025-07-03,8,14812,21.204166666666666,0.0,8e,Under-covered
2025-07-03,10,15128,21.204166666666666,0.0,10e,Under-covered
2025-07-03,11,28025,21.204166666666666,0.0,11e,Under-covered
2025-07-03,12,25308,21.204166666666666,0.0,12e,Over-covered
2025-07-03,13,29862,21.204166666666666,0.0,13e,Over-covered
2025-07-03,14,14622,21.20416666666667,0.0,14e,Over-covered
2025-07-03,15,21930,21.204166666666666,0.0,15e,Over-covered
2025-07-03,17,5734,21.204166666666666,0.0,17e,Over-covered
2025-07-03,19,24392,21.204166666666666,0.0,19e,Under-covered
2025-07-03,20,6026,21.204166666666666,0.0,20e,Over-covered
2025-07-04,1,8364,21.4875,0.0,1e,Over-covered
2025-07-04,3,9423,21.75,0.0,3e,Under-covered
2025-07-04,4,18849,21.4875,0.0,4e,Under-covered
2025-07-04,5,8899,21.4875,0.0,5e,Under-covered
2025-07-04,7,24516,21.4875,0.0,7e,Under-covered
2025-07-04,8,12067,21.4875,0.0,8e,Under-covered
2025-07-04,10,14151,21.4875,0.0,10e,Under-covered
2025-07-04,11,25769,21.4875,0.0,11e,Under-covered
2025-07-04,12,22113,21.4875,0.0,12e,Over-covered
2025-07-04,13,25979,21.4875,0.0,13e,Over-covered
2025-07-04,14,12749,21.4875,0.0,14e,Over-covered
2025-07-04,15,18157,21.4875,0.0,15e,Over-covered
2025-07-04,17,4773,21.4875,0.0,17e,Over-covered
2025-07-04,19,22292,21.4875,0.0,19e,Under-covered
2025-07-04,20,5573,21.4875,0.0,20e,Over-covered
2025-07-05,1,5792,21.441666666666666,0.0,1e,Over-covered
2025-07-05,3,8053,21.692105263157895,0.0,3e,Under-covered
2025-07-05,4,15315,21.441666666666666,0.0,4e,Under-covered
2025-07-05,5,7196,21.441666666666666,0.0,5e,Under-covered
2025-07-05,7,18468,21.441666666666666,0.0,7e,Under-covered
2025-07-05,8,9097,21.441666666666666,0.0,8e,Under-covered
2025-07-05,10,12308,21.441666666666666,0.0,10e,Under-covered
2025-07-05,11,19540,21.441666666666666,0.0,11e,Under-covered
2025-07-05,12,16214,21.441666666666666,0.0,12e,Over-covered
2025-07-05,13,19922,21.441666666666666,0.0,13e,Over-covered
2025-07-05,14,8214,21.441666666666666,0.0,14e,Over-covered
2025-07-05,15,12573,21.441666666666666,0.0,15e,Over-covered
2025-07-05,17,3186,21.441666666666666,0.0,17e,Over-covered
2025-07-05,19,17967,21.441666666666666,0.0,19e,Under-covered
2025-07-05,20,4036,21.441666666666666,0.0,20e,Over-covered
2025-07-06,1,1894,16.733333333333334,117.6,1e,Over-covered
2025-07-06,3,3624,16.733333333333334,88.2,3e,Under-covered
2025-07-06,4,5584,16.733333333333334,117.6,4e,Under-covered
2025-07-06,5,2771,16.733333333333334,58.8,5e,Under-covered
2025-07-06,7,6939,16.73333333333333,205.8,7e,Under-covered
2025-07-06,8,2888,16.733333333333334,117.6,8e,Under-covered
2025-07-06,10,5741,16.733333333333334,58.8,10e,Under-covered
2025-07-06,11,8862,16.733333333333334,147.0,11e,Under-covered
2025-07-06,12,7060,16.733333333333334,470.4,12e,Over-covered
2025-07-06,13,8138,16.733333333333334,382.2,13e,Over-covered
2025-07-06,14,3887,16.733333333333334,264.6,14e,Over-covered
2025-07-06,15,5158,16.733333333333334,294.0,15e,Over-covered
2025-07-06,17,1798,16.733333333333334,117.6,17e,Over-covered
2025-07-06,19,9000,16.733333333333334,235.2,19e,Under-covered
2025-07-06,20,1976,16.733333333333334,147.0,20e,Over-covered
2025-07-07,1,5646,15.958333333333334,91.2,1e,Over-covered
2025-07-07,3,16633,16.003370786516854,91.2,3e,Under-covered
2025-07-07,4,10076,15.958333333333334,91.2,4e,Under-covered
2025-07-07,5,5242,15.958333333333334,45.6,5e,Under-covered
2025-07-07,7,15716,15.958333333333334,159.6,7e,Under-covered
2025-07-07,8,7282,15.958333333333334,91.2,8e,Under-covered
2025-07-07,10,9132,15.958333333333334,45.6,10e,Under-covered
2025-07-07,11,16496,15.958333333333334,114.0,11e,Under-covered
2025-07-07,12,14590,15.958333333333334,364.8,12e,Over-covered
2025-07-07,13,17415,15.958333333333334,296.4,13e,Over-covered
2025-07-07,14,9828,15.958333333333334,205.2,14e,Over-covered
2025-07-07,15,12510,15.958333333333334,228.0,15e,Over-covered
2025-07-07,17,3096,15.958333333333334,91.2,17e,Over-covered
2025-07-07,19,14095,15.958333333333334,182.4,19e,Under-covered
2025-07-07,20,3718,15.958333333333334,114.0,20e,Over-covered
2025-07-08,1,10239,16.383333333333333,9.2,1e,Over-covered
2025-07-08,3,29462,16.383333333333333,9.2,3e,Under-covered
2025-07-08,4,17526,16.383333333333333,9.2,4e,Under-covered
2025-07-08,5,8775,16.383333333333333,4.6,5e,Under-covered
2025-07-08,7,26112,16.383333333333333,16.099999999999998,7e,Under-covered
2025-07-08,8,13512,16.383333333333333,9.2,8e,Under-covered
2025-07-08,10,13763,16.383333333333333,4.6,10e,Under-covered
2025-07-08,11,24100,16.383333333333333,11.5,11e,Under-covered
2025-07-08,12,21631,16.383333333333333,36.8,12e,Over-covered
2025-07-08,13,26155,16.383333333333333,29.9,13e,Over-covered
2025-07-08,14,13926,16.383333333333333,20.7,14e,Over-covered
2025-07-08,15,19592,16.383333333333333,23.0,15e,Over-covered
2025-07-08,17,5190,16.383333333333333,9.2,17e,Over-covered
2025-07-08,19,20784,16.383333333333333,18.4,19e,Under-covered
2025-07-08,20,5225,16.383333333333333,11.5,20e,Over-covered
2025-07-09,1,10481,18.154166666666665,0.0,1e,Over-covered
2025-07-09,3,31431,18.154166666666665,0.0,3e,Under-covered
2025-07-09,4,18560,18.154166666666665,0.0,4e,Under-covered
2025-07-09,5,9390,18.154166666666665,0.0,5e,Under-covered
2025-07-09,7,27303,18.15416666666667,0.0,7e,Under-covered
2025-07-09,8,14184,18.154166666666665,0.0,8e,Under-covered
2025-07-09,10,14663,18.154166666666665,0.0,10e,Under-covered
2025-07-09,11,26263,18.154166666666665,0.0,11e,Under-covered
2025-07-09,12,23153,18.154166666666665,0.0,12e,Over-covered
2025-07-09,13,28397,18.15416666666667,0.0,13e,Over-covered
2025-07-09,14,13868,18.15416666666667,0.0,14e,Over-covered
2025-07-09,15,20823,18.154166666666665,0.0,15e,Over-covered
2025-07-09,17,5718,18.154166666666665,0.0,17e,Over-covered
2025-07-09,19,22001,18.154166666666665,0.0,19e,Under-covered
2025-07-09,20,5462,18.154166666666665,0.0,20e,Over-covered
2025-07-10,1,9831,21.029166666666665,0.0,1e,Over-covered
2025-07-10,3,29912,21.029166666666665,0.0,3e,Under-covered
2025-07-10,4,18252,21.029166666666665,0.0,4e,Under-covered
2025-07-10,5,9641,21.029166666666665,0.0,5e,Under-covered
2025-07-10,7,25292,21.02916666666667,0.0,7e,Under-covered
2025-07-10,8,13363,21.029166666666665,0.0,8e,Under-covered
2025-07-10,10,14147,21.029166666666665,0.0,10e,Under-covered
2025-07-10,11,25545,21.029166666666665,0.0,11e,Under-covered
2025-07-10,12,23211,21.029166666666665,0.0,12e,Over-covered
2025-07-10,13,28218,21.02916666666667,0.0,13e,Over-covered
2025-07-10,14,13923,21.02916666666667,0.0,14e,Over-covered
2025-07-10,15,19935,21.029166666666665,0.0,15e,Over-covered
2025-07-10,17,5525,21.029166666666665,0.0,17e,Over-covered
2025-07-10,19,21697,21.029166666666665,0.0,19e,Under-covered
2025-07-10,20,5386,21.029166666666665,0.0,20e,Over-covered
2025-07-11,1,6802,23.920833333333334,0.0,1e,Over-covered
2025-07-11,3,26308,23.920833333333334,0.0,3e,Under-covered
2025-07-11,4,15710,23.920833333333334,0.0,4e,Under-covered
2025-07-11,5,7893,23.920833333333334,0.0,5e,Under-covered
2025-07-11,7,20697,23.92083333333333,0.0,7e,Under-covered
2025-07-11,8,10095,23.920833333333334,0.0,8e,Under-covered
2025-07-11,10,12762,23.920833333333334,0.0,10e,Under-covered
2025-07-11,11,22153,23.920833333333334,0.0,11e,Under-covered
2025-07-11,12,18914,23.920833333333334,0.0,12e,Over-covered
2025-07-11,13,23250,23.920833333333334,0.0,13e,Over-covered
2025-07-11,14,10936,23.92083333333333,0.0,14e,Over-covered
2025-07-11,15,15399,23.920833333333334,0.0,15e,Over-covered
2025-07-11,17,4007,23.920833333333334,0.0,17e,Over-covered
2025-07-11,19,19219,23.920833333333334,0.0,19e,Under-covered
2025-07-11,20,4668,23.920833333333334,0.0,20e,Over-covered
2025-07-12,1,4735,23.816666666666666,0.0,1e,Over-covered
2025-07-12,3,21432,23.816666666666666,0.0,3e,Under-covered
2025-07-12,4,13054,23.816666666666666,0.0,4e,Under-covered
2025-07-12,5,6942,23.816666666666666,0.0,5e,Under-covered
2025-07-12,7,16688,23.816666666666666,0.0,7e,Under-covered
2025-07-12,8,8165,23.816666666666666,0.0,8e,Under-covered
2025-07-12,10,10911,23.816666666666666,0.0,10e,Under-covered
2025-07-12,11,16373,23.816666666666666,0.0,11e,Under-covered
2025-07-12,12,14630,23.816666666666666,0.0,12e,Over-covered
2025-07-12,13,18311,23.816666666666666,0.0,13e,Over-covered
2025-07-12,14,6818,23.816666666666666,0.0,14e,Over-covered
2025-07-12,15,10126,23.816666666666666,0.0,15e,Over-covered
2025-07-12,17,2525,23.816666666666666,0.0,17e,Over-covered
2025-07-12,19,15834,23.816666666666666,0.0,19e,Under-covered
2025-07-12,20,3504,23.816666666666666,0.0,20e,Over-covered
2025-07-13,1,4783,25.129166666666666,4.4,1e,Over-covered
2025-07-13,3,17649,25.129166666666666,4.4,3e,Under-covered
2025-07-13,4,11303,25.129166666666666,4.4,4e,Under-covered
2025-07-13,5,5713,25.129166666666666,2.2,5e,Under-covered
2025-07-13,7,13801,25.129166666666666,7.7,7e,Under-covered
2025-07-13,8,6972,25.129166666666666,4.4,8e,Under-covered
2025-07-13,10,8890,25.129166666666666,2.2,10e,Under-covered
2025-07-13,11,13868,25.129166666666666,5.5,11e,Under-covered
2025-07-13,12,12478,25.129166666666666,17.6,12e,Over-covered
2025-07-13,13,14669,25.129166666666666,14.3,13e,Over-covered
2025-07-13,14,5936,25.129166666666666,9.9,14e,Over-covered
2025-07-13,15,9324,25.129166666666666,11.0,15e,Over-covered
2025-07-13,17,2307,25.129166666666666,4.4,17e,Over-covered
2025-07-13,19,13919,25.129166666666666,8.8,19e,Under-covered
2025-07-13,20,2872,25.129166666666666,5.5,20e,Over-covered
2025-07-14,1,3965,22.570833333333336,30.4,1e,Over-covered
2025-07-14,3,19915,22.570833333333336,30.4,3e,Under-covered
2025-07-14,4,12784,22.570833333333336,30.4,4e,Under-covered
2025-07-14,5,6537,22.570833333333336,15.2,5e,Under-covered
2025-07-14,7,18389,22.570833333333333,53.199999999999996,7e,Under-covered
2025-07-14,8,6284,22.570833333333336,30.4,8e,Under-covered
2025-07-14,10,8799,22.570833333333336,15.2,10e,Under-covered
2025-07-14,11,14070,22.570833333333333,38.0,11e,Under-covered
2025-07-14,12,12597,22.570833333333336,121.6,12e,Over-covered
2025-07-14,13,15836,22.570833333333333,98.8,13e,Over-covered
2025-07-14,14,7135,22.570833333333333,68.39999999999999,14e,Over-covered
2025-07-14,15,10019,22.570833333333333,76.0,15e,Over-covered
2025-07-14,17,3259,22.570833333333336,30.4,17e,Over-covered
2025-07-14,19,13649,22.570833333333336,60.8,19e,Under-covered
2025-07-14,20,2796,22.570833333333333,38.0,20e,Over-covered
2025-07-15,1,8917,20.95,4.3999999999999995,1e,Over-covered
2025-07-15,3,25623,20.95,4.3999999999999995,3e,Under-covered
2025-07-15,4,15974,20.95,4.4,4e,Under-covered
2025-07-15,5,8351,20.95,2.2,5e,Under-covered
2025-07-15,7,23865,20.95,7.7,7e,Under-covered
2025-07-15,8,12161,20.95,4.4,8e,Under-covered
2025-07-15,10,12626,20.95,2.1999999999999997,10e,Under-covered
2025-07-15,11,21785,20.95,5.5,11e,Under-covered
2025-07-15,12,19340,20.95,17.6,12e,Over-covered
2025-07-15,13,24015,20.95,14.299999999999999,13e,Over-covered
2025-07-15,14,12543,20.95,9.9,14e,Over-covered
2025-07-15,15,17600,20.95,11.0,15e,Over-covered
2025-07-15,17,4876,20.95,4.4,17e,Over-covered
2025-07-15,19,19201,20.95,8.8,19e,Under-covered
2025-07-15,20,4713,20.95,5.5,20e,Over-covered
2025-07-16,1,8120,20.1,10.4,1e,Over-covered
2025-07-16,3,24964,20.1,10.4,3e,Under-covered
2025-07-16,4,14771,20.1,10.4,4e,Under-covered
2025-07-16,5,7496,20.1,5.2,5e,Under-covered
2025-07-16,7,22080,20.1,18.2,7e,Under-covered
2025-07-16,8,11459,20.1,10.4,8e,Under-covered
2025-07-16,10,11903,20.1,5.2,10e,Under-covered
2025-07-16,11,21329,20.1,13.0,11e,Under-covered
2025-07-16,12,18060,20.1,41.6,12e,Over-covered
2025-07-16,13,22704,20.099999999999998,33.8,13e,Over-covered
2025-07-16,14,11392,20.1,23.4,14e,Over-covered
2025-07-16,15,16551,20.1,26.0,15e,Over-covered
2025-07-16,17,4632,20.1,10.4,17e,Over-covered
2025-07-16,19,17801,20.1,20.8,19e,Under-covered
2025-07-16,20,4442,20.1,13.0,20e,Over-covered
2025-07-17,1,9091,21.4375,1.6,1e,Over-covered
2025-07-17,3,27213,21.4375,1.6,3e,Under-covered
2025-07-17,4,16587,21.4375,1.6,4e,Under-covered
2025-07-17,5,8966,21.4375,0.7999999999999999,5e,Under-covered
2025-07-17,7,24535,21.4375,2.8000000000000003,7e,Under-covered
2025-07-17,8,12910,21.4375,1.6,8e,Under-covered
2025-07-17,10,13074,21.4375,0.7999999999999999,10e,Under-covered
2025-07-17,11,23872,21.4375,2.0,11e,Under-covered
2025-07-17,12,21132,21.4375,6.3999999999999995,12e,Over-covered
2025-07-17,13,25380,21.4375,5.2,13e,Over-covered
2025-07-17,14,12720,21.4375,3.6,14e,Over-covered
2025-07-17,15,18004,21.4375,4.0,15e,Over-covered
2025-07-17,17,4926,21.4375,1.6,17e,Over-covered
2025-07-17,19,19894,21.4375,3.2,19e,Under-covered
2025-07-17,20,4993,21.4375,2.0,20e,Over-covered
2025-07-18,1,7381,25.40416666666667,0.0,1e,Over-covered
2025-07-18,3,26225,25.40416666666667,0.0,3e,Under-covered
2025-07-18,4,15877,25.40416666666667,0.0,4e,Under-covered
2025-07-18,5,7964,25.40416666666667,0.0,5e,Under-covered
2025-07-18,7,22402,25.404166666666665,0.0,7e,Under-covered
2025-07-18,8,11413,25.40416666666667,0.0,8e,Under-covered
2025-07-18,10,12921,25.40416666666667,0.0,10e,Under-covered
2025-07-18,11,22893,25.404166666666665,0.0,11e,Under-covered
2025-07-18,12,18795,25.40416666666667,0.0,12e,Over-covered
2025-07-18,13,22618,25.40416666666667,0.0,13e,Over-covered
2025-07-18,14,10706,25.40416666666667,0.0,14e,Over-covered
2025-07-18,15,15846,25.404166666666665,0.0,15e,Over-covered
2025-07-18,17,4409,25.40416666666667,0.0,17e,Over-covered
2025-07-18,19,20240,25.40416666666667,0.0,19e,Under-covered
2025-07-18,20,4655,25.404166666666665,0.0,20e,Over-covered
2025-07-19,1,4575,23.641666666666666,7.2,1e,Over-covered
2025-07-19,3,20484,23.641666666666666,7.2,3e,Under-covered
2025-07-19,4,12094,23.641666666666666,7.2,4e,Under-covered
2025-07-19,5,5808,23.641666666666666,3.6,5e,Under-covered
2025-07-19,7,15139,23.64166666666667,12.6,7e,Under-covered
2025-07-19,8,7662,23.641666666666666,7.2,8e,Under-covered
2025-07-19,10,10756,23.641666666666666,3.6,10e,Under-covered
2025-07-19,11,16375,23.641666666666666,9.0,11e,Under-covered
2025-07-19,12,12405,23.641666666666666,28.8,12e,Over-covered
2025-07-19,13,15136,23.641666666666666,23.400000000000002,13e,Over-covered
2025-07-19,14,6332,23.64166666666667,16.2,14e,Over-covered
2025-07-19,15,10091,23.641666666666666,18.0,15e,Over-covered
2025-07-19,17,2794,23.641666666666666,7.2,17e,Over-covered
2025-07-19,19,15907,23.641666666666666,14.4,19e,Under-covered
2025-07-19,20,3060,23.641666666666666,9.0,20e,Over-covered
2025-07-20,1,3561,19.345833333333335,76.0,1e,Over-covered
2025-07-20,3,14966,19.345833333333335,76.0,3e,Under-covered
2025-07-20,4,9259,19.345833333333335,76.0,4e,Under-covered
2025-07-20,5,4590,19.345833333333335,38.0,5e,Under-covered
2025-07-20,7,11498,19.34583333333333,133.0,7e,Under-covered
2025-07-20,8,6221,19.345833333333335,76.0,8e,Under-covered
2025-07-20,10,7455,19.345833333333335,38.0,10e,Under-covered
2025-07-20,11,11747,19.345833333333335,95.0,11e,Under-covered
2025-07-20,12,8656,19.345833333333335,304.0,12e,Over-covered
2025-07-20,13,11339,19.345833333333335,247.0,13e,Over-covered
2025-07-20,14,3690,19.34583333333333,171.0,14e,Over-covered
2025-07-20,15,7697,19.345833333333335,190.0,15e,Over-covered
2025-07-20,17,2492,19.345833333333335,76.0,17e,Over-covered
2025-07-20,19,12193,19.345833333333335,152.0,19e,Under-covered
2025-07-20,20,2331,19.345833333333335,95.0,20e,Over-covered
2025-07-21,1,4245,18.033333333333335,60.4,1e,Over-covered
2025-07-21,3,14803,18.033333333333335,60.4,3e,Under-covered
2025-07-21,4,8243,18.033333333333335,60.4,4e,Under-covered
2025-07-21,5,4132,18.033333333333335,30.2,5e,Under-covered
2025-07-21,7,12589,18.03333333333333,105.7,7e,Under-covered
2025-07-21,8,6119,18.033333333333335,60.4,8e,Under-covered
2025-07-21,10,7461,18.033333333333335,30.2,10e,Under-covered
2025-07-21,11,13167,18.033333333333335,75.5,11e,Under-covered
2025-07-21,12,10338,18.003513513513514,229.6,12e,Over-covered
2025-07-21,13,14054,18.03333333333333,196.29999999999998,13e,Over-covered
2025-07-21,14,5246,17.937362637362636,106.89999999999999,14e,Over-covered
2025-07-21,15,9680,18.033333333333335,151.0,15e,Over-covered
2025-07-21,17,2642,18.033333333333335,60.4,17e,Over-covered
2025-07-21,19,12831,18.033333333333335,120.8,19e,Under-covered
2025-07-21,20,2946,18.033333333333335,75.5,20e,Over-covered
2025-07-22,1,7319,18.833333333333332,0.0,1e,Over-covered
2025-07-22,3,24288,18.833333333333332,0.0,3e,Under-covered
2025-07-22,4,15354,18.833333333333332,0.0,4e,Under-covered
2025-07-22,5,7698,18.833333333333332,0.0,5e,Under-covered
2025-07-22,7,23231,18.833333333333332,0.0,7e,Under-covered
2025-07-22,8,11787,18.833333333333332,0.0,8e,Under-covered
2025-07-22,10,12147,18.833333333333332,0.0,10e,Under-covered
2025-07-22,11,21688,18.833333333333332,0.0,11e,Under-covered
2025-07-22,12,17790,18.873387096774195,0.0,12e,Over-covered
2025-07-22,13,22510,18.833333333333332,0.0,13e,Over-covered
2025-07-22,14,11163,18.985294117647058,0.0,14e,Over-covered
2025-07-22,15,16689,18.833333333333332,0.0,15e,Over-covered
2025-07-22,17,4478,18.833333333333332,0.0,17e,Over-covered
2025-07-22,19,19172,18.833333333333332,0.0,19e,Under-covered
2025-07-22,20,4384,18.833333333333332,0.0,20e,Over-covered
2025-07-23,1,6301,17.804166666666667,70.8,1e,Over-covered
2025-07-23,3,22322,17.804166666666667,70.8,3e,Under-covered
2025-07-23,4,13256,17.804166666666667,70.8,4e,Under-covered
2025-07-23,5,6725,17.804166666666667,35.4,5e,Under-covered
2025-07-23,7,20201,17.804166666666667,123.9,7e,Under-covered
2025-07-23,8,10352,17.804166666666667,70.8,8e,Under-covered
2025-07-23,10,11237,17.804166666666667,35.4,10e,Under-covered
2025-07-23,11,20037,17.804166666666667,88.5,11e,Under-covered
2025-07-23,12,16694,17.804166666666667,283.2,12e,Over-covered
2025-07-23,13,20595,17.804166666666667,230.1,13e,Over-covered
2025-07-23,14,10055,17.804166666666667,159.3,14e,Over-covered
2025-07-23,15,14872,17.804166666666667,177.0,15e,Over-covered
2025-07-23,17,4245,17.804166666666667,70.8,17e,Over-covered
2025-07-23,19,17764,17.804166666666667,141.6,19e,Under-covered
2025-07-23,20,4092,17.804166666666667,88.5,20e,Over-covered
2025-07-24,1,4576,17.408333333333335,86.8,1e,Over-covered
2025-07-24,3,19259,17.408333333333335,86.8,3e,Under-covered
2025-07-24,4,11040,17.408333333333335,86.8,4e,Under-covered
2025-07-24,5,5446,17.408333333333335,43.4,5e,Under-covered
2025-07-24,7,17098,17.40833333333333,151.9,7e,Under-covered
2025-07-24,8,8258,17.408333333333335,86.8,8e,Under-covered
2025-07-24,10,9727,17.408333333333335,43.4,10e,Under-covered
2025-07-24,11,16972,17.408333333333335,108.5,11e,Under-covered
2025-07-24,12,13302,17.408333333333335,347.2,12e,Over-covered
2025-07-24,13,16337,17.40833333333333,282.1,13e,Over-covered
2025-07-24,14,8322,17.40833333333333,195.3,14e,Over-covered
2025-07-24,15,12224,17.408333333333335,217.0,15e,Over-covered
2025-07-24,17,3456,17.408333333333335,86.8,17e,Over-covered
2025-07-24,19,15341,17.408333333333335,173.6,19e,Under-covered
2025-07-24,20,3471,17.408333333333335,108.5,20e,Over-covered
2025-07-25,1,6401,19.833333333333332,4.800000000000001,1e,Over-covered
2025-07-25,3,22855,19.833333333333332,4.800000000000001,3e,Under-covered
2025-07-25,4,14621,19.833333333333332,4.800000000000001,4e,Under-covered
2025-07-25,5,7008,19.833333333333332,2.4000000000000004,5e,Under-covered
2025-07-25,7,20675,19.833333333333332,8.4,7e,Under-covered
2025-07-25,8,10294,19.833333333333332,4.800000000000001,8e,Under-covered
2025-07-25,10,11455,19.833333333333332,2.4000000000000004,10e,Under-covered
2025-07-25,11,20428,19.833333333333332,6.0,11e,Under-covered
2025-07-25,12,16864,19.833333333333332,19.200000000000003,12e,Over-covered
2025-07-25,13,20566,19.833333333333332,15.600000000000001,13e,Over-covered
2025-07-25,14,9499,19.833333333333332,10.8,14e,Over-covered
2025-07-25,15,13731,19.833333333333332,12.0,15e,Over-covered
2025-07-25,17,3908,19.833333333333332,4.800000000000001,17e,Over-covered
2025-07-25,19,17740,19.833333333333332,9.600000000000001,19e,Under-covered
2025-07-25,20,4007,19.833333333333332,6.0,20e,Over-covered
2025-07-26,1,5654,20.154166666666665,0.0,1e,Over-covered
2025-07-26,3,21401,20.154166666666665,0.0,3e,Under-covered
2025-07-26,4,14263,20.154166666666665,0.0,4e,Under-covered
2025-07-26,5,6781,20.154166666666665,0.0,5e,Under-covered
2025-07-26,7,18174,20.15416666666667,0.0,7e,Under-covered
2025-07-26,8,9357,20.154166666666665,0.0,8e,Under-covered
2025-07-26,10,11266,20.154166666666665,0.0,10e,Under-covered
2025-07-26,11,17391,20.154166666666665,0.0,11e,Under-covered
2025-07-26,12,13703,20.17282321899736,0.0,12e,Over-covered
2025-07-26,13,17740,20.15416666666667,0.0,13e,Over-covered
2025-07-26,14,7096,20.15416666666667,0.0,14e,Over-covered
2025-07-26,15,11635,20.154166666666665,0.0,15e,Over-covered
2025-07-26,17,3473,20.154166666666665,0.0,17e,Over-covered
2025-07-26,19,16785,20.154166666666665,0.0,19e,Under-covered
2025-07-26,20,3296,20.154166666666665,0.0,20e,Over-covered
2025-07-27,1,1614,18.079166666666666,31.599999999999998,1e,Over-covered
2025-07-27,3,14202,18.079166666666666,31.599999999999998,3e,Under-covered
2025-07-27,4,8240,18.079166666666666,31.599999999999998,4e,Under-covered
2025-07-27,5,4636,18.079166666666666,15.799999999999999,5e,Under-covered
2025-07-27,7,9988,18.07916666666667,55.3,7e,Under-covered
2025-07-27,8,622,18.079166666666666,31.599999999999998,8e,Under-covered
2025-07-27,10,9113,18.079166666666666,15.799999999999999,10e,Under-covered
2025-07-27,11,11591,18.079166666666666,39.5,11e,Under-covered
2025-07-27,12,8929,18.079166666666666,118.5,12e,Over-covered
2025-07-27,13,11171,18.079166666666666,102.7,13e,Over-covered
2025-07-27,14,5099,18.079166666666666,71.1,14e,Over-covered
2025-07-27,15,7941,18.079166666666666,79.0,15e,Over-covered
2025-07-27,17,1243,18.079166666666666,31.599999999999998,17e,Over-covered
2025-07-27,19,10611,18.079166666666666,63.199999999999996,19e,Under-covered
2025-07-27,20,2384,18.079166666666666,39.5,20e,Over-covered
2025-07-28,1,7121,17.974999999999998,4.4,1e,Over-covered
2025-07-28,3,20963,17.974999999999998,4.4,3e,Under-covered
2025-07-28,4,13171,17.974999999999998,4.4,4e,Under-covered
2025-07-28,5,6579,17.974999999999998,2.2,5e,Under-covered
2025-07-28,7,20948,17.975,7.7,7e,Under-covered
2025-07-28,8,7255,17.974999999999998,4.4,8e,Under-covered
2025-07-28,10,10202,17.974999999999998,2.2,10e,Under-covered
2025-07-28,11,18323,17.975,5.5,11e,Under-covered
2025-07-28,12,15166,17.975,16.5,12e,Over-covered
2025-07-28,13,19980,17.974999999999998,14.3,13e,Over-covered
2025-07-28,14,9952,17.974999999999998,9.9,14e,Over-covered
2025-07-28,15,14684,17.975,11.0,15e,Over-covered
2025-07-28,17,4012,17.974999999999998,4.4,17e,Over-covered
2025-07-28,19,16234,17.974999999999998,8.8,19e,Under-covered
2025-07-28,20,3819,17.975,5.5,20e,Over-covered
2025-07-29,1,7373,17.900000000000002,4.0,1e,Over-covered
2025-07-29,3,23276,17.900000000000002,4.0,3e,Under-covered
2025-07-29,4,14735,17.900000000000002,4.0,4e,Under-covered
2025-07-29,5,7272,17.900000000000002,2.0,5e,Under-covered
2025-07-29,7,22100,17.9,7.000000000000001,7e,Under-covered
2025-07-29,8,8399,17.900000000000002,4.0,8e,Under-covered
2025-07-29,10,11245,17.900000000000002,2.0,10e,Under-covered
2025-07-29,11,19773,17.9,5.0,11e,Under-covered
2025-07-29,12,17504,17.974666666666668,16.0,12e,Over-covered
2025-07-29,13,21978,17.900000000000002,13.0,13e,Over-covered
2025-07-29,14,10942,17.900000000000002,9.0,14e,Over-covered
2025-07-29,15,15829,17.9,10.0,15e,Over-covered
2025-07-29,17,4282,17.900000000000002,4.0,17e,Over-covered
2025-07-29,19,17053,17.900000000000002,8.0,19e,Under-covered
2025-07-29,20,4167,17.9,5.0,20e,Over-covered
2025-07-30,1,6622,18.983333333333334,21.200000000000003,1e,Over-covered
2025-07-30,3,22496,18.983333333333334,21.200000000000003,3e,Under-covered
2025-07-30,4,13601,18.983333333333334,21.200000000000003,4e,Under-covered
2025-07-30,5,6794,18.983333333333334,10.600000000000001,5e,Under-covered
2025-07-30,7,19966,18.98333333333333,37.1,7e,Under-covered
2025-07-30,8,9801,18.983333333333334,21.200000000000003,8e,Under-covered
2025-07-30,10,10968,18.983333333333334,10.600000000000001,10e,Under-covered
2025-07-30,11,19443,18.983333333333334,26.5,11e,Under-covered
2025-07-30,12,16061,18.983333333333334,84.8,12e,Over-covered
2025-07-30,13,19962,18.983333333333334,68.9,13e,Over-covered
2025-07-30,14,9805,18.98333333333333,47.7,14e,Over-covered
2025-07-30,15,14217,18.983333333333334,53.0,15e,Over-covered
2025-07-30,17,3895,18.983333333333334,21.200000000000003,17e,Over-covered
2025-07-30,19,16760,18.983333333333334,42.400000000000006,19e,Under-covered
2025-07-30,20,3880,18.983333333333334,26.5,20e,Over-covered
2025-07-31,1,6915,19.620833333333334,2.4000000000000004,1e,Over-covered
2025-07-31,3,23543,19.620833333333334,2.4000000000000004,3e,Under-covered
2025-07-31,4,14545,19.620833333333334,2.4000000000000004,4e,Under-covered
2025-07-31,5,7195,19.620833333333334,1.2000000000000002,5e,Under-covered
2025-07-31,7,21556,19.620833333333334,4.2,7e,Under-covered
2025-07-31,8,10423,19.620833333333334,2.4000000000000004,8e,Under-covered
2025-07-31,10,11351,19.620833333333334,1.2000000000000002,10e,Under-covered
2025-07-31,11,19918,19.620833333333334,3.0,11e,Under-covered
2025-07-31,12,17648,19.620833333333334,9.600000000000001,12e,Over-covered
2025-07-31,13,21235,19.620833333333334,7.800000000000001,13e,Over-covered
2025-07-31,14,10131,19.620833333333334,5.4,14e,Over-covered
2025-07-31,15,14678,19.620833333333334,6.0,15e,Over-covered
2025-07-31,17,4073,19.620833333333334,2.4000000000000004,17e,Over-covered
2025-07-31,19,17633,19.620833333333334,4.800000000000001,19e,Under-covered
2025-07-31,20,3940,19.620833333333334,3.0,20e,Over-covered
2025-08-01,1,4409,18.666666666666668,4.8,1e,Over-covered
2025-08-01,3,19645,18.666666666666668,4.8,3e,Under-covered
2025-08-01,4,11585,18.666666666666668,4.8,4e,Under-covered
2025-08-01,5,5532,18.666666666666668,2.4,5e,Under-covered
2025-08-01,7,15326,18.666666666666668,8.4,7e,Under-covered
2025-08-01,8,7485,18.666666666666668,4.8,8e,Under-covered
2025-08-01,10,9830,18.666666666666668,2.4,10e,Under-covered
2025-08-01,11,16203,18.666666666666668,6.0,11e,Under-covered
2025-08-01,12,13131,18.666666666666668,19.2,12e,Over-covered
2025-08-01,13,16550,18.666666666666668,15.600000000000001,13e,Over-covered
2025-08-01,14,7527,18.666666666666668,10.8,14e,Over-covered
2025-08-01,15,10726,18.666666666666668,12.0,15e,Over-covered
2025-08-01,17,2988,18.666666666666668,4.8,17e,Over-covered
2025-08-01,19,14808,18.666666666666668,9.6,19e,Under-covered
2025-08-01,20,3343,18.666666666666668,6.0,20e,Over-covered
2025-08-02,1,4132,17.029166666666665,0.0,1e,Over-covered
2025-08-02,3,18600,17.029166666666665,0.0,3e,Under-covered
2025-08-02,4,11686,17.029166666666665,0.0,4e,Under-covered
2025-08-02,5,5251,17.029166666666665,0.0,5e,Under-covered
2025-08-02,7,14131,17.02916666666667,0.0,7e,Under-covered
2025-08-02,8,7478,17.029166666666665,0.0,8e,Under-covered
2025-08-02,10,9200,17.029166666666665,0.0,10e,Under-covered
2025-08-02,11,14198,17.029166666666665,0.0,11e,Under-covered
2025-08-02,12,11456,17.029166666666665,0.0,12e,Over-covered
2025-08-02,13,14777,17.029166666666665,0.0,13e,Over-covered
2025-08-02,14,5964,17.029166666666665,0.0,14e,Over-covered
2025-08-02,15,8828,17.029166666666665,0.0,15e,Over-covered
2025-08-02,17,2343,17.029166666666665,0.0,17e,Over-covered
2025-08-02,19,14280,17.029166666666665,0.0,19e,Under-covered
2025-08-02,20,2684,17.029166666666665,0.0,20e,Over-covered
2025-08-03,1,4556,18.712500000000002,0.0,1e,Over-covered
2025-08-03,3,15210,18.712500000000002,0.0,3e,Under-covered
2025-08-03,4,10373,18.712500000000002,0.0,4e,Under-covered
2025-08-03,5,5158,18.712500000000002,0.0,5e,Under-covered
2025-08-03,7,13477,18.7125,0.0,7e,Under-covered
2025-08-03,8,7680,18.712500000000002,0.0,8e,Under-covered
2025-08-03,10,7359,18.712500000000002,0.0,10e,Under-covered
2025-08-03,11,11991,18.7125,0.0,11e,Under-covered
2025-08-03,12,11360,18.712500000000002,0.0,12e,Over-covered
2025-08-03,13,13791,18.712500000000002,0.0,13e,Over-covered
2025-08-03,14,5837,18.712500000000002,0.0,14e,Over-covered
2025-08-03,15,8658,18.7125,0.0,15e,Over-covered
2025-08-03,17,2353,18.712500000000002,0.0,17e,Over-covered
2025-08-03,19,13187,18.712500000000002,0.0,19e,Under-covered
2025-08-03,20,2401,18.7125,0.0,20e,Over-covered
2025-08-04,1,5409,22.208333333333332,0.0,1e,Over-covered
2025-08-04,3,17674,22.208333333333332,0.0,3e,Under-covered
2025-08-04,4,11929,22.208333333333332,0.0,4e,Under-covered
2025-08-04,5,6020,22.208333333333332,0.0,5e,Under-covered
2025-08-04,7,16510,22.208333333333332,0.0,7e,Under-covered
2025-08-04,8,8385,22.208333333333332,0.0,8e,Under-covered
2025-08-04,10,8855,22.208333333333332,0.0,10e,Under-covered
2025-08-04,11,14835,22.208333333333332,0.0,11e,Under-covered
2025-08-04,12,14691,22.208333333333332,0.0,12e,Over-covered
2025-08-04,13,19035,22.208333333333332,0.0,13e,Over-covered
2025-08-04,14,8432,22.208333333333332,0.0,14e,Over-covered
2025-08-04,15,11329,22.208333333333332,0.0,15e,Over-covered
2025-08-04,17,2909,22.208333333333332,0.0,17e,Over-covered
2025-08-04,19,14503,22.208333333333332,0.0,19e,Under-covered
2025-08-04,20,3126,22.208333333333332,0.0,20e,Over-covered
2025-08-05,1,6306,19.404166666666665,23.6,1e,Over-covered
2025-08-05,3,19020,19.404166666666665,23.6,3e,Under-covered
2025-08-05,4,13158,19.404166666666665,23.6,4e,Under-covered
2025-08-05,5,6437,19.404166666666665,11.8,5e,Under-covered
2025-08-05,7,17739,19.40416666666667,41.3,7e,Under-covered
2025-08-05,8,8622,19.404166666666665,23.6,8e,Under-covered
2025-08-05,10,9443,19.404166666666665,11.8,10e,Under-covered
2025-08-05,11,16658,19.404166666666665,29.5,11e,Under-covered
2025-08-05,12,15544,19.404166666666665,94.4,12e,Over-covered
2025-08-05,13,19373,19.40416666666667,76.7,13e,Over-covered
2025-08-05,14,8528,19.40416666666667,53.1,14e,Over-covered
2025-08-05,15,12369,19.404166666666665,59.0,15e,Over-covered
2025-08-05,17,2952,19.404166666666665,23.6,17e,Over-covered
2025-08-05,19,14822,19.404166666666665,47.2,19e,Under-covered
2025-08-05,20,3392,19.404166666666665,29.5,20e,Over-covered
2025-08-06,1,6324,18.224999999999998,0.0,1e,Over-covered
2025-08-06,3,19637,18.224999999999998,0.0,3e,Under-covered
2025-08-06,4,12968,18.224999999999998,0.0,4e,Under-covered
2025-08-06,5,6295,18.224999999999998,0.0,5e,Under-covered
2025-08-06,7,17080,18.25508982035928,0.0,7e,Under-covered
2025-08-06,8,8995,18.224999999999998,0.0,8e,Under-covered
2025-08-06,10,9733,18.224999999999998,0.0,10e,Under-covered
2025-08-06,11,16437,18.225,0.0,11e,Under-covered
2025-08-06,12,15672,18.224999999999998,0.0,12e,Over-covered
2025-08-06,13,20388,18.224999999999998,0.0,13e,Over-covered
2025-08-06,14,8392,18.224999999999998,0.0,14e,Over-covered
2025-08-06,15,12270,18.225,0.0,15e,Over-covered
2025-08-06,17,3036,18.224999999999998,0.0,17e,Over-covered
2025-08-06,19,15060,18.224999999999998,0.0,19e,Under-covered
2025-08-06,20,3352,18.225,0.0,20e,Over-covered
2025-08-07,1,6153,22.175,0.0,1e,Over-covered
2025-08-07,3,19301,22.175,0.0,3e,Under-covered
2025-08-07,4,13029,22.175,0.0,4e,Under-covered
2025-08-07,5,6794,22.175,0.0,5e,Under-covered
2025-08-07,7,18014,22.175,0.0,7e,Under-covered
2025-08-07,8,9079,22.175,0.0,8e,Under-covered
2025-08-07,10,9704,22.175,0.0,10e,Under-covered
2025-08-07,11,16289,22.175,0.0,11e,Under-covered
2025-08-07,12,16158,22.175,0.0,12e,Over-covered
2025-08-07,13,20015,22.175,0.0,13e,Over-covered
2025-08-07,14,8313,22.175,0.0,14e,Over-covered
2025-08-07,15,12185,22.175,0.0,15e,Over-covered
2025-08-07,17,2872,22.175,0.0,17e,Over-covered
2025-08-07,19,15125,22.175,0.0,19e,Under-covered
2025-08-07,20,3341,22.175,0.0,20e,Over-covered
2025-08-08,1,5135,22.05,0.0,1e,Over-covered
2025-08-08,3,17414,22.05,0.0,3e,Under-covered
2025-08-08,4,11238,22.05,0.0,4e,Under-covered
2025-08-08,5,5951,22.05,0.0,5e,Under-covered
2025-08-08,7,15115,22.05,0.0,7e,Under-covered
2025-08-08,8,7792,22.05,0.0,8e,Under-covered
2025-08-08,10,8546,22.05,0.0,10e,Under-covered
2025-08-08,11,14582,22.05,0.0,11e,Under-covered
2025-08-08,12,14155,22.05,0.0,12e,Over-covered
2025-08-08,13,18221,22.05,0.0,13e,Over-covered
2025-08-08,14,7098,22.05,0.0,14e,Over-covered
2025-08-08,15,10142,22.05,0.0,15e,Over-covered
2025-08-08,17,2414,22.05,0.0,17e,Over-covered
2025-08-08,19,14155,22.05,0.0,19e,Under-covered
2025-08-08,20,3062,22.05,0.0,20e,Over-covered
2025-08-09,1,4198,21.625,0.0,1e,Over-covered
2025-08-09,3,15996,21.625,0.0,3e,Under-covered
2025-08-09,4,10315,21.625,0.0,4e,Under-covered
2025-08-09,5,5362,21.625,0.0,5e,Under-covered
2025-08-09,7,14162,21.625,0.0,7e,Under-covered
2025-08-09,8,7221,21.625,0.0,8e,Under-covered
2025-08-09,10,8255,21.625,0.0,10e,Under-covered
2025-08-09,11,12213,21.625,0.0,11e,Under-covered
2025-08-09,12,11449,21.625,0.0,12e,Over-covered
2025-08-09,13,14816,21.625,0.0,13e,Over-covered
2025-08-09,14,5560,21.625,0.0,14e,Over-covered
2025-08-09,15,8317,21.625,0.0,15e,Over-covered
2025-08-09,17,2036,21.625,0.0,17e,Over-covered
2025-08-09,19,13187,21.625,0.0,19e,Under-covered
2025-08-09,20,2443,21.625,0.0,20e,Over-covered
2025-08-10,1,4107,21.141666666666666,0.0,1e,Over-covered
2025-08-10,3,13466,21.141666666666666,0.0,3e,Under-covered
2025-08-10,4,9422,21.14166666666667,0.0,4e,Under-covered
2025-08-10,5,4857,21.14166666666667,0.0,5e,Under-covered
2025-08-10,7,12629,21.14166666666667,0.0,7e,Under-covered
2025-08-10,8,6866,21.14166666666667,0.0,8e,Under-covered
2025-08-10,10,6692,21.14166666666667,0.0,10e,Under-covered
2025-08-10,11,10185,21.141666666666666,0.0,11e,Under-covered
2025-08-10,12,10602,21.14166666666667,0.0,12e,Over-covered
2025-08-10,13,12760,21.141666666666666,0.0,13e,Over-covered
2025-08-10,14,5105,21.14166666666667,0.0,14e,Over-covered
2025-08-10,15,7451,21.141666666666666,0.0,15e,Over-covered
2025-08-10,17,2019,21.14166666666667,0.0,17e,Over-covered
2025-08-10,19,12008,21.14166666666667,0.0,19e,Under-covered
2025-08-10,20,2276,21.141666666666666,0.0,20e,Over-covered
2025-08-11,1,4797,24.5125,0.0,1e,Over-covered
2025-08-11,3,15642,24.5125,0.0,3e,Under-covered
2025-08-11,4,9449,24.5125,0.0,4e,Under-covered
2025-08-11,5,5070,24.5125,0.0,5e,Under-covered
2025-08-11,7,14445,24.512500000000003,0.0,7e,Under-covered
2025-08-11,8,7267,24.5125,0.0,8e,Under-covered
2025-08-11,10,7525,24.5125,0.0,10e,Under-covered
2025-08-11,11,12523,24.5125,0.0,11e,Under-covered
2025-08-11,12,12841,24.5125,0.0,12e,Over-covered
2025-08-11,13,16702,24.5125,0.0,13e,Over-covered
2025-08-11,14,7269,24.5125,0.0,14e,Over-covered
2025-08-11,15,10122,24.5125,0.0,15e,Over-covered
2025-08-11,17,2758,24.5125,0.0,17e,Over-covered
2025-08-11,19,12758,24.5125,0.0,19e,Under-covered
2025-08-11,20,2759,24.5125,0.0,20e,Over-covered
2025-08-12,1,4630,27.570833333333336,0.0,1e,Over-covered
2025-08-12,3,15785,27.570833333333336,0.0,3e,Under-covered
2025-08-12,4,9793,27.570833333333336,0.0,4e,Under-covered
2025-08-12,5,5329,27.570833333333336,0.0,5e,Under-covered
2025-08-12,7,14045,27.570833333333333,0.0,7e,Under-covered
2025-08-12,8,7114,27.570833333333336,0.0,8e,Under-covered
2025-08-12,10,7545,27.570833333333336,0.0,10e,Under-covered
2025-08-12,11,13207,27.570833333333333,0.0,11e,Under-covered
2025-08-12,12,13239,27.570833333333336,0.0,12e,Over-covered
2025-08-12,13,16897,27.570833333333333,0.0,13e,Over-covered
2025-08-12,14,7370,27.570833333333333,0.0,14e,Over-covered
2025-08-12,15,9788,27.354385964912282,0.0,15e,Over-covered
2025-08-12,17,2517,27.570833333333336,0.0,17e,Over-covered
2025-08-12,19,13215,27.570833333333336,0.0,19e,Under-covered
2025-08-12,20,2882,27.570833333333333,0.0,20e,Over-covered
2025-08-13,1,3891,27.2625,0.0,1e,Over-covered
2025-08-13,3,14587,27.2625,0.0,3e,Under-covered
2025-08-13,4,8677,27.2625,0.0,4e,Under-covered
2025-08-13,5,4494,27.2625,0.0,5e,Under-covered
2025-08-13,7,12645,27.262500000000003,0.0,7e,Under-covered
2025-08-13,8,6413,27.2625,0.0,8e,Under-covered
2025-08-13,10,6971,27.2625,0.0,10e,Under-covered
2025-08-13,11,11692,27.2625,0.0,11e,Under-covered
2025-08-13,12,11784,27.2625,0.0,12e,Over-covered
2025-08-13,13,15332,27.268167202572346,0.0,13e,Over-covered
2025-08-13,14,6593,27.2625,0.0,14e,Over-covered
2025-08-13,15,8209,27.2625,0.0,15e,Over-covered
2025-08-13,17,2532,27.2625,0.0,17e,Over-covered
2025-08-13,19,12312,27.2625,0.0,19e,Under-covered
2025-08-13,20,2536,27.2625,0.0,20e,Over-covered
2025-08-14,1,4284,25.52916666666667,0.0,1e,Over-covered
2025-08-14,3,15413,25.52916666666667,0.0,3e,Under-covered
2025-08-14,4,9526,25.52916666666667,0.0,4e,Under-covered
2025-08-14,5,4633,25.52916666666667,0.0,5e,Under-covered
2025-08-14,7,13169,25.529166666666665,0.0,7e,Under-covered
2025-08-14,8,6915,25.52916666666667,0.0,8e,Under-covered
2025-08-14,10,7301,25.52916666666667,0.0,10e,Under-covered
2025-08-14,11,12101,25.529166666666665,0.0,11e,Under-covered
2025-08-14,12,12161,25.52916666666667,0.0,12e,Over-covered
2025-08-14,13,15557,25.627868852459017,0.0,13e,Over-covered
2025-08-14,14,6179,25.52916666666667,0.0,14e,Over-covered
2025-08-14,15,8119,25.52916666666667,0.0,15e,Over-covered
2025-08-14,17,2395,25.52916666666667,0.0,17e,Over-covered
2025-08-14,19,12806,25.52916666666667,0.0,19e,Under-covered
2025-08-14,20,2625,25.529166666666665,0.0,20e,Over-covered
2025-08-15,1,3945,24.254166666666666,0.0,1e,Over-covered
2025-08-15,3,13313,24.254166666666666,0.0,3e,Under-covered
2025-08-15,4,8944,24.254166666666666,0.0,4e,Under-covered
2025-08-15,5,3926,24.254166666666666,0.0,5e,Under-covered
2025-08-15,7,11933,24.254166666666666,0.0,7e,Under-covered
2025-08-15,8,6808,24.254166666666666,0.0,8e,Under-covered
2025-08-15,10,6296,24.254166666666666,0.0,10e,Under-covered
2025-08-15,11,9732,24.254166666666666,0.0,11e,Under-covered
2025-08-15,12,9712,24.254166666666666,0.0,12e,Over-covered
2025-08-15,13,12215,24.254166666666666,0.0,13e,Over-covered
2025-08-15,14,4589,24.254166666666666,0.0,14e,Over-covered
2025-08-15,15,6295,24.254166666666666,0.0,15e,Over-covered
2025-08-15,17,2164,24.254166666666666,0.0,17e,Over-covered
2025-08-15,19,11741,24.254166666666666,0.0,19e,Under-covered
2025-08-15,20,2055,24.254166666666666,0.0,20e,Over-covered
2025-08-16,1,3811,23.020833333333332,0.0,1e,Over-covered
2025-08-16,3,14307,23.020833333333332,0.0,3e,Under-covered
2025-08-16,4,9304,23.020833333333332,0.0,4e,Under-covered
2025-08-16,5,3812,23.020833333333332,0.0,5e,Under-covered
2025-08-16,7,12084,23.020833333333332,0.0,7e,Under-covered
2025-08-16,8,7021,23.020833333333332,0.0,8e,Under-covered
2025-08-16,10,6605,23.020833333333332,0.0,10e,Under-covered
2025-08-16,11,9907,23.020833333333332,0.0,11e,Under-covered
2025-08-16,12,9976,23.020833333333332,0.0,12e,Over-covered
2025-08-16,13,12892,23.020833333333332,0.0,13e,Over-covered
2025-08-16,14,4775,23.020833333333332,0.0,14e,Over-covered
2025-08-16,15,6311,23.020833333333332,0.0,15e,Over-covered
2025-08-16,17,2089,23.020833333333332,0.0,17e,Over-covered
2025-08-16,19,11633,23.020833333333332,0.0,19e,Under-covered
2025-08-16,20,2154,23.020833333333332,0.0,20e,Over-covered
2025-08-17,1,3833,21.325,0.0,1e,Over-covered
2025-08-17,3,12505,21.325,0.0,3e,Under-covered
2025-08-17,4,9427,21.325,0.0,4e,Under-covered
2025-08-17,5,4041,21.325,0.0,5e,Under-covered
2025-08-17,7,11586,21.325,0.0,7e,Under-covered
2025-08-17,8,6752,21.325,0.0,8e,Under-covered
2025-08-17,10,6051,21.325,0.0,10e,Under-covered
2025-08-17,11,9581,21.325,0.0,11e,Under-covered
2025-08-17,12,10124,21.325,0.0,12e,Over-covered
2025-08-17,13,12127,21.325,0.0,13e,Over-covered
2025-08-17,14,4694,21.325,0.0,14e,Over-covered
2025-08-17,15,6375,21.325,0.0,15e,Over-covered
2025-08-17,17,2166,21.325,0.0,17e,Over-covered
2025-08-17,19,10990,21.325,0.0,19e,Under-covered
2025-08-17,20,2081,21.325,0.0,20e,Over-covered
2025-08-18,1,5210,22.325,0.0,1e,Over-covered
2025-08-18,3,16222,22.325,0.0,3e,Under-covered
2025-08-18,4,10462,22.325,0.0,4e,Under-covered
2025-08-18,5,4815,22.325,0.0,5e,Under-covered
2025-08-18,7,15300,22.325,0.0,7e,Under-covered
2025-08-18,8,7615,22.325,0.0,8e,Under-covered
2025-08-18,10,7604,22.325,0.0,10e,Under-covered
2025-08-18,11,13003,22.325,0.0,11e,Under-covered
2025-08-18,12,13768,22.325,0.0,12e,Over-covered
2025-08-18,13,17447,22.325,0.0,13e,Over-covered
2025-08-18,14,8074,22.325,0.0,14e,Over-covered
2025-08-18,15,10131,22.325,0.0,15e,Over-covered
2025-08-18,17,2993,22.325,0.0,17e,Over-covered
2025-08-18,19,13321,22.325,0.0,19e,Under-covered
2025-08-18,20,2954,22.325,0.0,20e,Over-covered
2025-08-19,1,5398,22.474999999999998,0.0,1e,Over-covered
2025-08-19,3,17529,22.474999999999998,0.0,3e,Under-covered
2025-08-19,4,11131,22.474999999999998,0.0,4e,Under-covered
2025-08-19,5,5171,22.474999999999998,0.0,5e,Under-covered
2025-08-19,7,16040,22.475,0.0,7e,Under-covered
2025-08-19,8,7945,22.474999999999998,0.0,8e,Under-covered
2025-08-19,10,8157,22.474999999999998,0.0,10e,Under-covered
2025-08-19,11,14196,22.475,0.0,11e,Under-covered
2025-08-19,12,14489,22.474999999999998,0.0,12e,Over-covered
2025-08-19,13,18274,22.474999999999998,0.0,13e,Over-covered
2025-08-19,14,8567,22.475,0.0,14e,Over-covered
2025-08-19,15,11552,22.618614718614715,0.0,15e,Over-covered
2025-08-19,17,3025,22.474999999999998,0.0,17e,Over-covered
2025-08-19,19,13926,22.474999999999998,0.0,19e,Under-covered
2025-08-19,20,3167,22.475,0.0,20e,Over-covered
2025-08-20,1,4012,19.1375,18.0,1e,Over-covered
2025-08-20,3,15374,19.1375,18.0,3e,Under-covered
2025-08-20,4,9055,19.1375,18.0,4e,Under-covered
2025-08-20,5,4111,19.1375,9.0,5e,Under-covered
2025-08-20,7,12893,19.1375,31.5,7e,Under-covered
2025-08-20,8,6393,19.1375,18.0,8e,Under-covered
2025-08-20,10,7318,19.1375,9.0,10e,Under-covered
2025-08-20,11,12249,19.1375,22.5,11e,Under-covered
2025-08-20,12,11385,19.1375,72.0,12e,Over-covered
2025-08-20,13,14810,19.1375,58.5,13e,Over-covered
2025-08-20,14,6804,19.1375,40.5,14e,Over-covered
2025-08-20,15,9723,19.1375,45.0,15e,Over-covered
2025-08-20,17,2705,19.1375,18.0,17e,Over-covered
2025-08-20,19,12279,19.1375,36.0,19e,Under-covered
2025-08-20,20,2720,19.1375,22.5,20e,Over-covered
2025-08-21,1,6056,18.545833333333334,2.4,1e,Over-covered
2025-08-21,3,18577,18.545833333333334,2.4,3e,Under-covered
2025-08-21,4,12077,18.545833333333334,2.4,4e,Under-covered
2025-08-21,5,5898,18.545833333333334,1.2,5e,Under-covered
2025-08-21,7,17155,18.54583333333333,4.2,7e,Under-covered
2025-08-21,8,9521,18.545833333333334,2.4,8e,Under-covered
2025-08-21,10,8531,18.545833333333334,1.2,10e,Under-covered
2025-08-21,11,15179,18.545833333333334,3.0,11e,Under-covered
2025-08-21,12,15150,18.545833333333334,9.6,12e,Over-covered
2025-08-21,13,18943,18.545833333333334,7.8,13e,Over-covered
2025-08-21,14,8807,18.545833333333334,5.4,14e,Over-covered
2025-08-21,15,13002,18.545833333333334,6.0,15e,Over-covered
2025-08-21,17,3540,18.545833333333334,2.4,17e,Over-covered
2025-08-21,19,14620,18.545833333333334,4.8,19e,Under-covered
2025-08-21,20,3238,18.545833333333334,3.0,20e,Over-covered
2025-08-22,1,5228,16.787499999999998,0.0,1e,Over-covered
2025-08-22,3,18060,16.787499999999998,0.0,3e,Under-covered
2025-08-22,4,11312,16.787499999999998,0.0,4e,Under-covered
2025-08-22,5,5441,16.787499999999998,0.0,5e,Under-covered
2025-08-22,7,15776,16.7875,0.0,7e,Under-covered
2025-08-22,8,8062,16.787499999999998,0.0,8e,Under-covered
2025-08-22,10,8451,16.787499999999998,0.0,10e,Under-covered
2025-08-22,11,14432,16.7875,0.0,11e,Under-covered
2025-08-22,12,14021,16.787499999999998,0.0,12e,Over-covered
2025-08-22,13,17384,16.787499999999998,0.0,13e,Over-covered
2025-08-22,14,7929,16.787499999999998,0.0,14e,Over-covered
2025-08-22,15,12148,16.7875,0.0,15e,Over-covered
2025-08-22,17,2994,16.787499999999998,0.0,17e,Over-covered
2025-08-22,19,13945,16.787499999999998,0.0,19e,Under-covered
2025-08-22,20,3072,16.7875,0.0,20e,Over-covered
2025-08-23,1,4901,17.604166666666668,0.0,1e,Over-covered
2025-08-23,3,17626,17.604166666666668,0.0,3e,Under-covered
2025-08-23,4,11510,17.604166666666668,0.0,4e,Under-covered
2025-08-23,5,5141,17.604166666666668,0.0,5e,Under-covered
2025-08-23,7,15451,17.604166666666668,0.0,7e,Under-covered
2025-08-23,8,7829,17.604166666666668,0.0,8e,Under-covered
2025-08-23,10,8465,17.604166666666668,0.0,10e,Under-covered
2025-08-23,11,13280,17.604166666666668,0.0,11e,Under-covered
2025-08-23,12,11834,17.604166666666668,0.0,12e,Over-covered
2025-08-23,13,15425,17.604166666666668,0.0,13e,Over-covered
2025-08-23,14,6260,17.604166666666668,0.0,14e,Over-covered
2025-08-23,15,9932,17.604166666666668,0.0,15e,Over-covered
2025-08-23,17,2656,17.604166666666668,0.0,17e,Over-covered
2025-08-23,19,13312,17.604166666666668,0.0,19e,Under-covered
2025-08-23,20,2642,17.604166666666668,0.0,20e,Over-covered
2025-08-24,1,5194,18.575,0.0,1e,Over-covered
2025-08-24,3,15653,18.575,0.0,3e,Under-covered
2025-08-24,4,10994,18.575,0.0,4e,Under-covered
2025-08-24,5,5124,18.575,0.0,5e,Under-covered
2025-08-24,7,15146,18.575,0.0,7e,Under-covered
2025-08-24,8,8102,18.575,0.0,8e,Under-covered
2025-08-24,10,7376,18.575,0.0,10e,Under-covered
2025-08-24,11,12552,18.575,0.0,11e,Under-covered
2025-08-24,12,12479,18.575,0.0,12e,Over-covered
2025-08-24,13,14224,18.575,0.0,13e,Over-covered
2025-08-24,14,6403,18.575,0.0,14e,Over-covered
2025-08-24,15,10503,18.575,0.0,15e,Over-covered
2025-08-24,17,2738,18.575,0.0,17e,Over-covered
2025-08-24,19,13058,18.575,0.0,19e,Under-covered
2025-08-24,20,2549,18.575,0.0,20e,Over-covered
2025-08-25,1,7308,20.908333333333335,0.0,1e,Over-covered
2025-08-25,3,21070,20.908333333333335,0.0,3e,Under-covered
2025-08-25,4,13683,20.908333333333335,0.0,4e,Under-covered
2025-08-25,5,6507,20.908333333333335,0.0,5e,Under-covered
2025-08-25,7,20736,20.90833333333333,0.0,7e,Under-covered
2025-08-25,8,10775,20.908333333333335,0.0,8e,Under-covered
2025-08-25,10,9615,20.908333333333335,0.0,10e,Under-covered
2025-08-25,11,18551,20.908333333333335,0.0,11e,Under-covered
2025-08-25,12,17562,20.908333333333335,0.0,12e,Over-covered
2025-08-25,13,22185,20.90833333333333,0.0,13e,Over-covered
2025-08-25,14,11027,20.90833333333333,0.0,14e,Over-covered
2025-08-25,15,15785,20.908333333333335,0.0,15e,Over-covered
2025-08-25,17,4559,20.908333333333335,0.0,17e,Over-covered
2025-08-25,19,16820,20.908333333333335,0.0,19e,Under-covered
2025-08-25,20,3978,20.908333333333335,0.0,20e,Over-covered
2025-08-26,1,8208,22.583333333333332,0.8,1e,Over-covered
2025-08-26,3,23962,22.583333333333332,0.8,3e,Under-covered
2025-08-26,4,15795,22.583333333333332,0.8,4e,Under-covered
2025-08-26,5,7576,22.583333333333332,0.4,5e,Under-covered
2025-08-26,7,23573,22.583333333333332,1.4000000000000001,7e,Under-covered
2025-08-26,8,11680,22.583333333333332,0.8,8e,Under-covered
2025-08-26,10,11184,22.583333333333332,0.4,10e,Under-covered
2025-08-26,11,20308,22.583333333333332,1.0,11e,Under-covered
2025-08-26,12,19917,22.583333333333332,3.2,12e,Over-covered
2025-08-26,13,24551,22.583333333333332,2.6,13e,Over-covered
2025-08-26,14,12343,22.583333333333332,1.8,14e,Over-covered
2025-08-26,15,18213,22.583333333333332,2.0,15e,Over-covered
2025-08-26,17,5235,22.583333333333332,0.8,17e,Over-covered
2025-08-26,19,18499,22.583333333333332,1.6,19e,Under-covered
2025-08-26,20,4427,22.583333333333332,1.0,20e,Over-covered
2025-08-27,1,7949,22.287499999999998,0.0,1e,Over-covered
2025-08-27,3,25092,22.287499999999998,0.0,3e,Under-covered
2025-08-27,4,15931,22.287499999999998,0.0,4e,Under-covered
2025-08-27,5,7426,22.287499999999998,0.0,5e,Under-covered
2025-08-27,7,23487,22.2875,0.0,7e,Under-covered
2025-08-27,8,11970,22.287499999999998,0.0,8e,Under-covered
2025-08-27,10,11960,22.287499999999998,0.0,10e,Under-covered
2025-08-27,11,21079,22.2875,0.0,11e,Under-covered
2025-08-27,12,19300,22.287499999999998,0.0,12e,Over-covered
2025-08-27,13,24535,22.287499999999998,0.0,13e,Over-covered
2025-08-27,14,12039,22.2875,0.0,14e,Over-covered
2025-08-27,15,18063,22.2875,0.0,15e,Over-covered
2025-08-27,17,5552,22.287499999999998,0.0,17e,Over-covered
2025-08-27,19,19018,22.287499999999998,0.0,19e,Under-covered
2025-08-27,20,4479,22.2875,0.0,20e,Over-covered
2025-08-28,1,7179,19.5125,2.4000000000000004,1e,Over-covered
2025-08-28,3,24393,19.5125,2.4000000000000004,3e,Under-covered
2025-08-28,4,15183,19.5125,2.4000000000000004,4e,Under-covered
2025-08-28,5,7398,19.5125,1.2000000000000002,5e,Under-covered
2025-08-28,7,21938,19.5125,4.2,7e,Under-covered
2025-08-28,8,11125,19.5125,2.4000000000000004,8e,Under-covered
2025-08-28,10,11425,19.5125,1.2000000000000002,10e,Under-covered
2025-08-28,11,20962,19.5125,3.0,11e,Under-covered
2025-08-28,12,19460,19.5125,9.600000000000001,12e,Over-covered
2025-08-28,13,23741,19.5125,7.800000000000001,13e,Over-covered
2025-08-28,14,11704,19.5125,5.4,14e,Over-covered
2025-08-28,15,16771,19.5125,6.0,15e,Over-covered
2025-08-28,17,7322,19.5125,2.4000000000000004,17e,Over-covered
2025-08-28,19,18953,19.5125,4.800000000000001,19e,Under-covered
2025-08-28,20,4450,19.5125,3.0,20e,Over-covered
2025-08-29,1,3698,16.85,14.4,1e,Over-covered
2025-08-29,3,16025,16.85,14.4,3e,Under-covered
2025-08-29,4,8756,16.85,14.399999999999999,4e,Under-covered
2025-08-29,5,4252,16.85,7.199999999999999,5e,Under-covered
2025-08-29,7,12180,16.85,25.2,7e,Under-covered
2025-08-29,8,5961,16.85,14.4,8e,Under-covered
2025-08-29,10,7979,16.85,7.199999999999999,10e,Under-covered
2025-08-29,11,14600,16.85,18.0,11e,Under-covered
2025-08-29,12,12336,16.85,57.6,12e,Over-covered
2025-08-29,13,14808,16.849999999999998,46.8,13e,Over-covered
2025-08-29,14,7872,16.849999999999998,32.4,14e,Over-covered
2025-08-29,15,10409,16.85,36.0,15e,Over-covered
2025-08-29,17,3218,16.85,14.4,17e,Over-covered
2025-08-29,19,13481,16.85,28.799999999999997,19e,Under-covered
2025-08-29,20,3339,16.85,18.0,20e,Over-covered
2025-08-30,1,4512,17.79583333333333,6.3999999999999995,1e,Over-covered
2025-08-30,3,20742,17.795833333333334,6.3999999999999995,3e,Under-covered
2025-08-30,4,12938,17.795833333333334,6.3999999999999995,4e,Under-covered
2025-08-30,5,5642,17.795833333333334,3.1999999999999997,5e,Under-covered
2025-08-30,7,15713,17.79583333333333,11.2,7e,Under-covered
2025-08-30,8,8198,17.795833333333334,6.3999999999999995,8e,Under-covered
2025-08-30,10,10871,17.795833333333334,3.1999999999999997,10e,Under-covered
2025-08-30,11,17319,17.795833333333334,7.999999999999999,11e,Under-covered
2025-08-30,12,13504,17.795833333333334,25.599999999999998,12e,Over-covered
2025-08-30,13,17058,17.795833333333334,20.8,13e,Over-covered
2025-08-30,14,7343,17.795833333333334,14.399999999999999,14e,Over-covered
2025-08-30,15,11242,17.795833333333334,16.0,15e,Over-covered
2025-08-30,17,3451,17.795833333333334,6.3999999999999995,17e,Over-covered
2025-08-30,19,15854,17.795833333333334,12.799999999999999,19e,Under-covered
2025-08-30,20,3401,17.795833333333334,8.0,20e,Over-covered
2025-08-31,1,3582,18.254166666666666,18.8,1e,Over-covered
2025-08-31,3,15276,18.254166666666666,18.8,3e,Under-covered
2025-08-31,4,9534,18.254166666666666,18.8,4e,Under-covered
2025-08-31,5,4160,18.254166666666666,9.4,5e,Under-covered
2025-08-31,7,11917,18.254166666666666,32.9,7e,Under-covered
2025-08-31,8,6193,18.254166666666666,18.8,8e,Under-covered
2025-08-31,10,7843,18.254166666666666,9.4,10e,Under-covered
2025-08-31,11,12724,18.254166666666666,23.5,11e,Under-covered
2025-08-31,12,9822,18.254166666666666,75.2,12e,Over-covered
2025-08-31,13,11711,18.254166666666666,61.1,13e,Over-covered
2025-08-31,14,5595,18.254166666666666,42.3,14e,Over-covered
2025-08-31,15,9148,18.254166666666666,47.0,15e,Over-covered
2025-08-31,17,2739,18.254166666666666,18.8,17e,Over-covered
2025-08-31,19,12642,18.254166666666666,37.6,19e,Under-covered
2025-08-31,20,2565,18.254166666666666,23.5,20e,Over-covered
2025-09-01,1,6482,16.662499999999998,16.4,1e,Over-covered
2025-09-01,3,22853,16.662499999999998,16.4,3e,Under-covered
2025-09-01,4,14715,16.662499999999998,16.4,4e,Under-covered
2025-09-01,5,7214,16.662499999999998,8.2,5e,Under-covered
2025-09-01,7,21406,16.6625,28.7,7e,Under-covered
2025-09-01,8,10854,16.662499999999998,16.4,8e,Under-covered
2025-09-01,10,10719,16.662499999999998,8.2,10e,Under-covered
2025-09-01,11,20969,16.6625,20.5,11e,Under-covered
2025-09-01,12,18748,16.662499999999998,65.6,12e,Over-covered
2025-09-01,13,24068,16.662499999999998,53.3,13e,Over-covered
2025-09-01,14,12169,16.662499999999998,36.9,14e,Over-covered
2025-09-01,15,17332,16.6625,41.0,15e,Over-covered
2025-09-01,17,4831,16.662499999999998,16.4,17e,Over-covered
2025-09-01,19,18376,16.662499999999998,32.8,19e,Under-covered
2025-09-01,20,4684,16.6625,20.5,20e,Over-covered
2025-09-02,1,6555,15.579166666666666,20.8,1e,Over-covered
2025-09-02,3,23879,15.579166666666666,20.8,3e,Under-covered
2025-09-02,4,16418,15.579166666666666,20.8,4e,Under-covered
2025-09-02,5,7920,15.579166666666666,10.4,5e,Under-covered
2025-09-02,7,21896,15.579166666666667,36.4,7e,Under-covered
2025-09-02,8,10810,15.579166666666666,20.8,8e,Under-covered
2025-09-02,10,11264,15.579166666666666,10.4,10e,Under-covered
2025-09-02,11,22658,15.579166666666667,26.0,11e,Under-covered
2025-09-02,12,19455,15.579166666666666,83.2,12e,Over-covered
2025-09-02,13,24256,15.579166666666666,67.60000000000001,13e,Over-covered
2025-09-02,14,12742,15.579166666666666,46.800000000000004,14e,Over-covered
2025-09-02,15,18251,15.579166666666667,52.0,15e,Over-covered
2025-09-02,17,4721,15.579166666666666,20.8,17e,Over-covered
2025-09-02,19,19449,15.579166666666666,41.6,19e,Under-covered
2025-09-02,20,4939,15.579166666666667,26.0,20e,Over-covered
2025-09-03,1,6560,19.575,2.8000000000000003,1e,Over-covered
2025-09-03,3,26360,19.575,2.8,3e,Under-covered
2025-09-03,4,18194,19.575,2.8,4e,Under-covered
2025-09-03,5,8201,19.575,1.4,5e,Under-covered
2025-09-03,7,23471,19.575,4.9,7e,Under-covered
2025-09-03,8,11743,19.575,2.8,8e,Under-covered
2025-09-03,10,12983,19.575,1.4,10e,Under-covered
2025-09-03,11,24062,19.575,3.5,11e,Under-covered
2025-09-03,12,19729,19.575,11.2,12e,Over-covered
2025-09-03,13,25201,19.575,9.1,13e,Over-covered
2025-09-03,14,12462,19.575,6.3,14e,Over-covered
2025-09-03,15,18508,19.575,7.0,15e,Over-covered
2025-09-03,17,5085,19.575,2.8000000000000003,17e,Over-covered
2025-09-03,19,20018,19.575,5.6,19e,Under-covered
2025-09-03,20,5018,19.575,3.5,20e,Over-covered
2025-09-04,1,9119,17.175,11.6,1e,Over-covered
2025-09-04,3,27794,17.175,11.600000000000001,3e,Under-covered
2025-09-04,4,17603,17.175,11.6,4e,Under-covered
2025-09-04,5,8437,17.175,5.800000000000001,5e,Under-covered
2025-09-04,7,25678,17.175,20.3,7e,Under-covered
2025-09-04,8,13158,17.175,11.600000000000001,8e,Under-covered
2025-09-04,10,13615,17.175,5.800000000000001,10e,Under-covered
2025-09-04,11,24908,17.175,14.5,11e,Under-covered
2025-09-04,12,21520,17.175,46.4,12e,Over-covered
2025-09-04,13,26659,17.175,37.7,13e,Over-covered
2025-09-04,14,13685,17.175,26.1,14e,Over-covered
2025-09-04,15,19822,17.175,29.0,15e,Over-covered
2025-09-04,17,5220,17.175,11.6,17e,Over-covered
2025-09-04,19,21172,17.175,23.2,19e,Under-covered
2025-09-04,20,5300,17.175,14.5,20e,Over-covered
2025-09-05,1,9051,16.479166666666668,3.6,1e,Over-covered
2025-09-05,3,30010,16.479166666666668,3.6,3e,Under-covered
2025-09-05,4,19047,16.479166666666668,3.6,4e,Under-covered
2025-09-05,5,8733,16.479166666666668,1.7999999999999998,5e,Under-covered
2025-09-05,7,26240,16.479166666666668,6.3,7e,Under-covered
2025-09-05,8,13571,16.479166666666668,3.6,8e,Under-covered
2025-09-05,10,14770,16.479166666666668,1.8,10e,Under-covered
2025-09-05,11,27291,16.479166666666668,4.5,11e,Under-covered
2025-09-05,12,21884,16.479166666666668,14.4,12e,Over-covered
2025-09-05,13,26804,16.479166666666668,11.700000000000001,13e,Over-covered
2025-09-05,14,12731,16.479166666666668,8.1,14e,Over-covered
2025-09-05,15,19104,16.479166666666668,9.0,15e,Over-covered
2025-09-05,17,4860,16.479166666666668,3.6,17e,Over-covered
2025-09-05,19,22421,16.479166666666668,7.2,19e,Under-covered
2025-09-05,20,5669,16.479166666666668,4.5,20e,Over-covered
2025-09-06,1,7221,17.712500000000002,0.0,1e,Over-covered
2025-09-06,3,27027,17.712500000000002,0.0,3e,Under-covered
2025-09-06,4,18798,17.712500000000002,0.0,4e,Under-covered
2025-09-06,5,7618,17.712500000000002,0.0,5e,Under-covered
2025-09-06,7,22297,17.7125,0.0,7e,Under-covered
2025-09-06,8,10967,17.712500000000002,0.0,8e,Under-covered
2025-09-06,10,14181,17.712500000000002,0.0,10e,Under-covered
2025-09-06,11,23263,17.7125,0.0,11e,Under-covered
2025-09-06,12,17012,17.712500000000002,0.0,12e,Over-covered
2025-09-06,13,20786,17.712500000000002,0.0,13e,Over-covered
2025-09-06,14,8841,17.712500000000002,0.0,14e,Over-covered
2025-09-06,15,14754,17.7125,0.0,15e,Over-covered
2025-09-06,17,3627,17.712500000000002,0.0,17e,Over-covered
2025-09-06,19,20110,17.712500000000002,0.0,19e,Under-covered
2025-09-06,20,4398,17.7125,0.0,20e,Over-covered
2025-09-07,1,6689,21.579166666666666,0.0,1e,Over-covered
2025-09-07,3,20888,21.579166666666666,0.0,3e,Under-covered
2025-09-07,4,15003,21.579166666666666,0.0,4e,Under-covered
2025-09-07,5,6840,21.579166666666666,0.0,5e,Under-covered
2025-09-07,7,19459,21.57916666666667,0.0,7e,Under-covered
2025-09-07,8,9358,21.579166666666666,0.0,8e,Under-covered
2025-09-07,10,10844,21.579166666666666,0.0,10e,Under-covered
2025-09-07,11,18860,21.579166666666666,0.0,11e,Under-covered
2025-09-07,12,15897,21.579166666666666,0.0,12e,Over-covered
2025-09-07,13,18094,21.579166666666666,0.0,13e,Over-covered
2025-09-07,14,8172,21.57916666666667,0.0,14e,Over-covered
2025-09-07,15,14075,21.579166666666666,0.0,15e,Over-covered
2025-09-07,17,3152,21.579166666666666,0.0,17e,Over-covered
2025-09-07,19,18355,21.579166666666666,0.0,19e,Under-covered
2025-09-07,20,3777,21.579166666666666,0.0,20e,Over-covered
2025-09-08,1,10909,19.504166666666666,0.0,1e,Over-covered
2025-09-08,3,27839,19.504166666666666,0.0,3e,Under-covered
2025-09-08,4,16592,19.504166666666666,0.0,4e,Under-covered
2025-09-08,5,8805,19.504166666666666,0.0,5e,Under-covered
2025-09-08,7,27482,19.504166666666666,0.0,7e,Under-covered
2025-09-08,8,13745,19.504166666666666,0.0,8e,Under-covered
2025-09-08,10,13227,19.504166666666666,0.0,10e,Under-covered
2025-09-08,11,26090,19.504166666666666,0.0,11e,Under-covered
2025-09-08,12,23330,19.504166666666666,0.0,12e,Over-covered
2025-09-08,13,29493,19.504166666666666,0.0,13e,Over-covered
2025-09-08,14,14570,19.504166666666666,0.0,14e,Over-covered
2025-09-08,15,21560,19.504166666666666,0.0,15e,Over-covered
2025-09-08,17,5465,19.504166666666666,0.0,17e,Over-covered
2025-09-08,19,22318,19.504166666666666,0.0,19e,Under-covered
2025-09-08,20,5734,19.504166666666666,0.0,20e,Over-covered
2025-09-09,1,13135,17.4375,0.0,1e,Over-covered
2025-09-09,3,32241,17.4375,0.0,3e,Under-covered
2025-09-09,4,19921,17.4375,0.0,4e,Under-covered
2025-09-09,5,9974,17.4375,0.0,5e,Under-covered
2025-09-09,7,31379,17.4375,0.0,7e,Under-covered
2025-09-09,8,16168,17.4375,0.0,8e,Under-covered
2025-09-09,10,15291,17.4375,0.0,10e,Under-covered
2025-09-09,11,29757,17.4375,0.0,11e,Under-covered
2025-09-09,12,25839,17.4375,0.0,12e,Over-covered
2025-09-09,13,31922,17.4375,0.0,13e,Over-covered
2025-09-09,14,16371,17.4375,0.0,14e,Over-covered
2025-09-09,15,25140,17.4375,0.0,15e,Over-covered
2025-09-09,17,6200,17.4375,0.0,17e,Over-covered
2025-09-09,19,24796,17.4375,0.0,19e,Under-covered
2025-09-09,20,6291,17.4375,0.0,20e,Over-covered
2025-09-10,1,9736,16.108333333333334,28.0,1e,Over-covered
2025-09-10,3,23179,16.108333333333334,28.0,3e,Under-covered
2025-09-10,4,14953,16.108333333333334,28.0,4e,Under-covered
2025-09-10,5,7661,16.108333333333334,14.0,5e,Under-covered
2025-09-10,7,24160,16.108333333333334,49.0,7e,Under-covered
2025-09-10,8,13817,16.108333333333334,28.0,8e,Under-covered
2025-09-10,10,12231,16.108333333333334,14.0,10e,Under-covered
2025-09-10,11,24826,16.108333333333334,35.0,11e,Under-covered
2025-09-10,12,21290,16.108333333333334,112.0,12e,Over-covered
2025-09-10,13,26301,16.108333333333334,91.0,13e,Over-covered
2025-09-10,14,13224,16.108333333333334,63.0,14e,Over-covered
2025-09-10,15,19794,16.108333333333334,70.0,15e,Over-covered
2025-09-10,17,5390,16.108333333333334,28.0,17e,Over-covered
2025-09-10,19,20910,16.108333333333334,56.0,19e,Under-covered
2025-09-10,20,5898,16.108333333333334,35.0,20e,Over-covered
2025-09-11,1,10051,15.545833333333334,10.0,1e,Over-covered
2025-09-11,3,28383,15.545833333333334,10.0,3e,Under-covered
2025-09-11,4,16647,15.545833333333334,10.0,4e,Under-covered
2025-09-11,5,8261,15.545833333333334,5.0,5e,Under-covered
2025-09-11,7,25922,15.545833333333333,17.5,7e,Under-covered
2025-09-11,8,12883,15.545833333333334,10.0,8e,Under-covered
2025-09-11,10,13502,15.545833333333334,5.0,10e,Under-covered
2025-09-11,11,25237,15.545833333333333,12.5,11e,Under-covered
2025-09-11,12,21655,15.545833333333334,40.0,12e,Over-covered
2025-09-11,13,26839,15.545833333333334,32.5,13e,Over-covered
2025-09-11,14,13979,15.545833333333334,22.5,14e,Over-covered
2025-09-11,15,20100,15.545833333333333,25.0,15e,Over-covered
2025-09-11,17,5238,15.545833333333334,10.0,17e,Over-covered
2025-09-11,19,21061,15.545833333333334,20.0,19e,Under-covered
2025-09-11,20,5464,15.545833333333333,12.5,20e,Over-covered
2025-09-12,1,9011,15.541666666666666,2.4,1e,Over-covered
2025-09-12,3,29122,15.541666666666666,2.4,3e,Under-covered
2025-09-12,4,17644,15.541666666666666,2.4,4e,Under-covered
2025-09-12,5,8358,15.541666666666666,1.2,5e,Under-covered
2025-09-12,7,25929,15.541666666666666,4.2,7e,Under-covered
2025-09-12,8,12167,15.541666666666666,2.4,8e,Under-covered
2025-09-12,10,14540,15.541666666666666,1.2,10e,Under-covered
2025-09-12,11,26526,15.541666666666666,3.0,11e,Under-covered
2025-09-12,12,21293,15.541666666666666,9.6,12e,Over-covered
2025-09-12,13,25829,15.541666666666666,7.8,13e,Over-covered
2025-09-12,14,13215,15.541666666666666,5.4,14e,Over-covered
2025-09-12,15,18953,15.541666666666666,6.0,15e,Over-covered
2025-09-12,17,4764,15.541666666666666,2.4,17e,Over-covered
2025-09-12,19,21538,15.541666666666666,4.8,19e,Under-covered
2025-09-12,20,5578,15.541666666666666,3.0,20e,Over-covered
2025-09-13,1,4417,14.85,42.4,1e,Over-covered
2025-09-13,3,20322,14.85,42.4,3e,Under-covered
2025-09-13,4,11246,14.850000000000001,42.4,4e,Under-covered
2025-09-13,5,5219,14.850000000000001,21.2,5e,Under-covered
2025-09-13,7,15234,14.850000000000001,74.2,7e,Under-covered
2025-09-13,8,6645,14.85,42.4,8e,Under-covered
2025-09-13,10,10959,14.85,21.2,10e,Under-covered
2025-09-13,11,17833,14.85,53.0,11e,Under-covered
2025-09-13,12,12378,14.85,169.6,12e,Over-covered
2025-09-13,13,15318,14.85,137.79999999999998,13e,Over-covered
2025-09-13,14,6682,14.85,95.4,14e,Over-covered
2025-09-13,15,11276,14.85,106.0,15e,Over-covered
2025-09-13,17,2889,14.85,42.4,17e,Over-covered
2025-09-13,19,15251,14.85,84.8,19e,Under-covered
2025-09-13,20,3262,14.85,53.0,20e,Over-covered
2025-09-14,1,5012,16.679166666666667,0.8,1e,Over-covered
2025-09-14,3,13843,16.679166666666667,0.8,3e,Under-covered
2025-09-14,4,4678,16.679166666666667,0.8,4e,Under-covered
2025-09-14,5,4859,16.679166666666667,0.4,5e,Under-covered
2025-09-14,7,13382,16.679166666666667,1.4000000000000001,7e,Under-covered
2025-09-14,8,5474,16.679166666666667,0.8,8e,Under-covered
2025-09-14,10,8416,16.679166666666667,0.4,10e,Under-covered
2025-09-14,11,14352,16.679166666666667,1.0,11e,Under-covered
2025-09-14,12,10649,16.679166666666667,3.2,12e,Over-covered
2025-09-14,13,12281,16.679166666666667,2.6,13e,Over-covered
2025-09-14,14,5682,16.679166666666667,1.8,14e,Over-covered
2025-09-14,15,10334,16.679166666666667,2.0,15e,Over-covered
2025-09-14,17,2286,16.679166666666667,0.8,17e,Over-covered
2025-09-14,19,13041,16.679166666666667,1.6,19e,Under-covered
2025-09-14,20,2638,16.679166666666667,1.0,20e,Over-covered
2025-09-15,1,10667,17.583333333333332,4.0,1e,Over-covered
2025-09-15,3,27040,17.583333333333332,4.0,3e,Under-covered
2025-09-15,4,16153,17.583333333333332,4.0,4e,Under-covered
2025-09-15,5,8429,17.583333333333332,2.0,5e,Under-covered
2025-09-15,7,25641,17.583333333333332,7.0,7e,Under-covered
2025-09-15,8,12978,17.583333333333332,4.0,8e,Under-covered
2025-09-15,10,12756,17.583333333333332,2.0,10e,Under-covered
2025-09-15,11,25312,17.583333333333332,5.0,11e,Under-covered
2025-09-15,12,22827,17.583333333333332,16.0,12e,Over-covered
2025-09-15,13,28852,17.583333333333332,13.0,13e,Over-covered
2025-09-15,14,15101,17.583333333333332,9.0,14e,Over-covered
2025-09-15,15,21126,17.583333333333332,10.0,15e,Over-covered
2025-09-15,17,5040,17.583333333333332,4.0,17e,Over-covered
2025-09-15,19,21656,17.583333333333332,8.0,19e,Under-covered
2025-09-15,20,5673,17.583333333333332,5.0,20e,Over-covered
2025-09-16,1,11202,15.1,0.4,1e,Over-covered
2025-09-16,3,30131,15.1,0.4,3e,Under-covered
2025-09-16,4,17691,15.1,0.4,4e,Under-covered
2025-09-16,5,9223,15.1,0.2,5e,Under-covered
2025-09-16,7,28245,15.100000000000001,0.7000000000000001,7e,Under-covered
2025-09-16,8,14220,15.1,0.4,8e,Under-covered
2025-09-16,10,14489,15.1,0.2,10e,Under-covered
2025-09-16,11,27741,15.1,0.5,11e,Under-covered
2025-09-16,12,23957,15.1,1.6,12e,Over-covered
2025-09-16,13,30124,15.1,1.3,13e,Over-covered
2025-09-16,14,15986,15.1,0.9,14e,Over-covered
2025-09-16,15,22695,15.1,1.0,15e,Over-covered
2025-09-16,17,5710,15.1,0.4,17e,Over-covered
2025-09-16,19,22814,15.1,0.8,19e,Under-covered
2025-09-16,20,5977,15.1,0.5,20e,Over-covered
2025-09-17,1,11911,16.599999999999998,0.0,1e,Over-covered
2025-09-17,3,32191,16.599999999999998,0.0,3e,Under-covered
2025-09-17,4,19365,16.599999999999998,0.0,4e,Under-covered
2025-09-17,5,9648,16.599999999999998,0.0,5e,Under-covered
2025-09-17,7,28986,16.6,0.0,7e,Under-covered
2025-09-17,8,14748,16.599999999999998,0.0,8e,Under-covered
2025-09-17,10,15561,16.599999999999998,0.0,10e,Under-covered
2025-09-17,11,28714,16.6,0.0,11e,Under-covered
2025-09-17,12,24772,16.599999999999998,0.0,12e,Over-covered
2025-09-17,13,31251,16.599999999999998,0.0,13e,Over-covered
2025-09-17,14,15544,16.599999999999998,0.0,14e,Over-covered
2025-09-17,15,24020,16.6,0.0,15e,Over-covered
2025-09-17,17,5865,16.599999999999998,0.0,17e,Over-covered
2025-09-17,19,24162,16.599999999999998,0.0,19e,Under-covered
2025-09-17,20,5983,16.6,0.0,20e,Over-covered
2025-09-18,1,15615,18.162499999999998,0.0,1e,Over-covered
2025-09-18,3,38114,18.162499999999998,0.0,3e,Under-covered
2025-09-18,4,24690,18.162499999999998,0.0,4e,Under-covered
2025-09-18,5,12022,18.162499999999998,0.0,5e,Under-covered
2025-09-18,7,39633,18.1625,0.0,7e,Under-covered
2025-09-18,8,19474,18.162499999999998,0.0,8e,Under-covered
2025-09-18,10,19080,18.162499999999998,0.0,10e,Under-covered
2025-09-18,11,32986,18.1625,0.0,11e,Under-covered
2025-09-18,12,31835,18.162499999999998,0.0,12e,Over-covered
2025-09-18,13,38033,18.162499999999998,0.0,13e,Over-covered
2025-09-18,14,18748,18.162499999999998,0.0,14e,Over-covered
2025-09-18,15,30822,18.1625,0.0,15e,Over-covered
2025-09-18,17,7190,18.162499999999998,0.0,17e,Over-covered
2025-09-18,19,29674,18.162499999999998,0.0,19e,Under-covered
2025-09-18,20,7422,18.1625,0.0,20e,Over-covered
2025-09-19,1,10586,21.045833333333334,0.0,1e,Over-covered
2025-09-19,3,33205,21.045833333333334,0.0,3e,Under-covered
2025-09-19,4,20652,21.045833333333334,0.0,4e,Under-covered
2025-09-19,5,9762,21.045833333333334,0.0,5e,Under-covered
2025-09-19,7,29164,21.04583333333333,0.0,7e,Under-covered
2025-09-19,8,14384,21.045833333333334,0.0,8e,Under-covered
2025-09-19,10,16533,21.045833333333334,0.0,10e,Under-covered
2025-09-19,11,31008,21.045833333333334,0.0,11e,Under-covered
2025-09-19,12,24662,21.045833333333334,0.0,12e,Over-covered
2025-09-19,13,30273,21.045833333333334,0.0,13e,Over-covered
2025-09-19,14,14935,21.04583333333333,0.0,14e,Over-covered
2025-09-19,15,21816,21.045833333333334,0.0,15e,Over-covered
2025-09-19,17,5456,21.045833333333334,0.0,17e,Over-covered
2025-09-19,19,24910,21.045833333333334,0.0,19e,Under-covered
2025-09-19,20,6118,21.045833333333334,0.0,20e,Over-covered
2025-09-20,1,3202,20.441666666666666,38.8,1e,Over-covered
2025-09-20,3,18338,20.441666666666666,38.8,3e,Under-covered
2025-09-20,4,10533,20.441666666666666,38.8,4e,Under-covered
2025-09-20,5,4846,20.441666666666666,19.4,5e,Under-covered
2025-09-20,7,12740,20.441666666666666,67.89999999999999,7e,Under-covered
2025-09-20,8,5557,20.441666666666666,38.8,8e,Under-covered
2025-09-20,10,10179,20.441666666666666,19.4,10e,Under-covered
2025-09-20,11,16356,20.441666666666666,48.5,11e,Under-covered
2025-09-20,12,10919,20.441666666666666,155.2,12e,Over-covered
2025-09-20,13,13922,20.441666666666666,126.1,13e,Over-covered
2025-09-20,14,6060,20.441666666666666,87.3,14e,Over-covered
2025-09-20,15,9019,20.441666666666666,97.0,15e,Over-covered
2025-09-20,17,2343,20.441666666666666,38.8,17e,Over-covered
2025-09-20,19,14004,20.441666666666666,77.6,19e,Under-covered
2025-09-20,20,3006,20.441666666666666,48.5,20e,Over-covered
2025-09-21,1,5242,15.054166666666667,3.6,1e,Over-covered
2025-09-21,3,18112,15.054166666666667,3.6,3e,Under-covered
2025-09-21,4,12776,15.054166666666667,3.6,4e,Under-covered
2025-09-21,5,5665,15.054166666666667,1.8,5e,Under-covered
2025-09-21,7,16073,15.054166666666665,6.3,7e,Under-covered
2025-09-21,8,6632,15.054166666666667,3.6,8e,Under-covered
2025-09-21,10,9537,15.054166666666667,1.8,10e,Under-covered
2025-09-21,11,15770,15.054166666666667,4.5,11e,Under-covered
2025-09-21,12,12784,15.054166666666667,14.4,12e,Over-covered
2025-09-21,13,14643,15.054166666666665,11.7,13e,Over-covered
2025-09-21,14,7120,15.054166666666665,8.1,14e,Over-covered
2025-09-21,15,11209,15.054166666666667,9.0,15e,Over-covered
2025-09-21,17,2748,15.054166666666667,3.6,17e,Over-covered
2025-09-21,19,14929,15.054166666666667,7.2,19e,Under-covered
2025-09-21,20,3148,15.054166666666667,4.5,20e,Over-covered
2025-09-22,1,10518,12.658333333333333,9.2,1e,Over-covered
2025-09-22,3,25182,12.658333333333333,9.2,3e,Under-covered
2025-09-22,4,15522,12.658333333333333,9.2,4e,Under-covered
2025-09-22,5,7870,12.658333333333333,4.6,5e,Under-covered
2025-09-22,7,24375,12.658333333333333,16.1,7e,Under-covered
2025-09-22,8,12441,12.658333333333333,9.2,8e,Under-covered
2025-09-22,10,12531,12.658333333333333,4.6,10e,Under-covered
2025-09-22,11,24498,12.658333333333333,11.5,11e,Under-covered
2025-09-22,12,22193,12.658333333333333,36.8,12e,Over-covered
2025-09-22,13,27520,12.658333333333333,29.9,13e,Over-covered
2025-09-22,14,14557,12.658333333333333,20.7,14e,Over-covered
2025-09-22,15,20656,12.658333333333333,23.0,15e,Over-covered
2025-09-22,17,5044,12.658333333333333,9.2,17e,Over-covered
2025-09-22,19,20912,12.658333333333333,18.4,19e,Under-covered
2025-09-22,20,5475,12.658333333333333,11.5,20e,Over-covered
2025-09-23,1,8648,11.608333333333334,26.400000000000002,1e,Over-covered
2025-09-23,3,23329,11.608333333333334,26.400000000000002,3e,Under-covered
2025-09-23,4,13271,11.608333333333334,26.400000000000002,4e,Under-covered
2025-09-23,5,6716,11.608333333333334,13.200000000000001,5e,Under-covered
2025-09-23,7,21522,11.608333333333334,46.2,7e,Under-covered
2025-09-23,8,10407,11.608333333333334,26.4,8e,Under-covered
2025-09-23,10,11629,11.608333333333334,13.200000000000001,10e,Under-covered
2025-09-23,11,21780,11.608333333333333,33.0,11e,Under-covered
2025-09-23,12,18652,11.608333333333334,105.60000000000001,12e,Over-covered
2025-09-23,13,21551,11.608333333333334,85.8,13e,Over-covered
2025-09-23,14,13128,11.608333333333334,59.4,14e,Over-covered
2025-09-23,15,17911,11.608333333333333,66.0,15e,Over-covered
2025-09-23,17,4405,11.608333333333334,26.400000000000002,17e,Over-covered
2025-09-23,19,19254,11.608333333333334,52.8,19e,Under-covered
2025-09-23,20,4823,11.608333333333333,33.0,20e,Over-covered
2025-09-24,1,5561,10.575000000000001,37.6,1e,Over-covered
2025-09-24,3,18020,10.575000000000001,37.6,3e,Under-covered
2025-09-24,4,9539,10.575000000000001,37.6,4e,Under-covered
2025-09-24,5,5054,10.575000000000001,18.8,5e,Under-covered
2025-09-24,7,14527,10.575,65.8,7e,Under-covered
2025-09-24,8,6675,10.575000000000001,37.6,8e,Under-covered
2025-09-24,10,9176,10.575000000000001,18.8,10e,Under-covered
2025-09-24,11,16652,10.575,47.0,11e,Under-covered
2025-09-24,12,14076,10.575000000000001,150.4,12e,Over-covered
2025-09-24,13,16933,10.575000000000001,122.2,13e,Over-covered
2025-09-24,14,9931,10.575,84.6,14e,Over-covered
2025-09-24,15,13282,10.575,94.0,15e,Over-covered
2025-09-24,17,3102,10.575000000000001,37.6,17e,Over-covered
2025-09-24,19,15075,10.575000000000001,75.2,19e,Under-covered
2025-09-24,20,3873,10.575,47.0,20e,Over-covered
2025-09-25,1,9157,10.654166666666667,5.6000000000000005,1e,Over-covered
2025-09-25,3,26157,10.654166666666667,5.6000000000000005,3e,Under-covered
2025-09-25,4,15343,10.654166666666667,5.6000000000000005,4e,Under-covered
2025-09-25,5,7420,10.654166666666667,2.8,5e,Under-covered
2025-09-25,7,23185,10.654166666666667,9.8,7e,Under-covered
2025-09-25,8,11677,10.654166666666667,5.6000000000000005,8e,Under-covered
2025-09-25,10,12980,10.654166666666667,2.8000000000000003,10e,Under-covered
2025-09-25,11,24041,10.654166666666667,7.0,11e,Under-covered
2025-09-25,12,20199,10.654166666666667,22.400000000000002,12e,Over-covered
2025-09-25,13,19994,10.622333333333332,18.2,13e,Over-covered
2025-09-25,14,13616,10.654166666666667,12.600000000000001,14e,Over-covered
2025-09-25,15,18511,10.654166666666667,14.0,15e,Over-covered
2025-09-25,17,4962,10.654166666666667,5.6000000000000005,17e,Over-covered
2025-09-25,19,19516,10.654166666666667,11.200000000000001,19e,Under-covered
2025-09-25,20,5036,10.654166666666667,7.0,20e,Over-covered
2025-09-26,1,7665,11.104166666666666,1.6,1e,Over-covered
2025-09-26,3,25293,11.104166666666666,1.6,3e,Under-covered
2025-09-26,4,14765,11.104166666666666,1.6,4e,Under-covered
2025-09-26,5,7039,11.104166666666666,0.8,5e,Under-covered
2025-09-26,7,20744,11.104166666666666,2.8000000000000003,7e,Under-covered
2025-09-26,8,9944,11.104166666666666,1.6,8e,Under-covered
2025-09-26,10,12873,11.104166666666666,0.8,10e,Under-covered
2025-09-26,11,23637,11.104166666666666,2.0,11e,Under-covered
2025-09-26,12,18666,11.104166666666666,6.4,12e,Over-covered
2025-09-26,13,16480,11.104166666666666,4.800000000000001,13e,Over-covered
2025-09-26,14,11980,11.104166666666666,3.6,14e,Over-covered
2025-09-26,15,16255,11.104166666666666,4.0,15e,Over-covered
2025-09-26,17,4156,11.104166666666666,1.6,17e,Over-covered
2025-09-26,19,19230,11.104166666666666,3.2,19e,Under-covered
2025-09-26,20,4920,11.104166666666666,2.0,20e,Over-covered
2025-09-27,1,5351,12.008333333333333,1.2000000000000002,1e,Over-covered
2025-09-27,3,22441,12.008333333333333,1.2000000000000002,3e,Under-covered
2025-09-27,4,13989,12.008333333333333,1.2000000000000002,4e,Under-covered
2025-09-27,5,5756,12.008333333333333,0.6000000000000001,5e,Under-covered
2025-09-27,7,16628,12.008333333333335,2.1,7e,Under-covered
2025-09-27,8,7972,12.008333333333333,1.2000000000000002,8e,Under-covered
2025-09-27,10,12031,12.008333333333333,0.6000000000000001,10e,Under-covered
2025-09-27,11,19631,12.008333333333333,1.5,11e,Under-covered
2025-09-27,12,13660,12.008333333333333,4.800000000000001,12e,Over-covered
2025-09-27,13,12626,12.008333333333333,3.6,13e,Over-covered
2025-09-27,14,8057,12.008333333333335,2.7,14e,Over-covered
2025-09-27,15,13021,12.008333333333333,3.0,15e,Over-covered
2025-09-27,17,2851,12.008333333333333,1.2000000000000002,17e,Over-covered
2025-09-27,19,16942,12.008333333333333,2.4000000000000004,19e,Under-covered
2025-09-27,20,3753,12.008333333333333,1.5,20e,Over-covered
2025-09-28,1,5628,13.058333333333332,0.0,1e,Over-covered
2025-09-28,3,19927,13.058333333333332,0.0,3e,Under-covered
2025-09-28,4,13877,13.058333333333332,0.0,4e,Under-covered
2025-09-28,5,5938,13.058333333333332,0.0,5e,Under-covered
2025-09-28,7,16788,13.058333333333334,0.0,7e,Under-covered
2025-09-28,8,8145,13.058333333333332,0.0,8e,Under-covered
2025-09-28,10,10435,13.058333333333332,0.0,10e,Under-covered
2025-09-28,11,17680,13.058333333333334,0.0,11e,Under-covered
2025-09-28,12,13664,13.058333333333332,0.0,12e,Over-covered
2025-09-28,13,11339,13.140338983050848,0.0,13e,Over-covered
2025-09-28,14,7320,13.058333333333334,0.0,14e,Over-covered
2025-09-28,15,11258,13.058333333333334,0.0,15e,Over-covered
2025-09-28,17,2757,13.058333333333332,0.0,17e,Over-covered
2025-09-28,19,16494,13.058333333333332,0.0,19e,Under-covered
2025-09-28,20,3412,13.058333333333334,0.0,20e,Over-covered
2025-09-29,1,10980,13.920833333333334,0.0,1e,Over-covered
2025-09-29,3,27685,13.920833333333334,0.0,3e,Under-covered
2025-09-29,4,17281,13.920833333333334,0.0,4e,Under-covered
2025-09-29,5,8277,13.920833333333334,0.0,5e,Under-covered
2025-09-29,7,26559,13.920833333333333,0.0,7e,Under-covered
2025-09-29,8,14360,13.920833333333334,0.0,8e,Under-covered
2025-09-29,10,13178,13.920833333333334,0.0,10e,Under-covered
2025-09-29,11,25833,13.920833333333333,0.0,11e,Under-covered
2025-09-29,12,23214,13.920833333333334,0.0,12e,Over-covered
2025-09-29,13,25531,14.033993399339934,0.0,13e,Over-covered
2025-09-29,14,15064,13.920833333333334,0.0,14e,Over-covered
2025-09-29,15,20473,13.920833333333333,0.0,15e,Over-covered
2025-09-29,17,5190,13.920833333333334,0.0,17e,Over-covered
2025-09-29,19,22594,13.920833333333334,0.0,19e,Under-covered
2025-09-29,20,5644,13.920833333333333,0.0,20e,Over-covered
2025-09-30,1,12268,13.366666666666667,0.0,1e,Over-covered
2025-09-30,3,30849,13.366666666666667,0.0,3e,Under-covered
2025-09-30,4,19231,13.366666666666667,0.0,4e,Under-covered
2025-09-30,5,9197,13.366666666666667,0.0,5e,Under-covered
2025-09-30,7,30258,13.366666666666665,0.0,7e,Under-covered
2025-09-30,8,15582,13.366666666666667,0.0,8e,Under-covered
2025-09-30,10,14877,13.366666666666667,0.0,10e,Under-covered
2025-09-30,11,29088,13.366666666666667,0.0,11e,Under-covered
2025-09-30,12,24943,13.366666666666667,0.0,12e,Over-covered
2025-09-30,13,30419,13.366666666666665,0.0,13e,Over-covered
2025-09-30,14,16397,13.366666666666665,0.0,14e,Over-covered
2025-09-30,15,23387,13.366666666666667,0.0,15e,Over-covered
2025-09-30,17,5886,13.366666666666667,0.0,17e,Over-covered
2025-09-30,19,23929,13.366666666666667,0.0,19e,Under-covered
2025-09-30,20,6182,13.366666666666667,0.0,20e,Over-covered
2025-10-01,1,11532,13.191666666666668,0.0,1e,Over-covered
2025-10-01,3,31222,13.191666666666668,0.0,3e,Under-covered
2025-10-01,4,18969,13.191666666666668,0.0,4e,Under-covered
2025-10-01,5,9098,13.191666666666668,0.0,5e,Under-covered
2025-10-01,7,28276,13.191666666666666,0.0,7e,Under-covered
2025-10-01,8,15567,13.191666666666668,0.0,8e,Under-covered
2025-10-01,10,15240,13.191666666666668,0.0,10e,Under-covered
2025-10-01,11,28584,13.191666666666666,0.0,11e,Under-covered
2025-10-01,12,24068,13.191666666666668,0.0,12e,Over-covered
2025-10-01,13,30281,13.191666666666666,0.0,13e,Over-covered
2025-10-01,14,15629,13.191666666666666,0.0,14e,Over-covered
2025-10-01,15,21357,13.191666666666666,0.0,15e,Over-covered
2025-10-01,17,5615,13.191666666666668,0.0,17e,Over-covered
2025-10-01,19,23237,13.191666666666668,0.0,19e,Under-covered
2025-10-01,20,5946,13.191666666666666,0.0,20e,Over-covered
2025-10-02,1,11695,12.758333333333333,0.0,1e,Over-covered
2025-10-02,3,31845,12.758333333333333,0.0,3e,Under-covered
2025-10-02,4,19162,12.758333333333333,0.0,4e,Under-covered
2025-10-02,5,8983,12.758333333333333,0.0,5e,Under-covered
2025-10-02,7,29063,12.758333333333335,0.0,7e,Under-covered
2025-10-02,8,15133,12.758333333333333,0.0,8e,Under-covered
2025-10-02,10,15341,12.758333333333333,0.0,10e,Under-covered
2025-10-02,11,28451,12.758333333333333,0.0,11e,Under-covered
2025-10-02,12,24493,12.758333333333333,0.0,12e,Over-covered
2025-10-02,13,29387,12.758333333333333,0.0,13e,Over-covered
2025-10-02,14,15504,12.758333333333335,0.0,14e,Over-covered
2025-10-02,15,22105,12.758333333333333,0.0,15e,Over-covered
2025-10-02,17,5445,12.758333333333333,0.0,17e,Over-covered
2025-10-02,19,23118,12.758333333333333,0.0,19e,Under-covered
2025-10-02,20,5698,12.758333333333333,0.0,20e,Over-covered
2025-10-03,1,7277,13.491666666666667,14.8,1e,Over-covered
2025-10-03,3,22036,13.491666666666667,14.799999999999999,3e,Under-covered
2025-10-03,4,12725,13.491666666666667,14.8,4e,Under-covered
2025-10-03,5,6463,13.491666666666667,7.4,5e,Under-covered
2025-10-03,7,18677,13.491666666666665,25.9,7e,Under-covered
2025-10-03,8,9184,13.491666666666667,14.8,8e,Under-covered
2025-10-03,10,11203,13.491666666666667,7.4,10e,Under-covered
2025-10-03,11,20906,13.491666666666667,18.5,11e,Under-covered
2025-10-03,12,17391,13.491666666666667,59.2,12e,Over-covered
2025-10-03,13,21109,13.491666666666665,48.1,13e,Over-covered
2025-10-03,14,11082,13.491666666666665,33.3,14e,Over-covered
2025-10-03,15,14991,13.491666666666667,37.0,15e,Over-covered
2025-10-03,17,4143,13.491666666666667,14.8,17e,Over-covered
2025-10-03,19,16947,13.491666666666667,29.6,19e,Under-covered
2025-10-03,20,4404,13.491666666666667,18.5,20e,Over-covered
2025-10-04,1,3498,14.458333333333334,32.4,1e,Over-covered
2025-10-04,3,19172,14.458333333333334,32.4,3e,Under-covered
2025-10-04,4,11399,14.458333333333334,32.4,4e,Under-covered
2025-10-04,5,4566,14.458333333333334,16.2,5e,Under-covered
2025-10-04,7,13184,14.458333333333334,56.7,7e,Under-covered
2025-10-04,8,8543,14.458333333333334,32.4,8e,Under-covered
2025-10-04,10,10522,14.458333333333334,16.2,10e,Under-covered
2025-10-04,11,16405,14.458333333333334,40.5,11e,Under-covered
2025-10-04,12,10392,14.458333333333334,129.6,12e,Over-covered
2025-10-04,13,12337,14.458333333333334,105.3,13e,Over-covered
2025-10-04,14,6350,14.458333333333334,72.9,14e,Over-covered
2025-10-04,15,8758,14.458333333333334,81.0,15e,Over-covered
2025-10-04,17,2321,14.458333333333334,32.4,17e,Over-covered
2025-10-04,19,13071,14.458333333333334,64.8,19e,Under-covered
2025-10-04,20,3052,14.458333333333334,40.5,20e,Over-covered
2025-10-05,1,5146,12.5,0.0,1e,Over-covered
2025-10-05,3,17955,12.5,0.0,3e,Under-covered
2025-10-05,4,11703,12.5,0.0,4e,Under-covered
2025-10-05,5,5204,12.5,0.0,5e,Under-covered
2025-10-05,7,15160,12.5,0.0,7e,Under-covered
2025-10-05,8,7033,12.5,0.0,8e,Under-covered
2025-10-05,10,9375,12.5,0.0,10e,Under-covered
2025-10-05,11,15526,12.5,0.0,11e,Under-covered
2025-10-05,12,12822,12.5,0.0,12e,Over-covered
2025-10-05,13,14477,12.5,0.0,13e,Over-covered
2025-10-05,14,6928,12.5,0.0,14e,Over-covered
2025-10-05,15,10749,12.5,0.0,15e,Over-covered
2025-10-05,17,2599,12.5,0.0,17e,Over-covered
2025-10-05,19,14180,12.5,0.0,19e,Under-covered
2025-10-05,20,3240,12.5,0.0,20e,Over-covered
2025-10-06,1,7833,12.6625,0.8,1e,Over-covered
2025-10-06,3,26046,12.6625,0.8,3e,Under-covered
2025-10-06,4,16784,12.6625,0.8,4e,Under-covered
2025-10-06,5,8072,12.6625,0.4,5e,Under-covered
2025-10-06,7,24511,12.662500000000001,1.4000000000000001,7e,Under-covered
2025-10-06,8,12758,12.6625,0.8,8e,Under-covered
2025-10-06,10,12356,12.6625,0.4,10e,Under-covered
2025-10-06,11,24319,12.6625,1.0,11e,Under-covered
2025-10-06,12,21778,12.6625,3.2,12e,Over-covered
2025-10-06,13,26134,12.6625,2.6,13e,Over-covered
2025-10-06,14,14535,12.6625,1.8,14e,Over-covered
2025-10-06,15,19869,12.6625,2.0,15e,Over-covered
2025-10-06,17,4814,12.6625,0.8,17e,Over-covered
2025-10-06,19,20439,12.6625,1.6,19e,Under-covered
2025-10-06,20,5532,12.6625,1.0,20e,Over-covered
2025-10-07,1,8830,13.291666666666666,0.0,1e,Over-covered
2025-10-07,3,30625,13.291666666666666,0.0,3e,Under-covered
2025-10-07,4,20035,13.291666666666666,0.0,4e,Under-covered
2025-10-07,5,9557,13.291666666666666,0.0,5e,Under-covered
2025-10-07,7,29148,13.291666666666666,0.0,7e,Under-covered
2025-10-07,8,14509,13.291666666666666,0.0,8e,Under-covered
2025-10-07,10,14571,13.291666666666666,0.0,10e,Under-covered
2025-10-07,11,27700,13.291666666666666,0.0,11e,Under-covered
2025-10-07,12,24361,13.291666666666666,0.0,12e,Over-covered
2025-10-07,13,28523,13.291666666666666,0.0,13e,Over-covered
2025-10-07,14,16213,13.291666666666666,0.0,14e,Over-covered
2025-10-07,15,22859,13.291666666666666,0.0,15e,Over-covered
2025-10-07,17,5592,13.291666666666666,0.0,17e,Over-covered
2025-10-07,19,23226,13.291666666666666,0.0,19e,Under-covered
2025-10-07,20,5944,13.291666666666666,0.0,20e,Over-covered
2025-10-08,1,8716,12.616666666666667,0.0,1e,Over-covered
2025-10-08,3,29122,12.616666666666667,0.0,3e,Under-covered
2025-10-08,4,18096,12.616666666666667,0.0,4e,Under-covered
2025-10-08,5,8816,12.616666666666667,0.0,5e,Under-covered
2025-10-08,7,26331,12.616666666666665,0.0,7e,Under-covered
2025-10-08,8,12979,12.616666666666667,0.0,8e,Under-covered
2025-10-08,10,14586,12.616666666666667,0.0,10e,Under-covered
2025-10-08,11,26918,12.616666666666667,0.0,11e,Under-covered
2025-10-08,12,22704,12.616666666666667,0.0,12e,Over-covered
2025-10-08,13,26486,12.616666666666667,0.0,13e,Over-covered
2025-10-08,14,14315,12.616666666666665,0.0,14e,Over-covered
2025-10-08,15,20452,12.616666666666667,0.0,15e,Over-covered
2025-10-08,17,5184,12.616666666666667,0.0,17e,Over-covered
2025-10-08,19,22244,12.616666666666667,0.0,19e,Under-covered
2025-10-08,20,5597,12.616666666666667,0.0,20e,Over-covered
2025-10-09,1,10800,14.75,0.4,1e,Over-covered
2025-10-09,3,30744,14.75,0.4,3e,Under-covered
2025-10-09,4,18859,14.75,0.4,4e,Under-covered
2025-10-09,5,9081,14.75,0.2,5e,Under-covered
2025-10-09,7,28202,14.75,0.7000000000000001,7e,Under-covered
2025-10-09,8,15175,14.75,0.4,8e,Under-covered
2025-10-09,10,15276,14.75,0.2,10e,Under-covered
2025-10-09,11,26523,14.75,0.5,11e,Under-covered
2025-10-09,12,23879,14.75,1.6,12e,Over-covered
2025-10-09,13,26901,14.75,1.3,13e,Over-covered
2025-10-09,14,15240,14.75,0.9,14e,Over-covered
2025-10-09,15,21123,14.75,1.0,15e,Over-covered
2025-10-09,17,5683,14.75,0.4,17e,Over-covered
2025-10-09,19,23003,14.75,0.8,19e,Under-covered
2025-10-09,20,5761,14.75,0.5,20e,Over-covered
2025-10-10,1,8621,12.708333333333334,0.0,1e,Over-covered
2025-10-10,3,27900,12.708333333333334,0.0,3e,Under-covered
2025-10-10,4,16247,12.708333333333334,0.0,4e,Under-covered
2025-10-10,5,7672,12.708333333333334,0.0,5e,Under-covered
2025-10-10,7,24889,12.708333333333334,0.0,7e,Under-covered
2025-10-10,8,11347,12.708333333333334,0.0,8e,Under-covered
2025-10-10,10,14922,12.708333333333334,0.0,10e,Under-covered
2025-10-10,11,25927,12.708333333333334,0.0,11e,Under-covered
2025-10-10,12,20339,12.708333333333334,0.0,12e,Over-covered
2025-10-10,13,23348,12.708333333333334,0.0,13e,Over-covered
2025-10-10,14,13401,12.708333333333334,0.0,14e,Over-covered
2025-10-10,15,18587,12.708333333333334,0.0,15e,Over-covered
2025-10-10,17,4499,12.708333333333334,0.0,17e,Over-covered
2025-10-10,19,20656,12.708333333333334,0.0,19e,Under-covered
2025-10-10,20,5541,12.708333333333334,0.0,20e,Over-covered
2025-10-11,1,6475,13.679166666666667,0.0,1e,Over-covered
2025-10-11,3,26057,13.679166666666667,0.0,3e,Under-covered
2025-10-11,4,16395,13.679166666666667,0.0,4e,Under-covered
2025-10-11,5,6926,13.679166666666667,0.0,5e,Under-covered
2025-10-11,7,21880,13.679166666666665,0.0,7e,Under-covered
2025-10-11,8,9647,13.679166666666667,0.0,8e,Under-covered
2025-10-11,10,15418,13.679166666666667,0.0,10e,Under-covered
2025-10-11,11,23074,13.679166666666667,0.0,11e,Under-covered
2025-10-11,12,15861,13.679166666666667,0.0,12e,Over-covered
2025-10-11,13,18429,13.679166666666665,0.0,13e,Over-covered
2025-10-11,14,9138,13.679166666666665,0.0,14e,Over-covered
2025-10-11,15,14647,13.679166666666667,0.0,15e,Over-covered
2025-10-11,17,3507,13.679166666666667,0.0,17e,Over-covered
2025-10-11,19,19169,13.679166666666667,0.0,19e,Under-covered
2025-10-11,20,4248,13.679166666666667,0.0,20e,Over-covered
2025-10-12,1,5514,12.733333333333334,0.0,1e,Over-covered
2025-10-12,3,19883,12.733333333333334,0.0,3e,Under-covered
2025-10-12,4,14004,12.733333333333334,0.0,4e,Under-covered
2025-10-12,5,5864,12.733333333333334,0.0,5e,Under-covered
2025-10-12,7,18157,12.733333333333333,0.0,7e,Under-covered
2025-10-12,8,9605,12.733333333333334,0.0,8e,Under-covered
2025-10-12,10,11137,12.733333333333334,0.0,10e,Under-covered
2025-10-12,11,17059,12.733333333333333,0.0,11e,Under-covered
2025-10-12,12,14223,12.733333333333334,0.0,12e,Over-covered
2025-10-12,13,15257,12.733333333333334,0.0,13e,Over-covered
2025-10-12,14,8069,12.733333333333334,0.0,14e,Over-covered
2025-10-12,15,13055,12.733333333333333,0.0,15e,Over-covered
2025-10-12,17,3023,12.733333333333334,0.0,17e,Over-covered
2025-10-12,19,16958,12.733333333333334,0.0,19e,Under-covered
2025-10-12,20,3609,12.733333333333333,0.0,20e,Over-covered
2025-10-13,1,10391,12.916666666666666,0.4,1e,Over-covered
2025-10-13,3,25816,12.916666666666666,0.4,3e,Under-covered
2025-10-13,4,15284,12.916666666666666,0.4,4e,Under-covered
2025-10-13,5,7542,12.916666666666666,0.2,5e,Under-covered
2025-10-13,7,24337,12.916666666666666,0.7000000000000001,7e,Under-covered
2025-10-13,8,12308,12.916666666666666,0.4,8e,Under-covered
2025-10-13,10,12240,12.916666666666666,0.2,10e,Under-covered
2025-10-13,11,23968,12.916666666666666,0.5,11e,Under-covered
2025-10-13,12,22036,12.916666666666666,1.6,12e,Over-covered
2025-10-13,13,25057,12.916666666666666,1.3,13e,Over-covered
2025-10-13,14,14791,12.916666666666666,0.9,14e,Over-covered
2025-10-13,15,19971,12.916666666666666,1.0,15e,Over-covered
2025-10-13,17,4923,12.916666666666666,0.4,17e,Over-covered
2025-10-13,19,20602,12.916666666666666,0.8,19e,Under-covered
2025-10-13,20,5443,12.916666666666666,0.5,20e,Over-covered
2025-10-14,1,11667,13.633333333333333,0.0,1e,Over-covered
2025-10-14,3,29372,13.633333333333333,0.0,3e,Under-covered
2025-10-14,4,17471,13.633333333333333,0.0,4e,Under-covered
2025-10-14,5,8660,13.633333333333333,0.0,5e,Under-covered
2025-10-14,7,28026,13.633333333333335,0.0,7e,Under-covered
2025-10-14,8,13905,13.633333333333333,0.0,8e,Under-covered
2025-10-14,10,13968,13.633333333333333,0.0,10e,Under-covered
2025-10-14,11,27049,13.633333333333333,0.0,11e,Under-covered
2025-10-14,12,23765,13.633333333333333,0.0,12e,Over-covered
2025-10-14,13,27065,13.633333333333335,0.0,13e,Over-covered
2025-10-14,14,16235,13.633333333333335,0.0,14e,Over-covered
2025-10-14,15,21954,13.633333333333333,0.0,15e,Over-covered
2025-10-14,17,5628,13.633333333333333,0.0,17e,Over-covered
2025-10-14,19,22871,13.633333333333333,0.0,19e,Under-covered
2025-10-14,20,5754,13.633333333333333,0.0,20e,Over-covered
2025-10-15,1,10430,12.808333333333332,0.8,1e,Over-covered
2025-10-15,3,28198,12.808333333333332,0.8,3e,Under-covered
2025-10-15,4,17089,12.808333333333332,0.8,4e,Under-covered
2025-10-15,5,7966,12.808333333333332,0.4,5e,Under-covered
2025-10-15,7,25838,12.808333333333334,1.4000000000000001,7e,Under-covered
2025-10-15,8,12693,12.808333333333332,0.8,8e,Under-covered
2025-10-15,10,14208,12.808333333333332,0.4,10e,Under-covered
2025-10-15,11,26219,12.808333333333334,1.0,11e,Under-covered
2025-10-15,12,21915,12.808333333333332,3.2,12e,Over-covered
2025-10-15,13,26537,12.808333333333334,2.6,13e,Over-covered
2025-10-15,14,14815,12.808333333333334,1.8,14e,Over-covered
2025-10-15,15,19969,12.808333333333334,2.0,15e,Over-covered
2025-10-15,17,5309,12.808333333333332,0.8,17e,Over-covered
2025-10-15,19,22307,12.808333333333332,1.6,19e,Under-covered
2025-10-15,20,5462,12.808333333333334,1.0,20e,Over-covered
2025-10-16,1,10939,12.375,0.0,1e,Over-covered
2025-10-16,3,29152,12.375,0.0,3e,Under-covered
2025-10-16,4,17756,12.375,0.0,4e,Under-covered
2025-10-16,5,8469,12.375,0.0,5e,Under-covered
2025-10-16,7,27197,12.375,0.0,7e,Under-covered
2025-10-16,8,13676,12.375,0.0,8e,Under-covered
2025-10-16,10,14516,12.375,0.0,10e,Under-covered
2025-10-16,11,25619,12.375,0.0,11e,Under-covered
2025-10-16,12,22834,12.375,0.0,12e,Over-covered
2025-10-16,13,27558,12.375,0.0,13e,Over-covered
2025-10-16,14,15520,12.375,0.0,14e,Over-covered
2025-10-16,15,20753,12.375,0.0,15e,Over-covered
2025-10-16,17,5772,12.375,0.0,17e,Over-covered
2025-10-16,19,21998,12.375,0.0,19e,Under-covered
2025-10-16,20,5714,12.375,0.0,20e,Over-covered
2025-10-17,1,9216,12.129166666666668,0.0,1e,Over-covered
2025-10-17,3,27761,12.129166666666668,0.0,3e,Under-covered
2025-10-17,4,16965,12.129166666666668,0.0,4e,Under-covered
2025-10-17,5,7627,12.129166666666668,0.0,5e,Under-covered
2025-10-17,7,24089,12.129166666666666,0.0,7e,Under-covered
2025-10-17,8,11931,12.129166666666668,0.0,8e,Under-covered
2025-10-17,10,14306,12.129166666666668,0.0,10e,Under-covered
2025-10-17,11,25948,12.129166666666666,0.0,11e,Under-covered
2025-10-17,12,20371,12.129166666666668,0.0,12e,Over-covered
2025-10-17,13,24210,12.129166666666666,0.0,13e,Over-covered
2025-10-17,14,13497,12.129166666666666,0.0,14e,Over-covered
2025-10-17,15,19127,12.129166666666666,0.0,15e,Over-covered
2025-10-17,17,4566,12.129166666666668,0.0,17e,Over-covered
2025-10-17,19,20602,12.129166666666668,0.0,19e,Under-covered
2025-10-17,20,5380,12.129166666666666,0.0,20e,Over-covered
2025-10-18,1,5562,11.25,0.0,1e,Over-covered
2025-10-18,3,24922,11.25,0.0,3e,Under-covered
2025-10-18,4,15966,11.25,0.0,4e,Under-covered
2025-10-18,5,6418,11.25,0.0,5e,Under-covered
2025-10-18,7,19131,11.25,0.0,7e,Under-covered
2025-10-18,8,8875,11.25,0.0,8e,Under-covered
2025-10-18,10,13292,11.25,0.0,10e,Under-covered
2025-10-18,11,21518,11.25,0.0,11e,Under-covered
2025-10-18,12,15535,11.25,0.0,12e,Over-covered
2025-10-18,13,18870,11.25,0.0,13e,Over-covered
2025-10-18,14,8722,11.25,0.0,14e,Over-covered
2025-10-18,15,12422,11.25,0.0,15e,Over-covered
2025-10-18,17,3089,11.25,0.0,17e,Over-covered
2025-10-18,19,17409,11.25,0.0,19e,Under-covered
2025-10-18,20,3806,11.25,0.0,20e,Over-covered
2025-10-19,1,3287,11.954166666666666,14.799999999999999,1e,Over-covered
2025-10-19,3,14368,11.954166666666666,14.8,3e,Under-covered
2025-10-19,4,8956,11.954166666666666,14.8,4e,Under-covered
2025-10-19,5,3760,11.954166666666666,7.3999999999999995,5e,Under-covered
2025-10-19,7,10996,11.954166666666666,25.9,7e,Under-covered
2025-10-19,8,5083,11.954166666666666,14.8,8e,Under-covered
2025-10-19,10,8002,11.954166666666666,7.3999999999999995,10e,Under-covered
2025-10-19,11,12352,11.954166666666667,18.5,11e,Under-covered
2025-10-19,12,9692,11.954166666666666,59.199999999999996,12e,Over-covered
2025-10-19,13,10866,11.954166666666666,48.1,13e,Over-covered
2025-10-19,14,5712,11.954166666666666,33.3,14e,Over-covered
2025-10-19,15,7458,11.954166666666667,37.0,15e,Over-covered
2025-10-19,17,2009,11.954166666666666,14.8,17e,Over-covered
2025-10-19,19,11686,11.954166666666666,29.599999999999998,19e,Under-covered
2025-10-19,20,2495,11.954166666666667,18.5,20e,Over-covered
2025-10-20,1,7540,14.762500000000001,13.2,1e,Over-covered
2025-10-20,3,21623,14.762500000000001,13.2,3e,Under-covered
2025-10-20,4,12478,14.762500000000001,13.2,4e,Under-covered
2025-10-20,5,5951,14.762500000000001,6.6,5e,Under-covered
2025-10-20,7,19873,14.7625,23.1,7e,Under-covered
2025-10-20,8,11268,14.762500000000001,13.2,8e,Under-covered
2025-10-20,10,10514,14.762500000000001,6.6,10e,Under-covered
2025-10-20,11,18945,14.7625,16.5,11e,Under-covered
2025-10-20,12,16696,14.762500000000001,52.8,12e,Over-covered
2025-10-20,13,20869,14.7625,42.9,13e,Over-covered
2025-10-20,14,11110,14.7625,29.7,14e,Over-covered
2025-10-20,15,14647,14.7625,33.0,15e,Over-covered
2025-10-20,17,3875,14.762500000000001,13.2,17e,Over-covered
2025-10-20,19,17015,14.762500000000001,26.4,19e,Under-covered
2025-10-20,20,4009,14.7625,16.5,20e,Over-covered
2025-10-21,1,9763,14.029166666666667,3.2,1e,Over-covered
2025-10-21,3,26902,14.029166666666667,3.2,3e,Under-covered
2025-10-21,4,17179,14.029166666666667,3.2,4e,Under-covered
2025-10-21,5,7406,14.029166666666667,1.6,5e,Under-covered
2025-10-21,7,24744,14.029166666666667,5.6000000000000005,7e,Under-covered
2025-10-21,8,14135,14.029166666666667,3.2,8e,Under-covered
2025-10-21,10,12889,14.029166666666667,1.6,10e,Under-covered
2025-10-21,11,23086,14.029166666666667,4.0,11e,Under-covered
2025-10-21,12,20094,14.029166666666667,12.8,12e,Over-covered
2025-10-21,13,24688,14.029166666666669,10.4,13e,Over-covered
2025-10-21,14,13615,14.029166666666667,7.2,14e,Over-covered
2025-10-21,15,18092,14.029166666666667,8.0,15e,Over-covered
2025-10-21,17,4757,14.029166666666667,3.2,17e,Over-covered
2025-10-21,19,19849,14.029166666666667,6.4,19e,Under-covered
2025-10-21,20,4733,14.029166666666667,4.0,20e,Over-covered
2025-10-22,1,8960,14.054166666666667,18.400000000000002,1e,Over-covered
2025-10-22,3,25828,14.054166666666667,18.400000000000002,3e,Under-covered
2025-10-22,4,15839,14.054166666666667,18.400000000000002,4e,Under-covered
2025-10-22,5,6816,14.054166666666667,9.200000000000001,5e,Under-covered
2025-10-22,7,23103,14.054166666666665,32.2,7e,Under-covered
2025-10-22,8,11992,14.054166666666667,18.400000000000002,8e,Under-covered
2025-10-22,10,12118,14.054166666666667,9.200000000000001,10e,Under-covered
2025-10-22,11,22664,14.054166666666667,23.0,11e,Under-covered
2025-10-22,12,18642,14.054166666666667,73.60000000000001,12e,Over-covered
2025-10-22,13,23516,14.054166666666665,59.800000000000004,13e,Over-covered
2025-10-22,14,12198,14.054166666666665,41.4,14e,Over-covered
2025-10-22,15,16342,14.054166666666667,46.0,15e,Over-covered
2025-10-22,17,4413,14.054166666666667,18.400000000000002,17e,Over-covered
2025-10-22,19,19121,14.054166666666667,36.800000000000004,19e,Under-covered
2025-10-22,20,4339,14.054166666666667,23.0,20e,Over-covered
2025-10-23,1,5870,11.616666666666667,10.4,1e,Over-covered
2025-10-23,3,19493,11.616666666666667,10.4,3e,Under-covered
2025-10-23,4,10984,11.616666666666667,10.4,4e,Under-covered
2025-10-23,5,5095,11.616666666666667,5.2,5e,Under-covered
2025-10-23,7,16260,11.616666666666665,18.2,7e,Under-covered
2025-10-23,8,7897,11.616666666666667,10.4,8e,Under-covered
2025-10-23,10,9537,11.616666666666667,5.2,10e,Under-covered
2025-10-23,11,16565,11.616666666666667,13.0,11e,Under-covered
2025-10-23,12,14044,11.616666666666667,41.6,12e,Over-covered
2025-10-23,13,17523,11.616666666666667,33.800000000000004,13e,Over-covered
2025-10-23,14,9765,11.616666666666665,23.400000000000002,14e,Over-covered
2025-10-23,15,12377,11.616666666666667,26.0,15e,Over-covered
2025-10-23,17,3369,11.616666666666667,10.4,17e,Over-covered
2025-10-23,19,14309,11.616666666666667,20.8,19e,Under-covered
2025-10-23,20,3549,11.616666666666667,13.0,20e,Over-covered
2025-10-24,1,6810,9.262500000000001,5.2,1e,Over-covered
2025-10-24,3,23738,9.262500000000001,5.2,3e,Under-covered
2025-10-24,4,14328,9.262500000000001,5.2,4e,Under-covered
2025-10-24,5,6307,9.262500000000001,2.6,5e,Under-covered
2025-10-24,7,19889,9.2625,9.1,7e,Under-covered
2025-10-24,8,9340,9.262500000000001,5.2,8e,Under-covered
2025-10-24,10,12234,9.262500000000001,2.6,10e,Under-covered
2025-10-24,11,20843,9.2625,6.5,11e,Under-covered
2025-10-24,12,15925,9.262500000000001,20.8,12e,Over-covered
2025-10-24,13,19398,9.262500000000001,16.900000000000002,13e,Over-covered
2025-10-24,14,10333,9.262500000000001,11.700000000000001,14e,Over-covered
2025-10-24,15,14004,9.2625,13.0,15e,Over-covered
2025-10-24,17,3560,9.262500000000001,5.2,17e,Over-covered
2025-10-24,19,17843,9.262500000000001,10.4,19e,Under-covered
2025-10-24,20,4054,9.2625,6.5,20e,Over-covered
2025-10-25,1,4088,10.520833333333334,13.6,1e,Over-covered
2025-10-25,3,19536,10.520833333333334,13.6,3e,Under-covered
2025-10-25,4,12091,10.520833333333334,13.6,4e,Under-covered
2025-10-25,5,4771,10.520833333333334,6.8,5e,Under-covered
2025-10-25,7,14006,10.520833333333334,23.8,7e,Under-covered
2025-10-25,8,6708,10.520833333333334,13.6,8e,Under-covered
2025-10-25,10,10595,10.520833333333334,6.8,10e,Under-covered
2025-10-25,11,15875,10.520833333333334,17.0,11e,Under-covered
2025-10-25,12,10700,10.520833333333334,54.4,12e,Over-covered
2025-10-25,13,13291,10.520833333333334,44.199999999999996,13e,Over-covered
2025-10-25,14,6215,10.520833333333334,30.599999999999998,14e,Over-covered
2025-10-25,15,9389,10.520833333333334,34.0,15e,Over-covered
2025-10-25,17,2353,10.520833333333334,13.6,17e,Over-covered
2025-10-25,19,13320,10.520833333333334,27.2,19e,Under-covered
2025-10-25,20,2899,10.520833333333334,17.0,20e,Over-covered
2025-10-26,1,3685,8.986363636363636,0.8,1e,Over-covered
2025-10-26,3,15403,8.986363636363636,0.8,3e,Under-covered
2025-10-26,4,10345,8.986363636363636,0.8,4e,Under-covered
2025-10-26,5,4152,8.986363636363636,0.4,5e,Under-covered
2025-10-26,7,11355,8.986363636363636,1.4000000000000001,7e,Under-covered
2025-10-26,8,5787,8.986363636363636,0.8,8e,Under-covered
2025-10-26,10,8412,8.986363636363636,0.4,10e,Under-covered
2025-10-26,11,12992,8.986363636363636,1.0,11e,Under-covered
2025-10-26,12,9616,8.986363636363636,3.2,12e,Over-covered
2025-10-26,13,11031,8.986363636363636,2.6,13e,Over-covered
2025-10-26,14,5227,8.986363636363636,1.8,14e,Over-covered
2025-10-26,15,7863,8.986363636363636,2.0,15e,Over-covered
2025-10-26,17,2034,8.986363636363636,0.8,17e,Over-covered
2025-10-26,19,12064,8.986363636363636,1.6,19e,Under-covered
2025-10-26,20,2351,8.986363636363636,1.0,20e,Over-covered
2025-10-27,1,6981,11.825000000000001,13.6,1e,Over-covered
2025-10-27,3,19263,11.825000000000001,13.6,3e,Under-covered
2025-10-27,4,11457,11.825000000000001,13.6,4e,Under-covered
2025-10-27,5,5451,11.825000000000001,6.8,5e,Under-covered
2025-10-27,7,17918,11.825,23.8,7e,Under-covered
2025-10-27,8,8794,11.825000000000001,13.6,8e,Under-covered
2025-10-27,10,9682,11.825000000000001,6.8,10e,Under-covered
2025-10-27,11,18369,11.825,17.0,11e,Under-covered
2025-10-27,12,15362,11.825000000000001,54.4,12e,Over-covered
2025-10-27,13,18524,11.825000000000001,44.2,13e,Over-covered
2025-10-27,14,9677,11.825,30.6,14e,Over-covered
2025-10-27,15,13004,11.825,34.0,15e,Over-covered
2025-10-27,17,3595,11.825000000000001,13.6,17e,Over-covered
2025-10-27,19,15938,11.825000000000001,27.2,19e,Under-covered
2025-10-27,20,3674,11.825,17.0,20e,Over-covered
2025-10-28,1,8453,12.5375,0.0,1e,Over-covered
2025-10-28,3,23264,12.5375,0.0,3e,Under-covered
2025-10-28,4,13854,12.5375,0.0,4e,Under-covered
2025-10-28,5,6387,12.5375,0.0,5e,Under-covered
2025-10-28,7,21310,12.537500000000001,0.0,7e,Under-covered
2025-10-28,8,10774,12.5375,0.0,8e,Under-covered
2025-10-28,10,11479,12.5375,0.0,10e,Under-covered
2025-10-28,11,22040,12.5375,0.0,11e,Under-covered
2025-10-28,12,18163,12.5375,0.0,12e,Over-covered
2025-10-28,13,21278,12.5375,0.0,13e,Over-covered
2025-10-28,14,11548,12.5375,0.0,14e,Over-covered
2025-10-28,15,15475,12.5375,0.0,15e,Over-covered
2025-10-28,17,4300,12.5375,0.0,17e,Over-covered
2025-10-28,19,18589,12.5375,0.0,19e,Under-covered
2025-10-28,20,4238,12.5375,0.0,20e,Over-covered
2025-10-29,1,6637,11.924999999999999,37.6,1e,Over-covered
2025-10-29,3,18558,11.924999999999999,37.6,3e,Under-covered
2025-10-29,4,10751,11.924999999999999,37.6,4e,Under-covered
2025-10-29,5,5070,11.924999999999999,18.8,5e,Under-covered
2025-10-29,7,16891,11.925,65.8,7e,Under-covered
2025-10-29,8,8307,11.924999999999999,37.6,8e,Under-covered
2025-10-29,10,9345,11.924999999999999,18.8,10e,Under-covered
2025-10-29,11,17272,11.925,47.0,11e,Under-covered
2025-10-29,12,14673,11.924999999999999,150.4,12e,Over-covered
2025-10-29,13,17468,11.924999999999999,122.2,13e,Over-covered
2025-10-29,14,9294,11.925,84.6,14e,Over-covered
2025-10-29,15,12940,11.925,94.0,15e,Over-covered
2025-10-29,17,3388,11.924999999999999,37.6,17e,Over-covered
2025-10-29,19,15469,11.924999999999999,75.2,19e,Under-covered
2025-10-29,20,3689,11.925,47.0,20e,Over-covered
2025-10-30,1,8299,10.4625,0.0,1e,Over-covered
2025-10-30,3,24533,10.4625,0.0,3e,Under-covered
2025-10-30,4,14609,10.4625,0.0,4e,Under-covered
2025-10-30,5,6307,10.4625,0.0,5e,Under-covered
2025-10-30,7,21453,10.4625,0.0,7e,Under-covered
2025-10-30,8,10810,10.4625,0.0,8e,Under-covered
2025-10-30,10,12396,10.4625,0.0,10e,Under-covered
2025-10-30,11,21625,10.4625,0.0,11e,Under-covered
2025-10-30,12,17860,10.4625,0.0,12e,Over-covered
2025-10-30,13,21002,10.4625,0.0,13e,Over-covered
2025-10-30,14,11293,10.4625,0.0,14e,Over-covered
2025-10-30,15,15372,10.4625,0.0,15e,Over-covered
2025-10-30,17,4260,10.4625,0.0,17e,Over-covered
2025-10-30,19,18507,10.4625,0.0,19e,Under-covered
2025-10-30,20,4332,10.4625,0.0,20e,Over-covered
2025-10-31,1,6271,11.8375,0.0,1e,Over-covered
2025-10-31,3,23309,11.8375,0.0,3e,Under-covered
2025-10-31,4,12988,11.8375,0.0,4e,Under-covered
2025-10-31,5,5709,11.8375,0.0,5e,Under-covered
2025-10-31,7,18542,11.8375,0.0,7e,Under-covered
2025-10-31,8,9244,11.8375,0.0,8e,Under-covered
2025-10-31,10,12099,11.8375,0.0,10e,Under-covered
2025-10-31,11,21448,11.8375,0.0,11e,Under-covered
2025-10-31,12,15947,11.8375,0.0,12e,Over-covered
2025-10-31,13,18782,11.8375,0.0,13e,Over-covered
2025-10-31,14,9698,11.8375,0.0,14e,Over-covered
2025-10-31,15,13289,11.8375,0.0,15e,Over-covered
2025-10-31,17,3580,11.8375,0.0,17e,Over-covered
2025-10-31,19,17450,11.8375,0.0,19e,Under-covered
2025-10-31,20,4034,11.8375,0.0,20e,Over-covered
2025-11-01,1,3098,13.716666666666667,23.2,1e,Over-covered
2025-11-01,3,17316,13.716666666666667,23.2,3e,Under-covered
2025-11-01,4,9144,13.716666666666667,23.2,4e,Under-covered
2025-11-01,5,3942,13.716666666666667,11.6,5e,Under-covered
2025-11-01,7,11530,13.716666666666667,40.6,7e,Under-covered
2025-11-01,8,5292,13.716666666666667,23.2,8e,Under-covered
2025-11-01,10,9997,13.716666666666667,11.6,10e,Under-covered
2025-11-01,11,14932,13.716666666666667,29.0,11e,Under-covered
2025-11-01,12,9079,13.716666666666667,92.8,12e,Over-covered
2025-11-01,13,11544,13.716666666666669,75.4,13e,Over-covered
2025-11-01,14,5486,13.716666666666667,52.2,14e,Over-covered
2025-11-01,15,8023,13.716666666666667,58.0,15e,Over-covered
2025-11-01,17,2054,13.716666666666667,23.2,17e,Over-covered
2025-11-01,19,12482,13.716666666666667,46.4,19e,Under-covered
2025-11-01,20,2477,13.716666666666667,29.0,20e,Over-covered
2025-11-02,1,2759,11.0,4.800000000000001,1e,Over-covered
2025-11-02,3,15152,11.0,4.8,3e,Under-covered
2025-11-02,4,8777,11.0,4.8,4e,Under-covered
2025-11-02,5,4094,11.0,2.4000000000000004,5e,Under-covered
2025-11-02,7,10047,11.0,8.4,7e,Under-covered
2025-11-02,8,4983,11.0,4.800000000000001,8e,Under-covered
2025-11-02,10,7974,11.0,2.4000000000000004,10e,Under-covered
2025-11-02,11,12724,11.0,6.0,11e,Under-covered
2025-11-02,12,9492,11.0,19.200000000000003,12e,Over-covered
2025-11-02,13,10945,11.0,15.600000000000001,13e,Over-covered
2025-11-02,14,5738,11.0,10.8,14e,Over-covered
2025-11-02,15,8010,11.0,12.0,15e,Over-covered
2025-11-02,17,2110,11.0,4.8,17e,Over-covered
2025-11-02,19,12408,11.0,9.6,19e,Under-covered
2025-11-02,20,2438,11.0,6.0,20e,Over-covered
2025-11-03,1,9744,11.216666666666667,0.0,1e,Over-covered
2025-11-03,3,24020,11.216666666666667,0.0,3e,Under-covered
2025-11-03,4,12890,11.216666666666667,0.0,4e,Under-covered
2025-11-03,5,6788,11.216666666666667,0.0,5e,Under-covered
2025-11-03,7,22684,11.216666666666667,0.0,7e,Under-covered
2025-11-03,8,13913,11.216666666666667,0.0,8e,Under-covered
2025-11-03,10,11528,11.216666666666667,0.0,10e,Under-covered
2025-11-03,11,22829,11.216666666666667,0.0,11e,Under-covered
2025-11-03,12,20279,11.216666666666667,0.0,12e,Over-covered
2025-11-03,13,25122,11.216666666666667,0.0,13e,Over-covered
2025-11-03,14,13853,11.216666666666667,0.0,14e,Over-covered
2025-11-03,15,18495,11.216666666666667,0.0,15e,Over-covered
2025-11-03,17,4583,11.216666666666667,0.0,17e,Over-covered
2025-11-03,19,19880,11.216666666666667,0.0,19e,Under-covered
2025-11-03,20,5165,11.216666666666667,0.0,20e,Over-covered
2025-11-04,1,11778,12.091666666666667,0.0,1e,Over-covered
2025-11-04,3,28279,12.091666666666667,0.0,3e,Under-covered
2025-11-04,4,15336,12.091666666666667,0.0,4e,Under-covered
2025-11-04,5,8135,12.091666666666667,0.0,5e,Under-covered
2025-11-04,7,26168,12.091666666666667,0.0,7e,Under-covered
2025-11-04,8,13526,12.091666666666667,0.0,8e,Under-covered
2025-11-04,10,13569,12.091666666666667,0.0,10e,Under-covered
2025-11-04,11,25820,12.091666666666667,0.0,11e,Under-covered
2025-11-04,12,23066,12.091666666666667,0.0,12e,Over-covered
2025-11-04,13,27547,12.091666666666667,0.0,13e,Over-covered
2025-11-04,14,15754,12.091666666666667,0.0,14e,Over-covered
2025-11-04,15,21577,12.091666666666667,0.0,15e,Over-covered
2025-11-04,17,5331,12.091666666666667,0.0,17e,Over-covered
2025-11-04,19,22202,12.091666666666667,0.0,19e,Under-covered
2025-11-04,20,5792,12.091666666666667,0.0,20e,Over-covered
2025-11-05,1,10389,13.424999999999999,0.0,1e,Over-covered
2025-11-05,3,28138,13.424999999999999,0.0,3e,Under-covered
2025-11-05,4,15407,13.424999999999999,0.0,4e,Under-covered
2025-11-05,5,7991,13.424999999999999,0.0,5e,Under-covered
2025-11-05,7,25626,13.425,0.0,7e,Under-covered
2025-11-05,8,15813,13.424999999999999,0.0,8e,Under-covered
2025-11-05,10,13701,13.424999999999999,0.0,10e,Under-covered
2025-11-05,11,26287,13.425,0.0,11e,Under-covered
2025-11-05,12,22174,13.424999999999999,0.0,12e,Over-covered
2025-11-05,13,26842,13.425,0.0,13e,Over-covered
2025-11-05,14,14806,13.425,0.0,14e,Over-covered
2025-11-05,15,19006,13.425,0.0,15e,Over-covered
2025-11-05,17,5206,13.424999999999999,0.0,17e,Over-covered
2025-11-05,19,22513,13.424999999999999,0.0,19e,Under-covered
2025-11-05,20,5739,13.425,0.0,20e,Over-covered
2025-11-06,1,9763,12.9375,16.4,1e,Over-covered
2025-11-06,3,27047,12.9375,16.400000000000002,3e,Under-covered
2025-11-06,4,14479,12.9375,16.4,4e,Under-covered
2025-11-06,5,7730,12.9375,8.2,5e,Under-covered
2025-11-06,7,23786,12.9375,28.7,7e,Under-covered
2025-11-06,8,11615,12.9375,16.4,8e,Under-covered
2025-11-06,10,13102,12.9375,8.200000000000001,10e,Under-covered
2025-11-06,11,25056,12.9375,20.5,11e,Under-covered
2025-11-06,12,21460,12.9375,65.6,12e,Over-covered
2025-11-06,13,25478,12.9375,53.3,13e,Over-covered
2025-11-06,14,14329,12.9375,36.9,14e,Over-covered
2025-11-06,15,17120,12.9375,41.0,15e,Over-covered
2025-11-06,17,4974,12.9375,16.4,17e,Over-covered
2025-11-06,19,20791,12.9375,32.8,19e,Under-covered
2025-11-06,20,5396,12.9375,20.5,20e,Over-covered
2025-11-07,1,7722,11.666666666666666,0.8,1e,Over-covered
2025-11-07,3,25371,11.666666666666666,0.8,3e,Under-covered
2025-11-07,4,13699,11.666666666666666,0.8,4e,Under-covered
2025-11-07,5,6992,11.666666666666666,0.4,5e,Under-covered
2025-11-07,7,21299,11.666666666666666,1.4000000000000001,7e,Under-covered
2025-11-07,8,11176,11.666666666666666,0.8,8e,Under-covered
2025-11-07,10,12924,11.666666666666666,0.4,10e,Under-covered
2025-11-07,11,23876,11.666666666666666,1.0,11e,Under-covered
2025-11-07,12,18927,11.666666666666666,3.2,12e,Over-covered
2025-11-07,13,22479,11.666666666666666,2.6,13e,Over-covered
2025-11-07,14,12361,11.666666666666666,1.8,14e,Over-covered
2025-11-07,15,15748,11.666666666666666,2.0,15e,Over-covered
2025-11-07,17,4140,11.666666666666666,0.8,17e,Over-covered
2025-11-07,19,19351,11.666666666666666,1.6,19e,Under-covered
2025-11-07,20,4985,11.666666666666666,1.0,20e,Over-covered
2025-11-08,1,3764,10.8125,2.4000000000000004,1e,Over-covered
2025-11-08,3,19351,10.8125,2.4000000000000004,3e,Under-covered
2025-11-08,4,10368,10.8125,2.4000000000000004,4e,Under-covered
2025-11-08,5,4843,10.8125,1.2000000000000002,5e,Under-covered
2025-11-08,7,13313,10.8125,4.2,7e,Under-covered
2025-11-08,8,6351,10.8125,2.4000000000000004,8e,Under-covered
2025-11-08,10,10291,10.8125,1.2000000000000002,10e,Under-covered
2025-11-08,11,16615,10.8125,3.0,11e,Under-covered
2025-11-08,12,11114,10.8125,9.600000000000001,12e,Over-covered
2025-11-08,13,13777,10.8125,7.800000000000001,13e,Over-covered
2025-11-08,14,6554,10.8125,5.4,14e,Over-covered
2025-11-08,15,8780,10.8125,6.0,15e,Over-covered
2025-11-08,17,2268,10.8125,2.4000000000000004,17e,Over-covered
2025-11-08,19,14281,10.8125,4.800000000000001,19e,Under-covered
2025-11-08,20,3197,10.8125,3.0,20e,Over-covered
2025-11-09,1,4170,9.191666666666666,0.0,1e,Over-covered
2025-11-09,3,15970,9.191666666666666,0.0,3e,Under-covered
2025-11-09,4,8449,9.191666666666666,0.0,4e,Under-covered
2025-11-09,5,4171,9.191666666666666,0.0,5e,Under-covered
2025-11-09,7,12054,9.191666666666666,0.0,7e,Under-covered
2025-11-09,8,6211,9.191666666666666,0.0,8e,Under-covered
2025-11-09,10,8245,9.191666666666666,0.0,10e,Under-covered
2025-11-09,11,12877,9.191666666666666,0.0,11e,Under-covered
2025-11-09,12,10426,9.191666666666666,0.0,12e,Over-covered
2025-11-09,13,12030,9.191666666666666,0.0,13e,Over-covered
2025-11-09,14,5898,9.191666666666666,0.0,14e,Over-covered
2025-11-09,15,8392,9.191666666666666,0.0,15e,Over-covered
2025-11-09,17,2153,9.191666666666666,0.0,17e,Over-covered
2025-11-09,19,13527,9.191666666666666,0.0,19e,Under-covered
2025-11-09,20,3032,9.191666666666666,0.0,20e,Over-covered
2025-11-10,1,6489,9.375,6.0,1e,Over-covered
2025-11-10,3,20198,9.375,6.0,3e,Under-covered
2025-11-10,4,10393,9.375,6.0,4e,Under-covered
2025-11-10,5,5468,9.375,3.0,5e,Under-covered
2025-11-10,7,16814,9.375,10.5,7e,Under-covered
2025-11-10,8,8264,9.375,6.0,8e,Under-covered
2025-11-10,10,9927,9.375,3.0,10e,Under-covered
2025-11-10,11,18444,9.375,7.5,11e,Under-covered
2025-11-10,12,14896,9.375,24.0,12e,Over-covered
2025-11-10,13,18687,9.375,19.5,13e,Over-covered
2025-11-10,14,9466,9.375,13.5,14e,Over-covered
2025-11-10,15,13107,9.375,15.0,15e,Over-covered
2025-11-10,17,3503,9.375,6.0,17e,Over-covered
2025-11-10,19,16165,9.375,12.0,19e,Under-covered
2025-11-10,20,4213,9.375,7.5,20e,Over-covered
2025-11-11,1,4688,11.308333333333332,0.0,1e,Over-covered
2025-11-11,3,18116,11.308333333333332,0.0,3e,Under-covered
2025-11-11,4,10078,11.308333333333332,0.0,4e,Under-covered
2025-11-11,5,4699,11.308333333333332,0.0,5e,Under-covered
2025-11-11,7,14424,11.308333333333334,0.0,7e,Under-covered
2025-11-11,8,7411,11.308333333333332,0.0,8e,Under-covered
2025-11-11,10,9312,11.308333333333332,0.0,10e,Under-covered
2025-11-11,11,16578,11.308333333333334,0.0,11e,Under-covered
2025-11-11,12,11758,11.308333333333332,0.0,12e,Over-covered
2025-11-11,13,13671,11.308333333333334,0.0,13e,Over-covered
2025-11-11,14,6563,11.308333333333334,0.0,14e,Over-covered
2025-11-11,15,9608,11.308333333333334,0.0,15e,Over-covered
2025-11-11,17,2801,11.308333333333332,0.0,17e,Over-covered
2025-11-11,19,14887,11.308333333333332,0.0,19e,Under-covered
2025-11-11,20,3153,11.308333333333334,0.0,20e,Over-covered
2025-11-12,1,10390,11.625,0.0,1e,Over-covered
2025-11-12,3,27345,11.625,0.0,3e,Under-covered
2025-11-12,4,14499,11.625,0.0,4e,Under-covered
2025-11-12,5,7765,11.625,0.0,5e,Under-covered
2025-11-12,7,24673,11.625,0.0,7e,Under-covered
2025-11-12,8,12759,11.625,0.0,8e,Under-covered
2025-11-12,10,12968,11.625,0.0,10e,Under-covered
2025-11-12,11,24828,11.625,0.0,11e,Under-covered
2025-11-12,12,21028,11.625,0.0,12e,Over-covered
2025-11-12,13,26304,11.625,0.0,13e,Over-covered
2025-11-12,14,14270,11.625,0.0,14e,Over-covered
2025-11-12,15,18609,11.625,0.0,15e,Over-covered
2025-11-12,17,4882,11.625,0.0,17e,Over-covered
2025-11-12,19,21322,11.625,0.0,19e,Under-covered
2025-11-12,20,5699,11.625,0.0,20e,Over-covered
2025-11-13,1,11418,14.579166666666666,0.0,1e,Over-covered
2025-11-13,3,30092,14.579166666666666,0.0,3e,Under-covered
2025-11-13,4,11373,14.579166666666666,0.0,4e,Under-covered
2025-11-13,5,9187,14.579166666666666,0.0,5e,Under-covered
2025-11-13,7,27804,14.579166666666667,0.0,7e,Under-covered
2025-11-13,8,14232,14.579166666666666,0.0,8e,Under-covered
2025-11-13,10,13810,14.579166666666666,0.0,10e,Under-covered
2025-11-13,11,24748,14.579166666666667,0.0,11e,Under-covered
2025-11-13,12,22845,14.579166666666666,0.0,12e,Over-covered
2025-11-13,13,27577,14.579166666666666,0.0,13e,Over-covered
2025-11-13,14,15206,14.579166666666666,0.0,14e,Over-covered
2025-11-13,15,19934,14.579166666666667,0.0,15e,Over-covered
2025-11-13,17,5166,14.579166666666666,0.0,17e,Over-covered
2025-11-13,19,21927,14.579166666666666,0.0,19e,Under-covered
2025-11-13,20,5914,14.579166666666667,0.0,20e,Over-covered
2025-11-14,1,8290,15.4375,8.8,1e,Over-covered
2025-11-14,3,27886,15.4375,8.8,3e,Under-covered
2025-11-14,4,14679,15.4375,8.8,4e,Under-covered
2025-11-14,5,7378,15.4375,4.3999999999999995,5e,Under-covered
2025-11-14,7,22933,15.4375,15.4,7e,Under-covered
2025-11-14,8,14415,15.4375,8.8,8e,Under-covered
2025-11-14,10,14088,15.4375,4.4,10e,Under-covered
2025-11-14,11,24810,15.4375,11.0,11e,Under-covered
2025-11-14,12,18796,15.4375,35.2,12e,Over-covered
2025-11-14,13,22805,15.4375,28.6,13e,Over-covered
2025-11-14,14,12719,15.4375,19.8,14e,Over-covered
2025-11-14,15,16203,15.4375,22.0,15e,Over-covered
2025-11-14,17,4470,15.4375,8.8,17e,Over-covered
2025-11-14,19,19821,15.4375,17.6,19e,Under-covered
2025-11-14,20,5292,15.4375,11.0,20e,Over-covered
2025-11-15,1,3143,11.979166666666666,97.2,1e,Over-covered
2025-11-15,3,18716,11.979166666666666,97.2,3e,Under-covered
2025-11-15,4,9767,11.979166666666666,97.2,4e,Under-covered
2025-11-15,5,4672,11.979166666666666,48.6,5e,Under-covered
2025-11-15,7,13512,11.979166666666666,170.1,7e,Under-covered
2025-11-15,8,5413,11.979166666666666,97.2,8e,Under-covered
2025-11-15,10,10327,11.979166666666666,48.6,10e,Under-covered
2025-11-15,11,16737,11.979166666666666,121.5,11e,Under-covered
2025-11-15,12,10491,11.979166666666666,388.8,12e,Over-covered
2025-11-15,13,12997,11.979166666666666,315.9,13e,Over-covered
2025-11-15,14,6430,11.979166666666666,218.7,14e,Over-covered
2025-11-15,15,8761,11.979166666666666,243.0,15e,Over-covered
2025-11-15,17,2248,11.979166666666666,97.2,17e,Over-covered
2025-11-15,19,13959,11.979166666666666,194.4,19e,Under-covered
2025-11-15,20,3188,11.979166666666666,121.5,20e,Over-covered
2025-11-16,1,4658,9.691666666666666,0.4,1e,Over-covered
2025-11-16,3,17626,9.691666666666666,0.4,3e,Under-covered
2025-11-16,4,10026,9.691666666666666,0.4,4e,Under-covered
2025-11-16,5,4408,9.691666666666666,0.2,5e,Under-covered
2025-11-16,7,13874,9.691666666666666,0.7000000000000001,7e,Under-covered
2025-11-16,8,5872,9.691666666666666,0.4,8e,Under-covered
2025-11-16,10,8849,9.691666666666666,0.2,10e,Under-covered
2025-11-16,11,14317,9.691666666666666,0.5,11e,Under-covered
2025-11-16,12,10525,9.691666666666666,1.6,12e,Over-covered
2025-11-16,13,11734,9.691666666666666,1.3,13e,Over-covered
2025-11-16,14,6238,9.691666666666666,0.9,14e,Over-covered
2025-11-16,15,9610,9.691666666666666,1.0,15e,Over-covered
2025-11-16,17,2912,9.691666666666666,0.4,17e,Over-covered
2025-11-16,19,13412,9.691666666666666,0.8,19e,Under-covered
2025-11-16,20,2998,9.691666666666666,0.5,20e,Over-covered
2025-11-17,1,9490,6.3625,4.8,1e,Over-covered
2025-11-17,3,22514,6.3625,4.8,3e,Under-covered
2025-11-17,4,12552,6.3625,4.8,4e,Under-covered
2025-11-17,5,6561,6.3625,2.4,5e,Under-covered
2025-11-17,7,21286,6.362500000000001,8.4,7e,Under-covered
2025-11-17,8,10458,6.3625,4.8,8e,Under-covered
2025-11-17,10,10793,6.3625,2.4,10e,Under-covered
2025-11-17,11,21267,6.3625,6.0,11e,Under-covered
2025-11-17,12,19445,6.3625,19.2,12e,Over-covered
2025-11-17,13,23275,6.3625,15.6,13e,Over-covered
2025-11-17,14,13309,6.3625,10.8,14e,Over-covered
2025-11-17,15,17499,6.3625,12.0,15e,Over-covered
2025-11-17,17,4498,6.3625,4.8,17e,Over-covered
2025-11-17,19,18760,6.3625,9.6,19e,Under-covered
2025-11-17,20,5342,6.3625,6.0,20e,Over-covered
2025-11-18,1,10270,3.8041666666666667,0.0,1e,Over-covered
2025-11-18,3,24892,3.8041666666666667,0.0,3e,Under-covered
2025-11-18,4,14281,3.8041666666666667,0.0,4e,Under-covered
2025-11-18,5,7086,3.8041666666666667,0.0,5e,Under-covered
2025-11-18,7,23843,3.8041666666666667,0.0,7e,Under-covered
2025-11-18,8,11714,3.8041666666666667,0.0,8e,Under-covered
2025-11-18,10,11943,3.8041666666666667,0.0,10e,Under-covered
2025-11-18,11,23891,3.8041666666666667,0.0,11e,Under-covered
2025-11-18,12,20850,3.8041666666666667,0.0,12e,Over-covered
2025-11-18,13,24855,3.804166666666667,0.0,13e,Over-covered
2025-11-18,14,14301,3.8041666666666667,0.0,14e,Over-covered
2025-11-18,15,18997,3.8041666666666667,0.0,15e,Over-covered
2025-11-18,17,4923,3.8041666666666667,0.0,17e,Over-covered
2025-11-18,19,20048,3.8041666666666667,0.0,19e,Under-covered
2025-11-18,20,5476,3.8041666666666667,0.0,20e,Over-covered
2025-11-19,1,6631,5.479166666666667,14.4,1e,Over-covered
2025-11-19,3,18957,5.479166666666667,14.4,3e,Under-covered
2025-11-19,4,9714,5.479166666666667,14.4,4e,Under-covered
2025-11-19,5,5229,5.479166666666667,7.2,5e,Under-covered
2025-11-19,7,15968,5.479166666666667,25.2,7e,Under-covered
2025-11-19,8,7580,5.479166666666667,14.4,8e,Under-covered
2025-11-19,10,9322,5.479166666666667,7.2,10e,Under-covered
2025-11-19,11,17289,5.479166666666667,18.0,11e,Under-covered
2025-11-19,12,15001,5.479166666666667,57.6,12e,Over-covered
2025-11-19,13,18509,5.479166666666667,46.800000000000004,13e,Over-covered
2025-11-19,14,10629,5.479166666666667,32.4,14e,Over-covered
2025-11-19,15,14082,5.479166666666667,36.0,15e,Over-covered
2025-11-19,17,3573,5.479166666666667,14.4,17e,Over-covered
2025-11-19,19,16111,5.479166666666667,28.8,19e,Under-covered
2025-11-19,20,4257,5.479166666666667,18.0,20e,Over-covered
2025-11-20,1,8507,2.3874999999999997,2.0,1e,Over-covered
2025-11-20,3,23227,2.3874999999999997,2.0,3e,Under-covered
2025-11-20,4,13403,2.3874999999999997,2.0,4e,Under-covered
2025-11-20,5,6275,2.3874999999999997,1.0,5e,Under-covered
2025-11-20,7,20894,2.3875,3.5,7e,Under-covered
2025-11-20,8,10282,2.3874999999999997,2.0,8e,Under-covered
2025-11-20,10,11371,2.3874999999999997,1.0,10e,Under-covered
2025-11-20,11,21590,2.3875,2.5,11e,Under-covered
2025-11-20,12,18317,2.3874999999999997,8.0,12e,Over-covered
2025-11-20,13,22481,2.3874999999999997,6.5,13e,Over-covered
2025-11-20,14,12889,2.3875,4.5,14e,Over-covered
2025-11-20,15,14826,2.3954128440366973,4.5,15e,Over-covered
2025-11-20,17,4547,2.3874999999999997,2.0,17e,Over-covered
2025-11-20,19,18670,2.3874999999999997,4.0,19e,Under-covered
2025-11-20,20,5098,2.3875,2.5,20e,Over-covered
2025-11-21,1,5661,1.6166666666666665,1.2000000000000002,1e,Over-covered
2025-11-21,3,19268,1.6166666666666665,1.2000000000000002,3e,Under-covered
2025-11-21,4,10503,1.6166666666666665,1.2000000000000002,4e,Under-covered
2025-11-21,5,5400,1.6166666666666665,0.6000000000000001,5e,Under-covered
2025-11-21,7,16147,1.6166666666666667,2.1,7e,Under-covered
2025-11-21,8,7218,1.6166666666666665,1.2000000000000002,8e,Under-covered
2025-11-21,10,10032,1.6166666666666665,0.6000000000000001,10e,Under-covered
2025-11-21,11,17550,1.6166666666666667,1.5,11e,Under-covered
2025-11-21,12,14248,1.6166666666666665,4.800000000000001,12e,Over-covered
2025-11-21,13,17056,1.6166666666666667,3.9000000000000004,13e,Over-covered
2025-11-21,14,10011,1.6166666666666667,2.7,14e,Over-covered
2025-11-21,15,11158,1.6166666666666667,2.7,15e,Over-covered
2025-11-21,17,3285,1.6166666666666665,1.2000000000000002,17e,Over-covered
2025-11-21,19,15443,1.6166666666666665,2.4000000000000004,19e,Under-covered
2025-11-21,20,4349,1.6166666666666667,1.5,20e,Over-covered
2025-11-22,1,2588,-0.5208333333333334,0.4,1e,Over-covered
2025-11-22,3,14795,-0.5208333333333334,0.4,3e,Under-covered
2025-11-22,4,8296,-0.5208333333333334,0.4,4e,Under-covered
2025-11-22,5,3598,-0.5208333333333334,0.2,5e,Under-covered
2025-11-22,7,9697,-0.5208333333333334,0.7000000000000001,7e,Under-covered
2025-11-22,8,4218,-0.5208333333333334,0.4,8e,Under-covered
2025-11-22,10,8278,-0.5208333333333334,0.2,10e,Under-covered
2025-11-22,11,12562,-0.5208333333333334,0.5,11e,Under-covered
2025-11-22,12,8461,-0.5208333333333334,1.6,12e,Over-covered
2025-11-22,13,10334,-0.5208333333333334,1.3,13e,Over-covered
2025-11-22,14,5297,-0.5208333333333334,0.9,14e,Over-covered
2025-11-22,15,6946,-0.47860262008733623,1.0,15e,Over-covered
2025-11-22,17,1894,-0.5208333333333334,0.4,17e,Over-covered
2025-11-22,19,11992,-0.5208333333333334,0.8,19e,Under-covered
2025-11-22,20,2636,-0.5208333333333334,0.5,20e,Over-covered
2025-11-23,1,1006,3.4791666666666665,66.4,1e,Over-covered
2025-11-23,3,7703,3.4791666666666665,66.4,3e,Under-covered
2025-11-23,4,3956,3.4791666666666665,66.4,4e,Under-covered
2025-11-23,5,1888,3.4791666666666665,33.2,5e,Under-covered
2025-11-23,7,4374,3.4791666666666665,116.2,7e,Under-covered
2025-11-23,8,1890,3.4791666666666665,66.4,8e,Under-covered
2025-11-23,10,4081,3.4791666666666665,33.2,10e,Under-covered
2025-11-23,11,7017,3.4791666666666665,83.0,11e,Under-covered
2025-11-23,12,4447,3.4791666666666665,265.6,12e,Over-covered
2025-11-23,13,5404,3.4791666666666665,215.8,13e,Over-covered
2025-11-23,14,2782,3.4791666666666665,149.4,14e,Over-covered
2025-11-23,15,4001,3.4791666666666665,166.0,15e,Over-covered
2025-11-23,17,952,3.4791666666666665,66.4,17e,Over-covered
2025-11-23,19,7290,3.4791666666666665,132.8,19e,Under-covered
2025-11-23,20,1468,3.4791666666666665,83.0,20e,Over-covered
2025-11-24,1,8034,7.095833333333334,6.4,1e,Over-covered
2025-11-24,3,19939,7.095833333333334,6.4,3e,Under-covered
2025-11-24,4,10665,7.095833333333334,6.4,4e,Under-covered
2025-11-24,5,5820,7.095833333333334,3.2,5e,Under-covered
2025-11-24,7,18416,7.095833333333334,11.200000000000001,7e,Under-covered
2025-11-24,8,8836,7.095833333333334,6.4,8e,Under-covered
2025-11-24,10,9188,7.095833333333334,3.2,10e,Under-covered
2025-11-24,11,18647,7.095833333333333,8.0,11e,Under-covered
2025-11-24,12,16985,7.095833333333334,25.6,12e,Over-covered
2025-11-24,13,20446,7.095833333333333,20.8,13e,Over-covered
2025-11-24,14,11821,7.095833333333333,14.4,14e,Over-covered
2025-11-24,15,15745,7.095833333333333,16.0,15e,Over-covered
2025-11-24,17,3695,7.095833333333334,6.4,17e,Over-covered
2025-11-24,19,16610,7.095833333333334,12.8,19e,Under-covered
2025-11-24,20,4632,7.095833333333333,8.0,20e,Over-covered
2025-11-25,1,7861,5.8125,3.2,1e,Over-covered
2025-11-25,3,21266,5.8125,3.2,3e,Under-covered
2025-11-25,4,11702,5.8125,3.2,4e,Under-covered
2025-11-25,5,6339,5.8125,1.6,5e,Under-covered
2025-11-25,7,19160,5.8125,5.6000000000000005,7e,Under-covered
2025-11-25,8,9481,5.8125,3.2,8e,Under-covered
2025-11-25,10,10015,5.8125,1.6,10e,Under-covered
2025-11-25,11,19899,5.8125,4.0,11e,Under-covered
2025-11-25,12,17286,5.8125,12.8,12e,Over-covered
2025-11-25,13,20470,5.8125,10.4,13e,Over-covered
2025-11-25,14,12198,5.8125,7.2,14e,Over-covered
2025-11-25,15,15024,5.8125,8.0,15e,Over-covered
2025-11-25,17,3815,5.8125,3.2,17e,Over-covered
2025-11-25,19,17301,5.8125,6.4,19e,Under-covered
2025-11-25,20,4759,5.8125,4.0,20e,Over-covered
2025-11-26,1,9164,4.675,0.8,1e,Over-covered
2025-11-26,3,23271,4.675,0.8,3e,Under-covered
2025-11-26,4,13616,4.675,0.8,4e,Under-covered
2025-11-26,5,6866,4.675,0.4,5e,Under-covered
2025-11-26,7,21752,4.675,1.4000000000000001,7e,Under-covered
2025-11-26,8,10768,4.675,0.8,8e,Under-covered
2025-11-26,10,11418,4.675,0.4,10e,Under-covered
2025-11-26,11,22578,4.675,1.0,11e,Under-covered
2025-11-26,12,18836,4.675,3.2,12e,Over-covered
2025-11-26,13,22901,4.675,2.6,13e,Over-covered
2025-11-26,14,12694,4.675,1.8,14e,Over-covered
2025-11-26,15,16396,4.675,2.0,15e,Over-covered
2025-11-26,17,4309,4.675,0.8,17e,Over-covered
2025-11-26,19,18855,4.675,1.6,19e,Under-covered
2025-11-26,20,5132,4.675,1.0,20e,Over-covered
2025-11-27,1,7878,5.3500000000000005,0.0,1e,Over-covered
2025-11-27,3,21558,5.3500000000000005,0.0,3e,Under-covered
2025-11-27,4,11738,5.3500000000000005,0.0,4e,Under-covered
2025-11-27,5,5995,5.3500000000000005,0.0,5e,Under-covered
2025-11-27,7,19302,5.35,0.0,7e,Under-covered
2025-11-27,8,9472,5.3500000000000005,0.0,8e,Under-covered
2025-11-27,10,10752,5.3500000000000005,0.0,10e,Under-covered
2025-11-27,11,20269,5.35,0.0,11e,Under-covered
2025-11-27,12,17059,5.3500000000000005,0.0,12e,Over-covered
2025-11-27,13,20763,5.3500000000000005,0.0,13e,Over-covered
2025-11-27,14,11979,5.35,0.0,14e,Over-covered
2025-11-27,15,14666,5.35,0.0,15e,Over-covered
2025-11-27,17,3845,5.3500000000000005,0.0,17e,Over-covered
2025-11-27,19,17223,5.3500000000000005,0.0,19e,Under-covered
2025-11-27,20,4583,5.35,0.0,20e,Over-covered
2025-11-28,1,5311,8.945833333333333,42.4,1e,Over-covered
2025-11-28,3,19377,8.945833333333333,42.4,3e,Under-covered
2025-11-28,4,9796,8.945833333333333,42.4,4e,Under-covered
2025-11-28,5,5109,8.945833333333333,21.2,5e,Under-covered
2025-11-28,7,15255,8.945833333333335,74.2,7e,Under-covered
2025-11-28,8,7226,8.945833333333333,42.4,8e,Under-covered
2025-11-28,10,9919,8.945833333333333,21.2,10e,Under-covered
2025-11-28,11,18117,8.945833333333333,53.0,11e,Under-covered
2025-11-28,12,14092,8.945833333333333,169.6,12e,Over-covered
2025-11-28,13,17097,8.945833333333333,137.8,13e,Over-covered
2025-11-28,14,9716,8.945833333333333,95.39999999999999,14e,Over-covered
2025-11-28,15,12285,8.945833333333333,106.0,15e,Over-covered
2025-11-28,17,3119,8.945833333333333,42.4,17e,Over-covered
2025-11-28,19,15345,8.945833333333333,84.8,19e,Under-covered
2025-11-28,20,4354,8.945833333333333,53.0,20e,Over-covered
2025-11-29,1,2711,9.491666666666667,22.0,1e,Over-covered
2025-11-29,3,15344,9.491666666666667,22.0,3e,Under-covered
2025-11-29,4,8154,9.491666666666667,22.0,4e,Under-covered
2025-11-29,5,3806,9.491666666666667,11.0,5e,Under-covered
2025-11-29,7,9653,9.491666666666665,38.5,7e,Under-covered
2025-11-29,8,4577,9.491666666666667,22.0,8e,Under-covered
2025-11-29,10,8294,9.491666666666667,11.0,10e,Under-covered
2025-11-29,11,12605,9.491666666666667,27.5,11e,Under-covered
2025-11-29,12,8860,9.491666666666667,88.0,12e,Over-covered
2025-11-29,13,11041,9.491666666666667,71.5,13e,Over-covered
2025-11-29,14,5246,9.491666666666665,49.5,14e,Over-covered
2025-11-29,15,7060,9.491666666666667,55.0,15e,Over-covered
2025-11-29,17,1987,9.491666666666667,22.0,17e,Over-covered
2025-11-29,19,11858,9.491666666666667,44.0,19e,Under-covered
2025-11-29,20,2885,9.491666666666667,27.5,20e,Over-covered
2025-11-30,1,3639,6.229166666666667,0.8,1e,Over-covered
2025-11-30,3,15304,6.229166666666667,0.8,3e,Under-covered
2025-11-30,4,9667,6.229166666666667,0.8,4e,Under-covered
2025-11-30,5,4191,6.229166666666667,0.4,5e,Under-covered
2025-11-30,7,11325,6.229166666666667,1.4000000000000001,7e,Under-covered
2025-11-30,8,5482,6.229166666666667,0.8,8e,Under-covered
2025-11-30,10,8243,6.229166666666667,0.4,10e,Under-covered
2025-11-30,11,13395,6.229166666666667,1.0,11e,Under-covered
2025-11-30,12,10155,6.229166666666667,3.2,12e,Over-covered
2025-11-30,13,11161,6.229166666666667,2.6,13e,Over-covered
2025-11-30,14,5605,6.229166666666667,1.8,14e,Over-covered
2025-11-30,15,7953,6.229166666666667,2.0,15e,Over-covered
2025-11-30,17,2108,6.229166666666667,0.8,17e,Over-covered
2025-11-30,19,13251,6.229166666666667,1.6,19e,Under-covered
2025-11-30,20,3029,6.229166666666667,1.0,20e,Over-covered
2025-12-01,1,8375,4.639130434782609,0.0,1e,Over-covered
2025-12-01,3,20563,4.639130434782609,0.0,3e,Under-covered
2025-12-01,4,11675,4.639130434782609,0.0,4e,Under-covered
2025-12-01,5,5885,4.639130434782609,0.0,5e,Under-covered
2025-12-01,7,19035,4.70722891566265,0.0,7e,Under-covered
2025-12-01,8,9374,4.639130434782609,0.0,8e,Under-covered
2025-12-01,10,10044,4.639130434782609,0.0,10e,Under-covered
2025-12-01,11,19977,4.639130434782609,0.0,11e,Under-covered
2025-12-01,12,18030,4.639130434782609,0.0,12e,Over-covered
2025-12-01,13,21837,4.66158940397351,0.0,13e,Over-covered
2025-12-01,14,12319,4.639130434782609,0.0,14e,Over-covered
2025-12-01,15,15504,4.648917748917749,0.0,15e,Over-covered
2025-12-01,17,4070,4.687234042553191,0.0,17e,Over-covered
2025-12-01,19,17693,4.639130434782609,0.0,19e,Under-covered
2025-12-01,20,4713,4.639130434782609,0.0,20e,Over-covered
2025-12-02,1,9163,8.144186046511628,1.6,1e,Over-covered
2025-12-02,3,23882,8.16904761904762,1.6,3e,Under-covered
2025-12-02,4,13325,8.195121951219512,1.6,4e,Under-covered
2025-12-02,5,6909,8.078260869565218,0.8,5e,Under-covered
2025-12-02,7,22555,8.102484472049689,2.8000000000000003,7e,Under-covered
2025-12-02,8,10861,8.133333333333333,1.6,8e,Under-covered
2025-12-02,10,11301,8.22,0.8,10e,Under-covered
2025-12-02,11,22031,8.20990099009901,2.0,11e,Under-covered
2025-12-02,12,19316,8.197553516819571,6.4,12e,Over-covered
2025-12-02,13,23135,8.13006993006993,5.2,13e,Over-covered
2025-12-02,14,13310,8.16984126984127,3.6,14e,Over-covered
2025-12-02,15,17096,8.193658536585366,4.0,15e,Over-covered
2025-12-02,17,4420,8.105494505494505,1.6,17e,Over-covered
2025-12-02,19,18570,8.187878787878788,3.2,19e,Under-covered
2025-12-02,20,4905,8.190291262135922,2.0,20e,Over-covered
2025-12-03,1,8808,7.82093023255814,0.0,1e,Over-covered
2025-12-03,3,24264,7.821428571428571,0.0,3e,Under-covered
2025-12-03,4,13679,7.81951219512195,0.0,4e,Under-covered
2025-12-03,5,6781,7.826086956521739,0.0,5e,Under-covered
2025-12-03,7,22548,7.761490683229813,0.0,7e,Under-covered
2025-12-03,8,10727,7.824137931034482,0.0,8e,Under-covered
2025-12-03,10,11743,7.8149999999999995,0.0,10e,Under-covered
2025-12-03,11,22303,7.816831683168317,0.0,11e,Under-covered
2025-12-03,12,19046,7.818348623853211,0.0,12e,Over-covered
2025-12-03,13,23059,7.802797202797202,0.0,13e,Over-covered
2025-12-03,14,12728,7.821693121693121,0.0,14e,Over-covered
2025-12-03,15,16780,7.80780487804878,0.0,15e,Over-covered
2025-12-03,17,4476,7.779120879120879,0.0,17e,Over-covered
2025-12-03,19,19111,7.819393939393939,0.0,19e,Under-covered
2025-12-03,20,4832,7.820388349514563,0.0,20e,Over-covered
2025-12-04,1,7861,6.504651162790697,9.2,1e,Over-covered
2025-12-04,3,23210,6.535714285714286,9.2,3e,Under-covered
2025-12-04,4,12355,6.568292682926829,9.2,4e,Under-covered
2025-12-04,5,6413,6.421739130434782,4.6,5e,Under-covered
2025-12-04,7,20217,6.3776397515527945,16.1,7e,Under-covered
2025-12-04,8,9561,6.49080459770115,9.2,8e,Under-covered
2025-12-04,10,11047,6.6,4.6,10e,Under-covered
2025-12-04,11,20536,6.587128712871286,11.5,11e,Under-covered
2025-12-04,12,17718,6.571559633027523,36.8,12e,Over-covered
2025-12-04,13,21345,6.461538461538462,29.9,13e,Over-covered
2025-12-04,14,12035,6.5365079365079355,20.7,14e,Over-covered
2025-12-04,15,15028,6.553398058252427,23.0,15e,Over-covered
2025-12-04,17,3938,6.403296703296703,9.2,17e,Over-covered
2025-12-04,19,17543,6.5593939393939396,18.4,19e,Under-covered
2025-12-04,20,4598,6.562135922330097,11.5,20e,Over-covered
2025-12-05,1,6632,3.730232558139535,6.0,1e,Over-covered
2025-12-05,3,21104,3.7404761904761905,6.0,3e,Under-covered
2025-12-05,4,11599,3.753658536585366,6.0,4e,Under-covered
2025-12-05,5,5991,3.6739130434782608,3.0,5e,Under-covered
2025-12-05,7,18474,3.769565217391304,14.5,7e,Under-covered
2025-12-05,8,8371,3.710344827586207,6.0,8e,Under-covered
2025-12-05,10,10210,3.7950000000000004,3.0,10e,Under-covered
2025-12-05,11,19681,3.7782178217821785,7.5,11e,Under-covered
2025-12-05,12,15354,3.7654434250764526,24.0,12e,Over-covered
2025-12-05,13,18652,3.734265734265734,21.9,13e,Over-covered
2025-12-05,14,10321,3.732275132275132,13.5,14e,Over-covered
2025-12-05,15,13615,3.770243902439024,15.0,15e,Over-covered
2025-12-05,17,3408,3.7538461538461543,7.6000000000000005,17e,Over-covered
2025-12-05,19,16255,3.756969696969697,12.0,19e,Under-covered
2025-12-05,20,4090,3.745631067961165,7.5,20e,Over-covered
2025-12-06,1,3861,10.065116279069768,5.0,1e,Over-covered
2025-12-06,3,18494,10.154761904761905,4.8,3e,Under-covered
2025-12-06,4,10697,10.226829268292683,4.6,4e,Under-covered
2025-12-06,5,4544,9.869565217391305,2.8,5e,Under-covered
2025-12-06,7,14351,9.970807453416148,9.8,7e,Under-covered
2025-12-06,8,6143,10.048275862068966,5.1,8e,Under-covered
2025-12-06,10,9654,10.290000000000001,2.2,10e,Under-covered
2025-12-06,11,15091,10.264356435643565,5.6000000000000005,11e,Under-covered
2025-12-06,12,10794,10.231498470948011,18.3,12e,Over-covered
2025-12-06,13,13377,10.045454545454545,16.9,13e,Over-covered
2025-12-06,14,6440,10.153968253968253,10.8,14e,Over-covered
2025-12-06,15,9981,10.234313725490196,11.4,15e,Over-covered
2025-12-06,17,2378,9.96923076923077,5.5,17e,Over-covered
2025-12-06,19,13353,10.205454545454547,9.3,19e,Under-covered
2025-12-06,20,3008,10.214563106796115,5.8,20e,Over-covered
2025-12-07,1,1375,12.609302325581396,36.4,1e,Over-covered
2025-12-07,3,9638,12.661904761904761,36.4,3e,Under-covered
2025-12-07,4,4783,12.71951219512195,36.4,4e,Under-covered
2025-12-07,5,2414,12.452173913043477,18.2,5e,Under-covered
2025-12-07,7,6859,12.58695652173913,63.699999999999996,7e,Under-covered
2025-12-07,8,2459,12.577011494252874,36.4,8e,Under-covered
2025-12-07,10,4872,12.790000000000001,18.2,10e,Under-covered
2025-12-07,11,7990,12.761386138613862,45.5,11e,Under-covered
2025-12-07,12,5627,12.73058103975535,145.6,12e,Over-covered
2025-12-07,13,7107,12.596153846153847,118.3,13e,Over-covered
2025-12-07,14,3493,12.659259259259258,81.89999999999999,14e,Over-covered
2025-12-07,15,4675,12.737254901960785,91.0,15e,Over-covered
2025-12-07,17,1318,12.573626373626373,36.4,17e,Over-covered
2025-12-07,19,8301,12.707272727272727,72.8,19e,Under-covered
2025-12-07,20,1722,12.705825242718447,45.5,20e,Over-covered
2025-12-08,1,8927,14.162790697674419,4.6000000000000005,1e,Over-covered
2025-12-08,3,22576,14.152380952380952,4.6000000000000005,3e,Under-covered
2025-12-08,4,12244,14.141463414634146,4.4,4e,Under-covered
2025-12-08,5,6497,14.18695652173913,2.4000000000000004,5e,Under-covered
2025-12-08,7,21270,14.079503105590064,8.200000000000001,7e,Under-covered
2025-12-08,8,10286,14.16551724137931,4.7,8e,Under-covered
2025-12-08,10,10795,14.135,2.2,10e,Under-covered
2025-12-08,11,20585,14.137623762376238,5.5,11e,Under-covered
2025-12-08,12,18633,14.141896024464831,17.8,12e,Over-covered
2025-12-08,13,22333,14.133566433566433,15.200000000000001,13e,Over-covered
2025-12-08,14,12634,14.15079365079365,10.100000000000001,14e,Over-covered
2025-12-08,15,16572,14.142156862745098,11.200000000000001,15e,Over-covered
2025-12-08,17,4249,14.107692307692307,4.700000000000001,17e,Over-covered
2025-12-08,19,18046,14.145454545454545,9.0,19e,Under-covered
2025-12-08,20,4621,14.142718446601942,5.5,20e,Over-covered
2025-12-09,1,10245,11.867441860465117,1.2000000000000002,1e,Over-covered
2025-12-09,3,25933,11.902380952380952,1.2000000000000002,3e,Under-covered
2025-12-09,4,15031,11.921951219512195,1.2000000000000002,4e,Under-covered
2025-12-09,5,7520,11.786956521739132,0.6000000000000001,5e,Under-covered
2025-12-09,7,24340,11.865217391304348,3.1,7e,Under-covered
2025-12-09,8,11991,11.858620689655172,1.2000000000000002,8e,Under-covered
2025-12-09,10,12298,11.959999999999999,0.6000000000000001,10e,Under-covered
2025-12-09,11,23678,11.944554455445546,1.5,11e,Under-covered
2025-12-09,12,20925,11.930886850152906,4.800000000000001,12e,Over-covered
2025-12-09,13,25010,11.86958041958042,4.5,13e,Over-covered
2025-12-09,14,14088,11.893121693121694,2.7,14e,Over-covered
2025-12-09,15,19526,11.936274509803921,3.0,15e,Over-covered
2025-12-09,17,4880,11.856043956043957,1.6,17e,Over-covered
2025-12-09,19,20391,11.921212121212122,2.4000000000000004,19e,Under-covered
2025-12-09,20,5150,11.914563106796116,1.5,20e,Over-covered
2025-12-10,1,8820,11.88139534883721,0.4,1e,Over-covered
2025-12-10,3,25870,11.852380952380953,0.4,3e,Under-covered
2025-12-10,4,14337,11.84390243902439,0.4,4e,Under-covered
2025-12-10,5,7148,11.921739130434782,0.2,5e,Under-covered
2025-12-10,7,24473,11.786335403726708,0.7000000000000001,7e,Under-covered
2025-12-10,8,11223,11.87471264367816,0.4,8e,Under-covered
2025-12-10,10,12600,11.834999999999999,0.2,10e,Under-covered
2025-12-10,11,22907,11.83861386138614,0.5,11e,Under-covered
2025-12-10,12,19491,11.842813455657492,1.6,12e,Over-covered
2025-12-10,13,22542,11.838811188811189,1.3,13e,Over-covered
2025-12-10,14,12811,11.857142857142858,0.9,14e,Over-covered
2025-12-10,15,17851,11.8421568627451,1.0,15e,Over-covered
2025-12-10,17,4561,11.820879120879122,0.4,17e,Over-covered
2025-12-10,19,19344,11.846060606060606,0.8,19e,Under-covered
2025-12-10,20,4636,11.845631067961165,0.5,20e,Over-covered
2025-12-11,1,9143,7.646511627906977,0.8,1e,Over-covered
2025-12-11,3,25253,7.654761904761905,0.8,3e,Under-covered
2025-12-11,4,14206,7.6780487804878055,0.8,4e,Under-covered
2025-12-11,5,7001,7.578260869565218,0.4,5e,Under-covered
2025-12-11,7,23606,7.685093167701863,1.4000000000000001,7e,Under-covered
2025-12-11,8,11249,7.6183908045977,0.8,8e,Under-covered
2025-12-11,10,12212,7.725,0.4,10e,Under-covered
2025-12-11,11,22476,7.705940594059405,1.0,11e,Under-covered
2025-12-11,12,19045,7.689296636085627,3.2,12e,Over-covered
2025-12-11,13,22488,7.6454545454545455,2.6,13e,Over-covered
2025-12-11,14,12823,7.650793650793651,1.8,14e,Over-covered
2025-12-11,15,15420,7.816326530612245,2.0,15e,Over-covered
2025-12-11,17,4622,7.6681318681318675,0.8,17e,Over-covered
2025-12-11,19,18682,7.677575757575758,1.6,19e,Under-covered
2025-12-11,20,4735,7.668932038834951,1.0,20e,Over-covered
2025-12-12,1,7327,9.504651162790697,0.0,1e,Over-covered
2025-12-12,3,23935,9.49047619047619,0.0,3e,Under-covered
2025-12-12,4,13618,9.482926829268292,0.0,4e,Under-covered
2025-12-12,5,6429,9.521739130434783,0.0,5e,Under-covered
2025-12-12,7,21285,9.414906832298136,0.0,7e,Under-covered
2025-12-12,8,9651,9.5,0.0,8e,Under-covered
2025-12-12,10,11973,9.485,0.0,10e,Under-covered
2025-12-12,11,20893,9.484158415841584,0.0,11e,Under-covered
2025-12-12,12,17095,9.485626911314986,0.0,12e,Over-covered
2025-12-12,13,20469,9.478947368421053,0.0,13e,Over-covered
2025-12-12,14,11468,9.488888888888889,0.0,14e,Over-covered
2025-12-12,15,14750,9.475242718446603,0.0,15e,Over-covered
2025-12-12,17,3902,9.445054945054945,0.0,17e,Over-covered
2025-12-12,19,17412,9.487272727272728,0.0,19e,Under-covered
2025-12-12,20,4427,9.48252427184466,0.0,20e,Over-covered
2025-12-13,1,4032,8.30232558139535,0.0,1e,Over-covered
2025-12-13,3,20608,8.352380952380953,0.0,3e,Under-covered
2025-12-13,4,11649,8.37560975609756,0.0,4e,Under-covered
2025-12-13,5,5061,8.234782608695653,0.0,5e,Under-covered
2025-12-13,7,15854,8.241614906832298,0.0,7e,Under-covered
2025-12-13,8,6629,8.314942528735632,0.0,8e,Under-covered
2025-12-13,10,10739,8.379999999999999,0.0,10e,Under-covered
2025-12-13,11,17192,8.37821782178218,0.0,11e,Under-covered
2025-12-13,12,11154,8.371253822629969,0.0,12e,Over-covered
2025-12-13,13,14474,8.315194346289752,0.0,13e,Over-covered
2025-12-13,14,6741,8.352380952380951,0.0,14e,Over-covered
2025-12-13,15,9589,8.352912621359224,0.0,15e,Over-covered
2025-12-13,17,2544,8.246153846153845,0.0,17e,Over-covered
2025-12-13,19,14192,8.364848484848485,0.0,19e,Under-covered
2025-12-13,20,3071,8.374757281553398,0.0,20e,Over-covered
2025-12-14,1,3417,6.590697674418604,0.0,1e,Over-covered
2025-12-14,3,14676,6.578571428571429,0.0,3e,Under-covered
2025-12-14,4,8561,6.565853658536585,0.0,4e,Under-covered
2025-12-14,5,3778,6.621739130434783,0.0,5e,Under-covered
2025-12-14,7,11183,6.588198757763975,0.0,7e,Under-covered
2025-12-14,8,5033,6.5954022988505745,0.0,8e,Under-covered
2025-12-14,10,7289,6.555,0.0,10e,Under-covered
2025-12-14,11,12567,6.5594059405940595,0.0,11e,Under-covered
2025-12-14,12,8753,6.5651376146789,0.0,12e,Over-covered
2025-12-14,13,10116,6.587985865724382,0.0,13e,Over-covered
2025-12-14,14,5318,6.577777777777778,0.0,14e,Over-covered
2025-12-14,15,7714,6.5645631067961165,0.0,15e,Over-covered
2025-12-14,17,2027,6.593406593406593,0.0,17e,Over-covered
2025-12-14,19,11689,6.569696969696969,0.0,19e,Under-covered
2025-12-14,20,2394,6.567961165048544,0.0,20e,Over-covered
2025-12-15,1,9179,7.702325581395349,0.0,1e,Over-covered
2025-12-15,3,22537,7.742857142857143,0.0,3e,Under-covered
2025-12-15,4,12720,7.804878048780488,0.0,4e,Under-covered
2025-12-15,5,6520,7.556521739130435,0.0,5e,Under-covered
2025-12-15,7,22143,7.701863354037267,0.0,7e,Under-covered
2025-12-15,8,10664,7.6643678160919535,0.0,8e,Under-covered
2025-12-15,10,10810,7.87,0.0,10e,Under-covered
2025-12-15,11,21045,7.843564356435644,0.0,11e,Under-covered
2025-12-15,12,18630,7.812844036697248,0.0,12e,Over-covered
2025-12-15,13,22336,7.6968197879858655,0.0,13e,Over-covered
2025-12-15,14,12509,7.747089947089948,0.0,14e,Over-covered
2025-12-15,15,16901,7.820388349514563,0.0,15e,Over-covered
2025-12-15,17,4459,7.683516483516484,0.0,17e,Over-covered
2025-12-15,19,18017,7.789090909090909,0.0,19e,Under-covered
2025-12-15,20,4593,7.792233009708738,0.0,20e,Over-covered
2025-12-16,1,10151,10.188372093023256,0.0,1e,Over-covered
2025-12-16,3,26175,10.211904761904762,0.0,3e,Under-covered
2025-12-16,4,15324,10.22439024390244,0.0,4e,Under-covered
2025-12-16,5,7485,10.143478260869566,0.0,5e,Under-covered
2025-12-16,7,25426,10.100621118012423,0.0,7e,Under-covered
2025-12-16,8,12604,10.18735632183908,0.0,8e,Under-covered
2025-12-16,10,12319,10.24,0.0,10e,Under-covered
2025-12-16,11,22474,10.233663366336632,0.0,11e,Under-covered
2025-12-16,12,20688,10.22691131498471,0.0,12e,Over-covered
2025-12-16,13,24150,10.175971731448763,0.0,13e,Over-covered
2025-12-16,14,13650,10.208465608465609,0.0,14e,Over-covered
2025-12-16,15,18545,10.213106796116506,0.0,15e,Over-covered
2025-12-16,17,4875,10.11978021978022,0.0,17e,Over-covered
2025-12-16,19,19786,10.22181818181818,0.0,19e,Under-covered
2025-12-16,20,5061,10.22135922330097,0.0,20e,Over-covered
2025-12-17,1,8886,8.455813953488372,0.0,1e,Over-covered
2025-12-17,3,25596,8.473809523809523,0.0,3e,Under-covered
2025-12-17,4,14595,8.492682926829268,0.0,4e,Under-covered
2025-12-17,5,6971,8.417391304347825,0.0,5e,Under-covered
2025-12-17,7,23915,8.38944099378882,0.0,7e,Under-covered
2025-12-17,8,11361,8.452873563218391,0.0,8e,Under-covered
2025-12-17,10,12032,8.5,0.0,10e,Under-covered
2025-12-17,11,22825,8.497029702970298,0.0,11e,Under-covered
2025-12-17,12,19357,8.49051987767584,0.0,12e,Over-covered
2025-12-17,13,23087,8.446996466431095,0.0,13e,Over-covered
2025-12-17,14,12449,8.477777777777778,0.0,14e,Over-covered
2025-12-17,15,17004,8.477669902912622,0.0,15e,Over-covered
2025-12-17,17,4560,8.402197802197803,0.0,17e,Over-covered
2025-12-17,19,19354,8.484848484848484,0.0,19e,Under-covered
2025-12-17,20,4629,8.49126213592233,0.0,20e,Over-covered
2025-12-18,1,9308,11.116279069767442,0.0,1e,Over-covered
2025-12-18,3,26815,11.22857142857143,0.0,3e,Under-covered
2025-12-18,4,14991,11.334146341463414,0.0,4e,Under-covered
2025-12-18,5,7257,10.843478260869565,0.0,5e,Under-covered
2025-12-18,7,24794,11.038509316770186,0.5,7e,Under-covered
2025-12-18,8,11815,11.080459770114942,0.0,8e,Under-covered
2025-12-18,10,12149,11.43,0.0,10e,Under-covered
2025-12-18,11,23586,11.391089108910892,0.0,11e,Under-covered
2025-12-18,12,19081,11.342201834862385,0.0,12e,Over-covered
2025-12-18,13,22825,11.12155477031802,0.2,13e,Over-covered
2025-12-18,14,12906,11.230687830687831,0.0,14e,Over-covered
2025-12-18,15,17826,11.331553398058253,0.1,15e,Over-covered
2025-12-18,17,4732,11.021978021978022,0.2,17e,Over-covered
2025-12-18,19,19373,11.303636363636363,0.0,19e,Under-covered
2025-12-18,20,4645,11.315533980582524,0.0,20e,Over-covered
2025-12-19,1,6040,10.258139534883721,20.6,1e,Over-covered
2025-12-19,3,22115,10.197619047619048,20.2,3e,Under-covered
2025-12-19,4,12340,10.146341463414634,19.6,4e,Under-covered
2025-12-19,5,5894,10.4,11.2,5e,Under-covered
2025-12-19,7,18884,10.236024844720497,37.8,7e,Under-covered
2025-12-19,8,8588,10.27471264367816,21.1,8e,Under-covered
2025-12-19,10,11077,10.095,9.4,10e,Under-covered
2025-12-19,11,19643,10.115841584158416,23.9,11e,Under-covered
2025-12-19,12,14612,10.140672782874617,77.8,12e,Over-covered
2025-12-19,13,17401,10.239929328621908,68.1,13e,Over-covered
2025-12-19,14,9881,10.1994708994709,45.5,14e,Over-covered
2025-12-19,15,13158,10.135922330097088,48.6,15e,Over-covered
2025-12-19,17,3623,10.262637362637362,21.5,17e,Over-covered
2025-12-19,19,15706,10.16,39.4,19e,Under-covered
2025-12-19,20,3899,10.15631067961165,24.7,20e,Over-covered
2025-12-20,1,2343,8.230232558139534,9.200000000000001,1e,Over-covered
2025-12-20,3,14272,8.266666666666666,9.200000000000001,3e,Under-covered
2025-12-20,4,7567,8.302439024390244,9.2,4e,Under-covered
2025-12-20,5,3504,8.134782608695652,4.6000000000000005,5e,Under-covered
2025-12-20,7,9715,8.198136645962734,16.1,7e,Under-covered
2025-12-20,8,3935,8.214942528735632,9.200000000000001,8e,Under-covered
2025-12-20,10,7106,8.34,4.6000000000000005,10e,Under-covered
2025-12-20,11,11844,8.324752475247525,11.5,11e,Under-covered
2025-12-20,12,7804,8.30703363914373,36.800000000000004,12e,Over-covered
2025-12-20,13,9916,8.22791519434629,29.900000000000002,13e,Over-covered
2025-12-20,14,4569,8.266137566137566,20.7,14e,Over-covered
2025-12-20,15,6685,8.304368932038836,23.0,15e,Over-covered
2025-12-20,17,1786,8.194505494505496,9.200000000000001,17e,Over-covered
2025-12-20,19,10061,8.293333333333333,18.400000000000002,19e,Under-covered
2025-12-20,20,2208,8.29514563106796,11.5,20e,Over-covered
2025-12-21,1,1087,9.553488372093023,63.2,1e,Over-covered
2025-12-21,3,6730,9.573809523809524,63.2,3e,Under-covered
2025-12-21,4,3400,9.582926829268292,63.2,4e,Under-covered
2025-12-21,5,1835,9.517391304347827,31.6,5e,Under-covered
2025-12-21,7,4456,9.545962732919255,110.6,7e,Under-covered
2025-12-21,8,1889,9.554022988505748,63.2,8e,Under-covered
2025-12-21,10,3174,9.595,31.6,10e,Under-covered
2025-12-21,11,5741,9.59009900990099,79.0,11e,Under-covered
2025-12-21,12,4314,9.585015290519879,252.8,12e,Over-covered
2025-12-21,13,5015,9.559010600706713,205.4,13e,Over-covered
2025-12-21,14,2479,9.57037037037037,142.2,14e,Over-covered
2025-12-21,15,3473,9.583495145631067,158.0,15e,Over-covered
2025-12-21,17,1022,9.542857142857143,63.2,17e,Over-covered
2025-12-21,19,6105,9.581212121212122,126.4,19e,Under-covered
2025-12-21,20,1243,9.580582524271843,79.0,20e,Over-covered
2025-12-22,1,5413,8.927906976744186,0.8,1e,Over-covered
2025-12-22,3,15601,8.911904761904761,0.8,3e,Under-covered
2025-12-22,4,10108,8.86829268292683,0.8,4e,Under-covered
2025-12-22,5,4086,9.01304347826087,0.4,5e,Under-covered
2025-12-22,7,14735,8.950931677018634,1.4000000000000001,7e,Under-covered
2025-12-22,8,7203,8.957471264367816,0.8,8e,Under-covered
2025-12-22,10,7351,8.83,0.4,10e,Under-covered
2025-12-22,11,13562,8.845544554455445,1.0,11e,Under-covered
2025-12-22,12,11767,8.865443425076453,3.2,12e,Over-covered
2025-12-22,13,13813,8.942049469964664,2.6,13e,Over-covered
2025-12-22,14,7295,8.903703703703703,1.8,14e,Over-covered
2025-12-22,15,10473,8.864077669902912,2.0,15e,Over-covered
2025-12-22,17,2813,8.954945054945055,0.8,17e,Over-covered
2025-12-22,19,12014,8.881212121212121,1.6,19e,Under-covered
2025-12-22,20,2805,8.875728155339806,1.0,20e,Over-covered
2025-12-23,1,4172,4.772093023255814,0.0,1e,Over-covered
2025-12-23,3,13154,4.707142857142857,0.0,3e,Under-covered
2025-12-23,4,8193,4.624390243902439,0.0,4e,Under-covered
2025-12-23,5,3494,4.969565217391304,0.0,5e,Under-covered
2025-12-23,7,11978,4.8577639751552795,0.0,7e,Under-covered
2025-12-23,8,5667,4.813793103448276,0.0,8e,Under-covered
2025-12-23,10,6112,4.545,0.0,10e,Under-covered
2025-12-23,11,11251,4.577227722772277,0.0,11e,Under-covered
2025-12-23,12,9810,4.61651376146789,0.0,12e,Over-covered
2025-12-23,13,11722,4.78939929328622,0.0,13e,Over-covered
2025-12-23,14,6194,4.701587301587302,0.0,14e,Over-covered
2025-12-23,15,8386,4.62378640776699,0.0,15e,Over-covered
2025-12-23,17,2335,4.859340659340659,0.0,17e,Over-covered
2025-12-23,19,10276,4.6472727272727266,0.0,19e,Under-covered
2025-12-23,20,2397,4.639805825242719,0.0,20e,Over-covered
2025-12-24,1,1830,3.2348837209302324,0.0,1e,Over-covered
2025-12-24,3,7867,3.211904761904762,0.0,3e,Under-covered
2025-12-24,4,4794,3.1756097560975607,0.0,4e,Under-covered
2025-12-24,5,1964,3.317391304347826,0.0,5e,Under-covered
2025-12-24,7,6244,3.1596273291925465,0.0,7e,Under-covered
2025-12-24,8,2681,3.25632183908046,0.0,8e,Under-covered
2025-12-24,10,3446,3.1399999999999997,0.0,10e,Under-covered
2025-12-24,11,6350,3.1544554455445546,0.0,11e,Under-covered
2025-12-24,12,5875,3.1718654434250766,0.0,12e,Over-covered
2025-12-24,13,7043,3.220494699646643,0.0,13e,Over-covered
2025-12-24,14,3652,3.2084656084656085,0.0,14e,Over-covered
2025-12-24,15,4803,3.15631067961165,0.0,15e,Over-covered
2025-12-24,17,1343,3.1923076923076925,0.0,17e,Over-covered
2025-12-24,19,6740,3.1854545454545455,0.0,19e,Under-covered
2025-12-24,20,1577,3.1825242718446605,0.0,20e,Over-covered
2025-12-25,1,717,-0.041860465116279055,0.2,1e,Over-covered
2025-12-25,3,3786,-0.028571428571428553,0.2,3e,Under-covered
2025-12-25,4,1937,-0.01951219512195121,0.0,4e,Under-covered
2025-12-25,5,1014,-0.06956521739130435,0.2,5e,Under-covered
2025-12-25,7,2950,-0.0981366459627329,0.5,7e,Under-covered
2025-12-25,8,1456,-0.043678160919540215,0.30000000000000004,8e,Under-covered
2025-12-25,10,1711,-0.00999999999999999,0.0,10e,Under-covered
2025-12-25,11,2920,-0.013861386138613848,0.0,11e,Under-covered
2025-12-25,12,2873,-0.018348623853210996,0.2,12e,Over-covered
2025-12-25,13,3433,-0.0556338028169014,0.8,13e,Over-covered
2025-12-25,14,1643,-0.029629629629629617,0.2,14e,Over-covered
2025-12-25,15,2355,-0.027184466019417458,0.2,15e,Over-covered
2025-12-25,17,636,-0.0857142857142857,0.30000000000000004,17e,Over-covered
2025-12-25,19,3442,-0.02181818181818181,0.2,19e,Under-covered
2025-12-25,20,711,-0.021359223300970863,0.0,20e,Over-covered
2025-12-26,1,1655,-0.5395348837209302,0.0,1e,Over-covered
2025-12-26,3,7567,-0.5166666666666666,0.0,3e,Under-covered
2025-12-26,4,4520,-0.4829268292682927,0.0,4e,Under-covered
2025-12-26,5,1828,-0.6217391304347827,0.0,5e,Under-covered
2025-12-26,7,5595,-0.5857142857142857,0.0,7e,Under-covered
2025-12-26,8,2656,-0.5609195402298851,0.0,8e,Under-covered
2025-12-26,10,3442,-0.445,0.0,10e,Under-covered
2025-12-26,11,5972,-0.4603960396039604,0.0,11e,Under-covered
2025-12-26,12,5495,-0.47767584097859334,0.0,12e,Over-covered
2025-12-26,13,6414,-0.5665505226480836,0.0,13e,Over-covered
2025-12-26,14,3056,-0.5153439153439153,0.0,14e,Over-covered
2025-12-26,15,4156,-0.4800970873786408,0.0,15e,Over-covered
2025-12-26,17,1020,-0.5824175824175825,0.0,17e,Over-covered
2025-12-26,19,6244,-0.4909090909090909,0.0,19e,Under-covered
2025-12-26,20,1379,-0.49029126213592233,0.0,20e,Over-covered
2025-12-27,1,1181,0.09069767441860467,0.0,1e,Over-covered
2025-12-27,3,7715,0.10952380952380954,0.0,3e,Under-covered
2025-12-27,4,4492,0.13414634146341464,0.0,4e,Under-covered
2025-12-27,5,1926,0.026086956521739136,0.0,5e,Under-covered
2025-12-27,7,5585,0.018633540372670822,0.0,7e,Under-covered
2025-12-27,8,2622,0.07471264367816094,0.0,8e,Under-covered
2025-12-27,10,3697,0.165,0.0,10e,Under-covered
2025-12-27,11,5895,0.1524752475247525,0.0,11e,Under-covered
2025-12-27,12,4798,0.13914373088685017,0.0,12e,Over-covered
2025-12-27,13,5893,0.04906367041198503,0.0,13e,Over-covered
2025-12-27,14,2583,0.108994708994709,0.0,14e,Over-covered
2025-12-27,15,3738,0.13203883495145632,0.0,15e,Over-covered
2025-12-27,17,992,0.03186813186813187,0.0,17e,Over-covered
2025-12-27,19,6473,0.1290909090909091,0.0,19e,Under-covered
2025-12-27,20,1190,0.12815533980582525,0.0,20e,Over-covered
2025-12-28,1,1114,0.2255813953488372,0.0,1e,Over-covered
2025-12-28,3,6578,0.2571428571428572,0.0,3e,Under-covered
2025-12-28,4,3954,0.2902439024390244,0.0,4e,Under-covered
2025-12-28,5,1569,0.13043478260869562,0.0,5e,Under-covered
2025-12-28,7,4706,0.1391304347826087,0.0,7e,Under-covered
2025-12-28,8,2313,0.20574712643678159,0.0,8e,Under-covered
2025-12-28,10,3068,0.335,0.0,10e,Under-covered
2025-12-28,11,5100,0.31683168316831684,0.0,11e,Under-covered
2025-12-28,12,4003,0.2981651376146789,0.0,12e,Over-covered
2025-12-28,13,4801,0.20883392226148412,0.0,13e,Over-covered
2025-12-28,14,2338,0.25396825396825395,0.0,14e,Over-covered
2025-12-28,15,3279,0.2902912621359223,0.0,15e,Over-covered
2025-12-28,17,914,0.15274725274725276,0.0,17e,Over-covered
2025-12-28,19,5710,0.28424242424242424,0.0,19e,Under-covered
2025-12-28,20,1086,0.2815533980582524,0.0,20e,Over-covered
2025-12-29,1,2328,-0.7930232558139535,0.0,1e,Over-covered
2025-12-29,3,9718,-0.7833333333333333,0.0,3e,Under-covered
2025-12-29,4,5822,-0.7780487804878048,0.0,4e,Under-covered
2025-12-29,5,2557,-0.8434782608695651,0.0,5e,Under-covered
2025-12-29,7,8225,-0.7757763975155278,0.0,7e,Under-covered
2025-12-29,8,3901,-0.8103448275862069,0.0,8e,Under-covered
2025-12-29,10,4721,-0.735,0.0,10e,Under-covered
2025-12-29,11,8651,-0.7524752475247525,0.0,11e,Under-covered
2025-12-29,12,7669,-0.7636085626911314,0.0,12e,Over-covered
2025-12-29,13,9200,-0.8069930069930069,0.0,13e,Over-covered
2025-12-29,14,4574,-0.7962962962962963,0.0,14e,Over-covered
2025-12-29,15,5866,-0.7495145631067961,0.0,15e,Over-covered
2025-12-29,17,1604,-0.7835164835164835,0.0,17e,Over-covered
2025-12-29,19,8416,-0.7703030303030303,0.0,19e,Under-covered
2025-12-29,20,1875,-0.7864077669902912,0.0,20e,Over-covered
2025-12-30,1,2948,2.3976744186046512,0.0,1e,Over-covered
2025-12-30,3,11049,2.45,0.0,3e,Under-covered
2025-12-30,4,6791,2.4804878048780488,0.0,4e,Under-covered
2025-12-30,5,3010,2.3086956521739133,0.0,5e,Under-covered
2025-12-30,7,9701,2.2807453416149066,0.0,7e,Under-covered
2025-12-30,8,4407,2.401149425287356,0.0,8e,Under-covered
2025-12-30,10,5455,2.5,0.0,10e,Under-covered
2025-12-30,11,9775,2.492079207920792,0.0,11e,Under-covered
2025-12-30,12,8457,2.4798165137614676,0.0,12e,Over-covered
2025-12-30,13,9615,2.392932862190813,0.0,13e,Over-covered
2025-12-30,14,4777,2.4486772486772486,0.0,14e,Over-covered
2025-12-30,15,6852,2.4563106796116503,0.0,15e,Over-covered
2025-12-30,17,1759,2.3000000000000003,0.0,17e,Over-covered
2025-12-30,19,9368,2.4696969696969697,0.0,19e,Under-covered
2025-12-30,20,2108,2.4766990291262134,0.0,20e,Over-covered
2025-12-31,1,2462,0.03488372093023255,0.0,1e,Over-covered
2025-12-31,3,10085,0.04285714285714285,0.0,3e,Under-covered
2025-12-31,4,5887,0.053658536585365846,0.0,4e,Under-covered
2025-12-31,5,2639,-4.827056628805028e-18,0.0,5e,Under-covered
2025-12-31,7,9342,0.004347826086956513,0.0,7e,Under-covered
2025-12-31,8,3603,0.024137931034482755,0.0,8e,Under-covered
2025-12-31,10,4864,0.07499999999999998,0.0,10e,Under-covered
2025-12-31,11,8644,0.06633663366336633,0.0,11e,Under-covered
2025-12-31,12,7045,0.05871559633027522,0.0,12e,Over-covered
2025-12-31,13,8617,0.022887323943661973,0.0,13e,Over-covered
2025-12-31,14,4125,0.040211640211640205,0.0,14e,Over-covered
2025-12-31,15,5842,0.05825242718446601,0.0,15e,Over-covered
2025-12-31,17,1186,0.009890109890109881,0.0,17e,Over-covered
2025-12-31,19,7926,0.05333333333333333,0.0,19e,Under-covered
2025-12-31,20,1846,0.04951456310679611,0.0,20e,Over-covered
2026-01-01,1,1349,0.641860465116279,0.0,1e,Over-covered
2026-01-01,3,6137,0.6714285714285714,0.0,3e,Under-covered
2026-01-01,4,3039,0.7365853658536585,0.0,4e,Under-covered
2026-01-01,5,1670,0.4869565217391304,0.0,5e,Under-covered
2026-01-01,7,5544,0.6285714285714286,0.0,7e,Under-covered
2026-01-01,8,2357,0.5885057471264368,0.0,8e,Under-covered
2026-01-01,10,2946,0.82,0.0,10e,Under-covered
2026-01-01,11,5100,0.7861386138613862,0.0,11e,Under-covered
2026-01-01,12,3759,0.7504587155963303,0.0,12e,Over-covered
2026-01-01,13,5092,0.6034843205574912,0.0,13e,Over-covered
2026-01-01,14,2293,0.674074074074074,0.0,14e,Over-covered
2026-01-01,15,3218,0.7631067961165048,0.0,15e,Over-covered
2026-01-01,17,1015,0.6153846153846154,0.0,17e,Over-covered
2026-01-01,19,5274,0.7236363636363636,0.0,19e,Under-covered
2026-01-01,20,1118,0.7203883495145631,0.0,20e,Over-covered
2026-01-02,1,1976,2.0186046511627906,11.600000000000001,1e,Over-covered
2026-01-02,3,8919,1.9904761904761903,11.600000000000001,3e,Under-covered
2026-01-02,4,5003,1.9780487804878046,11.600000000000001,4e,Under-covered
2026-01-02,5,2174,2.0652173913043477,5.800000000000001,5e,Under-covered
2026-01-02,7,6507,1.9322981366459628,20.3,7e,Under-covered
2026-01-02,8,2991,2.0160919540229885,11.600000000000001,8e,Under-covered
2026-01-02,10,4537,1.9649999999999999,5.8,10e,Under-covered
2026-01-02,11,7805,1.9702970297029703,14.5,11e,Under-covered
2026-01-02,12,6233,1.976452599388379,46.400000000000006,12e,Over-covered
2026-01-02,13,7421,1.9954545454545456,37.7,13e,Over-covered
2026-01-02,14,3740,1.994179894179894,26.1,14e,Over-covered
2026-01-02,15,5003,1.9645631067961165,29.0,15e,Over-covered
2026-01-02,17,1294,1.9648351648351647,11.600000000000001,17e,Over-covered
2026-01-02,19,7876,1.981212121212121,23.200000000000003,19e,Under-covered
2026-01-02,20,1697,1.9805825242718447,14.5,20e,Over-covered
2026-01-03,1,1867,0.10930232558139531,0.0,1e,Over-covered
2026-01-03,3,10270,0.14999999999999997,0.0,3e,Under-covered
2026-01-03,4,5992,0.19024390243902436,0.0,4e,Under-covered
2026-01-03,5,2441,-0.004347826086956555,0.0,5e,Under-covered
2026-01-03,7,6880,-0.007453416149068354,0.0,7e,Under-covered
2026-01-03,8,2994,0.08850574712643676,0.0,8e,Under-covered
2026-01-03,10,5302,0.24,0.0,10e,Under-covered
2026-01-03,11,8583,0.21980198019801975,0.0,11e,Under-covered
2026-01-03,12,6017,0.19816513761467885,0.0,12e,Over-covered
2026-01-03,13,7241,0.08551236749116604,0.0,13e,Over-covered
2026-01-03,14,3268,0.14708994708994705,0.0,14e,Over-covered
2026-01-03,15,4679,0.18495145631067958,0.0,15e,Over-covered
2026-01-03,17,1184,0.012087912087912055,0.0,17e,Over-covered
2026-01-03,19,8288,0.18181818181818177,0.0,19e,Under-covered
2026-01-03,20,1515,0.18058252427184465,0.0,20e,Over-covered
2026-01-04,1,2242,-0.9046511627906977,0.0,1e,Over-covered
2026-01-04,3,9228,-0.8785714285714286,0.0,3e,Under-covered
2026-01-04,4,5234,-0.8707317073170731,0.0,4e,Under-covered
2026-01-04,5,2477,-0.9434782608695652,0.0,5e,Under-covered
2026-01-04,7,6742,-0.9453416149068322,0.0,7e,Under-covered
2026-01-04,8,3119,-0.9,0.0,8e,Under-covered
2026-01-04,10,4558,-0.86,0.0,10e,Under-covered
2026-01-04,11,7769,-0.8643564356435643,0.0,11e,Under-covered
2026-01-04,12,5978,-0.8688073394495411,0.0,12e,Over-covered
2026-01-04,13,6911,-0.9024734982332155,0.0,13e,Over-covered
2026-01-04,14,3383,-0.8835978835978836,0.0,14e,Over-covered
2026-01-04,15,5470,-0.8766990291262136,0.0,15e,Over-covered
2026-01-04,17,1190,-0.9395604395604396,0.0,17e,Over-covered
2026-01-04,19,8232,-0.8721212121212122,0.0,19e,Under-covered
2026-01-04,20,1627,-0.8728155339805824,0.0,20e,Over-covered
2026-01-05,1,4000,-1.9069767441860466,14.8,1e,Over-covered
2026-01-05,3,9688,-1.907142857142857,14.8,3e,Under-covered
2026-01-05,4,5401,-1.9000000000000001,14.8,4e,Under-covered
2026-01-05,5,3028,-1.9304347826086956,7.4,5e,Under-covered
2026-01-05,7,10131,-1.9776397515527948,25.900000000000002,7e,Under-covered
2026-01-05,8,3991,-1.9195402298850575,14.8,8e,Under-covered
2026-01-05,10,4133,-1.8800000000000001,7.4,10e,Under-covered
2026-01-05,11,8863,-1.888118811881188,18.5,11e,Under-covered
2026-01-05,12,9110,-1.8944954128440368,59.2,12e,Over-covered
2026-01-05,13,10166,-1.931095406360424,48.1,13e,Over-covered
2026-01-05,14,6054,-1.9095238095238096,33.300000000000004,14e,Over-covered
2026-01-05,15,8708,-1.9,37.0,15e,Over-covered
2026-01-05,17,1861,-1.9582417582417584,14.8,17e,Over-covered
2026-01-05,19,8608,-1.898787878787879,29.6,19e,Under-covered
2026-01-05,20,2015,-1.903883495145631,18.5,20e,Over-covered
2026-01-06,1,1736,-2.4465116279069767,0.0,1e,Over-covered
2026-01-06,3,7983,-2.469047619047619,0.0,3e,Under-covered
2026-01-06,4,5105,-2.504878048780488,0.0,4e,Under-covered
2026-01-06,5,2455,-2.373913043478261,0.0,5e,Under-covered
2026-01-06,7,8154,-2.386335403726708,0.0,7e,Under-covered
2026-01-06,8,2436,-2.4298850574712643,0.0,8e,Under-covered
2026-01-06,10,3408,-2.5300000000000002,0.0,10e,Under-covered
2026-01-06,11,4108,-2.51980198019802,0.0,11e,Under-covered
2026-01-06,12,4084,-2.504892966360856,0.0,12e,Over-covered
2026-01-06,13,4581,-2.4335689045936397,0.0,13e,Over-covered
2026-01-06,14,2703,-2.4756613756613755,0.0,14e,Over-covered
2026-01-06,15,5463,-2.496116504854369,0.0,15e,Over-covered
2026-01-06,17,843,-2.3934065934065933,0.0,17e,Over-covered
2026-01-06,19,6085,-2.4927272727272727,0.0,19e,Under-covered
2026-01-06,20,835,-2.5,0.0,20e,Over-covered
2026-01-07,1,886,0.20930232558139536,18.4,1e,Over-covered
2026-01-07,3,4809,0.2619047619047619,18.4,3e,Under-covered
2026-01-07,4,2585,0.2926829268292683,18.4,4e,Under-covered
2026-01-07,5,1180,0.10869565217391304,9.2,5e,Under-covered
2026-01-07,7,3988,0.2267080745341615,32.199999999999996,7e,Under-covered
2026-01-07,8,1378,0.20689655172413793,18.4,8e,Under-covered
2026-01-07,10,2062,0.325,9.2,10e,Under-covered
2026-01-07,11,1154,0.3118811881188119,23.0,11e,Under-covered
2026-01-07,12,1702,0.2966360856269113,73.6,12e,Over-covered
2026-01-07,13,1722,0.23074204946996466,59.8,13e,Over-covered
2026-01-07,14,1398,0.2566137566137566,41.4,14e,Over-covered
2026-01-07,15,3274,0.2980582524271845,46.0,15e,Over-covered
2026-01-07,17,557,0.2065934065934066,18.4,17e,Over-covered
2026-01-07,19,3951,0.28484848484848485,36.8,19e,Under-covered
2026-01-07,20,279,0.28640776699029125,23.0,20e,Over-covered
2026-01-08,1,3990,5.72093023255814,35.0,1e,Over-covered
2026-01-08,3,13326,5.7976190476190474,35.0,3e,Under-covered
2026-01-08,4,7122,5.870731707317073,35.0,4e,Under-covered
2026-01-08,5,3684,5.517391304347826,17.6,5e,Under-covered
2026-01-08,7,13146,5.740372670807454,62.0,7e,Under-covered
2026-01-08,8,5277,5.687356321839081,35.1,8e,Under-covered
2026-01-08,10,6444,5.955,17.4,10e,Under-covered
2026-01-08,11,11745,5.920792079207921,43.6,11e,Under-covered
2026-01-08,12,9065,5.882874617737003,139.7,12e,Over-covered
2026-01-08,13,10698,5.734275618374558,114.3,13e,Over-covered
2026-01-08,14,6169,5.7936507936507935,78.9,14e,Over-covered
2026-01-08,15,9900,5.892718446601942,87.3,15e,Over-covered
2026-01-08,17,2758,5.707692307692308,35.3,17e,Over-covered
2026-01-08,19,10634,5.8539393939393936,69.9,19e,Under-covered
2026-01-08,20,1992,5.854368932038835,43.8,20e,Over-covered
2026-01-09,1,3476,5.716279069767442,15.8,1e,Over-covered
2026-01-09,3,13364,5.633333333333333,15.6,3e,Under-covered
2026-01-09,4,7209,5.565853658536585,15.6,4e,Under-covered
2026-01-09,5,3698,5.886956521739131,8.2,5e,Under-covered
2026-01-09,7,11362,5.737267080745342,28.3,7e,Under-covered
2026-01-09,8,4746,5.726436781609196,15.9,8e,Under-covered
2026-01-09,10,6634,5.5200000000000005,7.6000000000000005,10e,Under-covered
2026-01-09,11,12808,5.538613861386138,19.2,11e,Under-covered
2026-01-09,12,10256,5.566360856269113,61.800000000000004,12e,Over-covered
2026-01-09,13,12020,5.693992932862191,51.7,13e,Over-covered
2026-01-09,14,6933,5.62962962962963,35.5,14e,Over-covered
2026-01-09,15,9006,5.575242718446602,38.5,15e,Over-covered
2026-01-09,17,2265,5.758241758241758,16.1,17e,Over-covered
2026-01-09,19,10665,5.58909090909091,31.0,19e,Under-covered
2026-01-09,20,2610,5.574757281553398,19.6,20e,Over-covered
2026-01-10,1,2309,3.237209302325581,1.8,1e,Over-covered
2026-01-10,3,14242,3.2261904761904763,1.8,3e,Under-covered
2026-01-10,4,7846,3.2121951219512193,1.8,4e,Under-covered
2026-01-10,5,3638,3.2652173913043474,1.4,5e,Under-covered
2026-01-10,7,9519,3.203105590062112,4.4,7e,Under-covered
2026-01-10,8,3741,3.2413793103448274,2.3,8e,Under-covered
2026-01-10,10,7352,3.2049999999999996,0.4,10e,Under-covered
2026-01-10,11,12537,3.207920792079208,1.5,11e,Under-covered
2026-01-10,12,8483,3.2131498470948014,5.7,12e,Over-covered
2026-01-10,13,10029,3.2268551236749117,7.6,13e,Over-covered
2026-01-10,14,4917,3.2232804232804235,4.8,14e,Over-covered
2026-01-10,15,7311,3.20873786407767,3.0,15e,Over-covered
2026-01-10,17,1666,3.2175824175824177,2.3,17e,Over-covered
2026-01-10,19,10611,3.2175757575757573,3.1,19e,Under-covered
2026-01-10,20,2196,3.2135922330097086,2.5,20e,Over-covered
2026-01-11,1,2320,1.9860465116279071,0.0,1e,Over-covered
2026-01-11,3,11391,1.9904761904761903,0.0,3e,Under-covered
2026-01-11,4,6156,2.0097560975609756,0.0,4e,Under-covered
2026-01-11,5,2916,1.9391304347826088,0.0,5e,Under-covered
2026-01-11,7,8252,2.036645962732919,0.5,7e,Under-covered
2026-01-11,8,3314,1.9655172413793103,0.0,8e,Under-covered
2026-01-11,10,5915,2.04,0.0,10e,Under-covered
2026-01-11,11,9466,2.0277227722772277,0.0,11e,Under-covered
2026-01-11,12,7022,2.015902140672783,0.0,12e,Over-covered
2026-01-11,13,8129,1.9872791519434627,0.2,13e,Over-covered
2026-01-11,14,4225,1.9904761904761905,0.0,14e,Over-covered
2026-01-11,15,5996,2.030582524271845,0.1,15e,Over-covered
2026-01-11,17,1518,2.0175824175824175,0.2,17e,Over-covered
2026-01-11,19,9455,2.0072727272727273,0.0,19e,Under-covered
2026-01-11,20,1963,2.0038834951456312,0.0,20e,Over-covered
2026-01-12,1,7029,9.18139534883721,27.0,1e,Over-covered
2026-01-12,3,17559,9.30952380952381,25.6,3e,Under-covered
2026-01-12,4,9492,9.434146341463414,25.6,4e,Under-covered
2026-01-12,5,4949,8.860869565217392,14.2,5e,Under-covered
2026-01-12,7,17043,9.036024844720497,50.3,7e,Under-covered
2026-01-12,8,8109,9.135632183908045,26.3,8e,Under-covered
2026-01-12,10,8374,9.55,12.8,10e,Under-covered
2026-01-12,11,17247,9.502970297029702,32.0,11e,Under-covered
2026-01-12,12,15146,9.444648318042814,102.4,12e,Over-covered
2026-01-12,13,18389,9.17173144876325,86.1,13e,Over-covered
2026-01-12,14,10323,9.312169312169312,58.3,14e,Over-covered
2026-01-12,15,14777,9.4252427184466,65.1,15e,Over-covered
2026-01-12,17,3359,9.032967032967033,28.5,17e,Over-covered
2026-01-12,19,15336,9.398787878787878,51.2,19e,Under-covered
2026-01-12,20,3656,9.411650485436892,32.0,20e,Over-covered
2026-01-13,1,10123,9.741860465116279,1.2,1e,Over-covered
2026-01-13,3,22904,9.745238095238095,1.0,3e,Under-covered
2026-01-13,4,12654,9.739024390243904,0.0,4e,Under-covered
2026-01-13,5,6717,9.73913043478261,1.2,5e,Under-covered
2026-01-13,7,8861,9.744099378881987,3.0,7e,Under-covered
2026-01-13,8,14361,9.74367816091954,1.6,8e,Under-covered
2026-01-13,10,10629,9.745000000000001,0.0,10e,Under-covered
2026-01-13,11,21285,9.742574257425742,0.0,11e,Under-covered
2026-01-13,12,18526,9.742813455657492,1.0,12e,Over-covered
2026-01-13,13,21851,9.743109540636043,4.3,13e,Over-covered
2026-01-13,14,12465,9.739153439153439,1.1,14e,Over-covered
2026-01-13,15,16850,9.745145631067961,1.1,15e,Over-covered
2026-01-13,17,4337,9.743956043956045,1.7999999999999998,17e,Over-covered
2026-01-13,19,18773,9.743636363636364,1.0,19e,Under-covered
2026-01-13,20,4314,9.737864077669903,0.0,20e,Over-covered
2026-01-14,1,8065,9.720930232558139,4.4,1e,Over-covered
2026-01-14,3,22086,9.735714285714286,4.4,3e,Under-covered
2026-01-14,4,12305,9.74390243902439,4.4,4e,Under-covered
2026-01-14,5,6223,9.68695652173913,2.2,5e,Under-covered
2026-01-14,7,20519,9.677018633540373,7.7,7e,Under-covered
2026-01-14,8,9683,9.717241379310344,4.4,8e,Under-covered
2026-01-14,10,10704,9.76,2.2,10e,Under-covered
2026-01-14,11,20358,9.753465346534654,5.5,11e,Under-covered
2026-01-14,12,16962,9.747706422018348,17.6,12e,Over-covered
2026-01-14,13,20381,9.713427561837456,14.3,13e,Over-covered
2026-01-14,14,11398,9.731746031746031,9.9,14e,Over-covered
2026-01-14,15,15491,9.742718446601941,11.0,15e,Over-covered
2026-01-14,17,4050,9.685714285714285,4.4,17e,Over-covered
2026-01-14,19,17171,9.743636363636364,8.8,19e,Under-covered
2026-01-14,20,4014,9.740776699029126,5.5,20e,Over-covered
2026-01-15,1,8510,10.231818181818182,3.0,1e,Over-covered
2026-01-15,3,23567,10.264285714285714,2.8000000000000003,3e,Under-covered
2026-01-15,4,13041,10.28048780487805,2.8000000000000003,4e,Under-covered
2026-01-15,5,6600,10.178260869565218,1.4000000000000001,5e,Under-covered
2026-01-15,7,20923,10.209489051094891,4.6000000000000005,7e,Under-covered
2026-01-15,8,10306,10.23448275862069,2.8000000000000003,8e,Under-covered
2026-01-15,10,11142,10.295,1.4000000000000001,10e,Under-covered
2026-01-15,11,21268,10.28910891089109,3.5,11e,Under-covered
2026-01-15,12,18195,10.280664652567976,11.600000000000001,12e,Over-covered
2026-01-15,13,21419,10.238194444444444,9.8,13e,Over-covered
2026-01-15,14,12096,10.260416666666666,6.6000000000000005,14e,Over-covered
2026-01-15,15,14956,10.27089947089947,6.6000000000000005,15e,Over-covered
2026-01-15,17,4243,10.204395604395605,3.0,17e,Over-covered
2026-01-15,19,13020,10.264341085271317,4.4,19e,Under-covered
2026-01-15,20,4203,10.276190476190477,3.7,20e,Over-covered
2026-01-16,1,6862,8.909302325581395,4.6000000000000005,1e,Over-covered
2026-01-16,3,21035,8.878571428571428,4.6000000000000005,3e,Under-covered
2026-01-16,4,11473,8.856097560975611,4.6000000000000005,4e,Under-covered
2026-01-16,5,5827,8.969565217391304,2.4,5e,Under-covered
2026-01-16,7,17815,8.895620437956204,8.3,7e,Under-covered
2026-01-16,8,8738,8.911494252873563,4.7,8e,Under-covered
2026-01-16,10,10253,8.84,2.2,10e,Under-covered
2026-01-16,11,19577,8.846534653465346,5.6,11e,Under-covered
2026-01-16,12,15488,8.890560471976402,18.5,12e,Over-covered
2026-01-16,13,18508,8.934693877551021,16.1,13e,Over-covered
2026-01-16,14,10148,8.908247422680413,10.5,14e,Over-covered
2026-01-16,15,14545,8.881516587677725,11.700000000000001,15e,Over-covered
2026-01-16,17,3517,8.910989010989011,5.3,17e,Over-covered
2026-01-16,19,16165,8.873333333333333,9.1,19e,Under-covered
2026-01-16,20,4018,8.912844036697248,6.0,20e,Over-covered
2026-01-17,1,4053,8.367441860465117,5.4,1e,Over-covered
2026-01-17,3,18896,8.395238095238096,5.2,3e,Under-covered
2026-01-17,4,10628,8.434146341463414,5.2,4e,Under-covered
2026-01-17,5,4611,8.28695652173913,2.8000000000000003,5e,Under-covered
2026-01-17,7,14137,8.325547445255474,8.200000000000001,7e,Under-covered
2026-01-17,8,5911,8.351724137931035,5.300000000000001,8e,Under-covered
2026-01-17,10,9847,8.459999999999999,2.6,10e,Under-covered
2026-01-17,11,16290,8.449504950495049,6.5,11e,Under-covered
2026-01-17,12,10890,8.433639143730888,20.8,12e,Over-covered
2026-01-17,13,13484,8.359717314487634,17.2,13e,Over-covered
2026-01-17,14,6525,8.402116402116402,11.8,14e,Over-covered
2026-01-17,15,9606,8.425728155339806,13.100000000000001,15e,Over-covered
2026-01-17,17,2524,8.320879120879122,5.5,17e,Over-covered
2026-01-17,19,13545,8.420606060606062,10.4,19e,Under-covered
2026-01-17,20,2846,8.429126213592234,6.5,20e,Over-covered
2026-01-18,1,3699,7.609302325581395,0.0,1e,Over-covered
2026-01-18,3,14276,7.614285714285715,0.0,3e,Under-covered
2026-01-18,4,8600,7.585365853658536,0.0,4e,Under-covered
2026-01-18,5,4115,7.647826086956522,0.0,5e,Under-covered
2026-01-18,7,11161,7.628571428571429,0.0,7e,Under-covered
2026-01-18,8,5145,7.63448275862069,0.0,8e,Under-covered
2026-01-18,10,7609,7.565,0.0,10e,Under-covered
2026-01-18,11,12260,7.573267326732673,0.0,11e,Under-covered
2026-01-18,12,9499,7.585321100917431,0.0,12e,Over-covered
2026-01-18,13,10758,7.628113879003559,0.0,13e,Over-covered
2026-01-18,14,5372,7.603703703703704,0.0,14e,Over-covered
2026-01-18,15,8203,7.584390243902439,0.0,15e,Over-covered
2026-01-18,17,1995,7.629213483146067,0.0,17e,Over-covered
2026-01-18,19,11776,7.595151515151516,0.0,19e,Under-covered
2026-01-18,20,2285,7.589320388349515,0.0,20e,Over-covered
